:1000000000010000000000006F2C010000810100D1
:10001000407102008F4100007BD4DE0E7A621292A2
:1000200000000000C01219340000000000000000B1
:10003000708F020000000000309F01006134B4D4D2
:10004000707B020000000000308B0100DFD4CD592E
:10005000709902000000000030A90100DFD4CD59E2
:100060000000000000000000000000000000000090
:100070000000000000000000000000000000000080
:100080000000000000000000000000000000000070
:100090000000000000000000000000000000000060
:1000A0000000000000000000000000000000000050
:1000B0000000000000000000000000000000000040
:1000C0000000000000000000000000000000000030
:1000D0000000000000000000000000000000000020
:1000E0000000000000000000000000000000000010
:1000F00040700200FF000000000000006AF620F0DF
:10010000480001EA400000094000000940000009E1
:100110003AFFBFFC3A0FA83C4400000148000190A0
:100120003AFFBFFC3A0FA83C440000024800018897
:100130003AFFBFFC3A0FA83C44000003480001808E
:100140003AFFBFFC3A0FA83C440000044800017885
:100150003AFFBFFC3A0FA83C44000005480001707C
:100160003AFFBFFC3A0FA83C440000064800016873
:100170003AFFBFFC3A0FA83C44000007480001606A
:10018000480000004000000940000009400000094C
:100190003AFFBCBC3A0F943C440000004800017197
:1001A0003AFFBCBC3A0F943C440000014800017483
:1001B0003AFFBCBC3A0F943C440000024800016C7A
:1001C0003AFFBCBC3A0F943C44000003480001597C
:1001D0003AFFBCBC3A0F943C440000044800015C68
:1001E0003AFFBCBC3A0F943C44000005480001496A
:1001F0003AFFBCBC3A0F943C440000064800014161
:100200003AFFBCBC3A0F943C440000074800013957
:100210003AFFBCBC3A0F943C44000008480001314E
:100220003AFFBCBC3A0F943C440000094800012945
:100230003AFFBCBC3A0F943C4400000A480001213C
:100240003AFFBCBC3A0F943C4400000B4800011933
:100250003AFFBCBC3A0F943C4400000C480001112A
:100260003AFFBCBC3A0F943C4400000D4800010921
:100270003AFFBCBC3A0F943C4400000E4800010118
:100280003AFFBCBC3A0F943C4400000F4800010404
:100290003AFFBCBC3A0F943C44000010480000FCFC
:1002A0003AFFBCBC3A0F943C44000011480000E9FE
:1002B0003AFFBCBC3A0F943C44000012480000E1F5
:1002C0003AFFBCBC3A0F943C44000013480000D9EC
:1002D0003AFFBCBC3A0F943C44000014480000DCD8
:1002E0003AFFBCBC3A0F943C44000015480000D4CF
:1002F0003AFFBCBC3A0F943C44000016480000C1D1
:100300003AFFBCBC3A0F943C44000017480000B9C7
:100310003AFFBCBC3A0F943C44000018480000B1BE
:100320003AFFBCBC3A0F943C44000019480000A9B5
:100330003AFFBCBC3A0F943C4400001A480000A1AC
:100340003AFFBCBC3A0F943C4400001B48000099A3
:100350003AFFBCBC3A0F943C4400001C480000919A
:100360003AFFBCBC3A0F943C4400001D4800008991
:100370003AFFBCBC3A0F943C4400001E4800008188
:100380003AFFBCBC3A0F943C4400001F480000797F
:10039000EA220100EA22010098230100F829010065
:1003A000F8290100F8290100F8290100F8290100C5
:1003B000F8290100F829010000000000342501009F
:1003C0003C25010048250100D42501001426010028
:1003D000BC2601003A270100642701006C270100B8
:1003E000742701007C270100842701009E2701005B
:1003F000A6270100BA270100D427010042280100E6
:100400004E2801009E280100A6280100CC280100EA
:10041000E6280100002901002A29010074290100B1
:10042000A6290100AE290100B0290100B829010068
:10043000BA290100E8290100F02901006412A40290
:10044000642204023A1F883C803F442002983821ED
:100450000202643200029ED964320003DD2264028B
:100460000043640000083A1F88046412A403642255
:1004700004033A0FA8043AFFBFC4640000044420F8
:1004800002BC38210202DD223A0F94043AFFBC84F8
:10049000640000046412A402642204023A1F883C2F
:1004A000442002BC38210202643200029ED9643228
:1004B0000003DD2264020043640000083A1F880440
:1004C0006412A403642204033A0F94043AFFBC8428
:1004D000640000044FF2001D3A0FA83C3AFFBFFC35
:1004E00045D2C5A8801F64126402965F9E49C1056B
:1004F0003CFD4F3A480000043CFD4F3BE809DD2F2E
:10050000C8073AFFBFC43A0FA8046400000464029D
:100510002402441F3FFFFE0E5800400064022403E3
:100520006400000845D2C5A845F3000044F122B696
:100530004EF20003DD2F3CFD4F3CDD2F640FFFEA40
:100540003C0FFBE1DD9E3C0FFBE0DD9EFC00C008A4
:100550005A08010B4900340A3C0FFBE3D50549005A
:1005600034023C0FFBE2FC808020E6293C0DFBE3DB
:10057000E82544F004803817840040F0BC00DD0F0B
:100580000A3C10161C22282E34003C0DFBE2DD9E96
:1005900050000050DD9E500000A0DD9E500000F095
:1005A000DD9E50000140DD9E500001E0DD9E5000C8
:1005B0000280DD9E50000320DD9E8400DD9E9200BF
:1005C000FC208440E241E829A0C138518901D223AE
:1005D000A10594D2956A99A38885A7B2A7E2E2C73C
:1005E000E802AFA2A10599A38885A7B3A7E3E2E635
:1005F000E802AFA3A10538620C008885A7E0E2C736
:10060000E802AFA0A105886488A4A6D9A729E2833F
:10061000E802AEE98C41D5D7FCA0FC4051FFFDC8F3
:1006200080E280C13C2DFBE33C1DFBE2F081812395
:1006300081444900336B3C1DFBE0A60AA64B4900F0
:1006400033895CF381008007E903440000FF9601D1
:100650004900339384E03C1DFBE100008010E2E0A0
:10066000E810800738109C00490033943C0DFBE1F2
:100670009847800700108008490033B48CE1D5EC1E
:1006800084004900337E49003354840149003379A2
:100690004900334F5AA801078402490033724900C8
:1006A00033482E0002A45A00011484034900336920
:1006B0004900333F4900335D8020100480008006EC
:1006C00049FFFF802E0002A45A080157D522048357
:1006D000000104A30006A177043300088400B1D60A
:1006E000B13E50FF819838240101B0423820810981
:1006F000382502023823820A382282023822020A6E
:10070000382182023827820A8C015A0828EED5CE79
:1007100000248000E642E9308006F101490040757E
:10072000C02B04830001A1F6A13704130008840044
:1007300050AF8058B17E503F8198B082382101017E
:1007400038240109382502023823820A382282021D
:100750003822020A382182023820820A8C015A0883
:1007600028EE84034900330D490032E3800600146B
:10077000800049FFFF2751FF8238FCC03C0FFC8AF4
:10078000DD9E3C0FFC89DD9EFC4020600000225174
:10079000000022718000CE0A8AA74E57000484A16F
:1007A000D503C52584BFAF40D52240929C014E673A
:1007B00000114E94000484BFD50FDFF25EF3006594
:1007C000E8038CC1D51384A0AF4022010000D507F7
:1007D0004E97000884A1AF4022018000AC20D507CD
:1007E000DFE25EF37F9CE9F08EC1AF8020008000E5
:1007F0002251000122618001C8098AA64E570004D7
:100800008401D523C523841FD5209BEE4E070011FC
:100810004E740004841FD50FDEF45EF00065E8031B
:100820008C01D5138400AE0822010001D5074E7754
:1008300000088401AE0822018001AC21D507DEE466
:100840005EF07F9CE9F08E01AE08FCC0FC4480E1C4
:10085000F282F38380C45A50010D441000DC8040C2
:10086000422204738022B442847DFED65A38014B62
:10087000441000DC420304734422B78C842010101F
:1008800000178400380119094422B7802233800000
:10089000380118084402B774224380013810180840
:1008A0004452B68494328420988D50108030383170
:1008B00000098840AD115A18F0F94412B6542223A9
:1008C000800138309A098820AC894422B6488420B7
:1008D000381118084422B63C381118084412B60CD6
:1008E000844038209A098820AC8922238000441251
:1008F000B5DC880138209A0922238001AC814800A8
:1009000002BA5A2802678440102080174412B78C1C
:100910008400380091094412B780380090084402DE
:10092000B77438101000E624E8058C213810100840
:10093000D50338201008382018008066840C221354
:100940008000423100734482B684941A38140E0930
:1009500088082213800140A308084492B5DC405562
:100960002400AC414442B6544402B6484412B63C5A
:100970008065880688268047888AF58149FFFF06BA
:10098000F5012223800038149A014442B60C9A5192
:1009900022338001A429964B38121A099A18888AA2
:1009A0009603AC218088C10A38249A092203800169
:1009B000892A120480014800025EC8F7986050003E
:1009C00000303820A809882AACC95A08F0F9D5EDBA
:1009D0005A2004044800024F4402B7803820100017
:1009E0005CF100C8E8048C41382010083800180079
:1009F0005A000104480001D44402B774846038905E
:100A00001800844450048001F0845004FFFC80A34B
:100A100083C38143F08552F10004E12FE903F4051B
:100A2000D502F4048882850C8006420220738080FF
:100A30004402B68438F0121144012AFC9522388011
:100A4000081044012AF442A7A073380008108E4110
:100A5000F08143E780734402B6848880F00122422B
:100A6000000142522073423200735A2FFFD6844A4B
:100A7000801EFA98FE144205107344A2B60C4480FE
:100A800002BC38951A114000201688098522FED430
:100A90004023240C8942423290734081A1162235B2
:100AA00000014442B57C89034034247638321A0A66
:100AB0004442B65422F0800638521A11888240A768
:100AC0009401228080072252000145E2B5AC40002B
:100AD000241640541401380F1A0A3CAFFBF43C5F53
:100AE000FBF34442B5DC15EF80014E04000E5EF7C7
:100AF000800AE8185EF57FF6E81538921A118540ED
:100B000040952407D510C00C5EF7842EE90BE54B09
:100B1000E90938F21A115EF78437E804D504812018
:100B2000D50285204E34000EE50AE81B5EF2FFF682
:100B3000E818996285402252800140A51407D51219
:100B4000C30E5EF4091AE90DE4ABE90B9962854224
:100B500022F280015EF78923E905D5038143D5029E
:100B600085405A98010538821A11D50C5A98020707
:100B700038821A1152840437D5054687FFFF508406
:100B80000FFF5AA80106884423E10001D50D5AA899
:100B90000208884423E1000153EF0923D50547E704
:100BA000FFFF51EF0FFF4E04001038521A114E573D
:100BB000001E44200064FEACFF424051145685E004
:100BC00040F78806D510C01238221A115EF104379A
:100BD000E80D5251043744200064FEAC405101F648
:100BE0008440E24F4022BC00D5054627FFFF50213C
:100BF0000FFF95724E3400128885225200014E5725
:100C0000001F44400064FF2CFF5A404215F684A0A8
:100C1000E2AF40523C00D517C31288852252000132
:100C20005EF28923E80C4440006452528923FF6439
:100C300040528DF68480E28F88AFD5054657FFFF7E
:100C400050528FFFE045E9058045811E84A1D50201
:100C500084A000408010E682E80444F0010ED50331
:100C600044F0021CE04F4442B78CE9514E9300041B
:100C70004EA200515EF101F5E94A85E540A43DF63A
:100C80008520E32F40453C0044A0006442A4282472
:100C900040A51116E328894F4492B57CCD1B4E0424
:100CA0000004841FD5028401FF044402B5AC38401F
:100CB0001A0A841F4E3500038401420028248482CE
:100CC00040001016420188734000281638049A0A22
:100CD000D5194E340004847FD5028461FF1C38444A
:100CE0009A0A847F4E05000384614231A8248482DD
:100CF0004031907642300873F0014031A8763830A8
:100D00001A0A4402B78C38A01909D54938221909A2
:100D1000D5464E040003FE024E340003FEDA88601E
:100D20003C0DFC8AA001E203E83A2E07ED91C033A6
:100D30002E5002915A580128440000FA380219092D
:100D40004402B5688480E46A4422B78C38401808AD
:100D5000E80744300186383119098443D508E47422
:100D6000E8094430017238311909844238201808E2
:100D7000D516E47EE8144430015E38311909385044
:100D80001808D50DE47EE904440000FAD5064400B5
:100D9000012CD50344000096380219090040801642
:100DA0004452B78C5432000494324492B5DC44224D
:100DB000B5ACCB15383299015CF18097E93844A283
:100DC000B7803885180004AF80038F414C850056EA
:100DD00044A2B56838F51800E950D52938A2990120
:100DE0008460103080174EA2002338311A0238F484
:100DF0009A014480006442350C244031A076886F0B
:100E000038349A094432B57C880938319A02029004
:100E1000000142350C244031A0768869ACC18400C1
:100E20003802990958020002100080164402B77473
:100E300038101800E624E8038C21D50284203810ED
:100E400018083840180080A6840C22338000441211
:100E5000B68442520073942A8801383096092233AE
:100E600080014412B57CACC138109A1138011A11B6
:100E7000D51E84208001D51B38A49A0138811A021E
:100E80008809894838A49A094492B57C5031FF9C5E
:100E900038A49A020290000138329909892A1290E6
:100EA00000015802000210008016D5C14422B5DCB2
:100EB000F40238311A1195B288C24010C0082223BA
:100EC00000019601FE0FACE0ACA1FCC4FC424492D0
:100ED000B7A4B61FF18180C084E081493C0DFC8934
:100EE00000000009E2E0E82B38049E0240838808F5
:100EF000C00484A05A080506B4A684004050140615
:100F0000B406C0175A000516A434B042120F80046C
:100F1000A4358041120F8005F301B41F808749FF7B
:100F2000FC97F083020F8004AC34020F8005AC35CF
:100F30000C0300373805200A8CE1D5D1FCC23C0FE8
:100F4000FD41DD9E3C0FFD40DD9E84003E07F4FC2C
:100F5000DD9E5A000131FC004430003C808242405A
:100F60008C735021003B84604C3000244C11801D58
:100F7000A7900052003A8CC1E0C5E9160062003B20
:100F800000517FFF8CC1E0C5E90F00617FFE005278
:100F900000388CC1E0C5E9080062003900517FFDCE
:100FA0008CC1E0C5E80A8C6196D85021003CD5DDA3
:100FB0008400D5048400DD9E8401FC80FC4051FF48
:100FC000F9D0F183501F8360F28AF385F18181406B
:100FD00080C185008521F003E300F087E835220514
:100FE0000001221500001203000B1203000DF00592
:100FF000047500011213000AA0851213000C947AE4
:101000001473000B882250030038844449008DE299
:10101000F00595F9A00488E0A779C50B3C1DFD40BB
:10102000A60A8E01D006A778C504A60B8E01D804A7
:1010300010930035D5048400100300358D015063F2
:10104000003C8D48D5C92E07F4FC50AF8060F08479
:10105000F08284008020509F8090B1F0B1BC445059
:10106000003C4432B7D4F4014220142488828843DF
:101070003815020A3814820A3813820A3813020A11
:101080008C011012002A1011002A5A080CEE84005C
:10109000F086460000F350000A703C1DFD4105EF4C
:1010A0008001F08DF006F203E2024EF20100F30639
:1010B000B018844138200E0A941A502F81204081A4
:1010C000000084404402B7D4F289F209F304E243F9
:1010D0004EF200E6F304F203E243223F000CE8097B
:1010E0002220000E2240000F8A62222F000DD50818
:1010F0002220000C2240000D8A62222F000D8A441B
:10110000FE9442218C73227F000D2250000DF28844
:101110002240000C222F000C9B7D049000099B14A0
:10112000F28B4222942442221073B4605A9804082D
:10113000006000285A6801044800040C0460000C98
:10114000CE78A189E2464EF303F1A589FF9CE246E1
:10115000E82CA18AE246E809A184A1C3FFAC42625F
:101160001C734E6603E3D521A18BE246E81EA1C4A1
:10117000A183FFEC4272187344600064FFBC4063BB
:101180000CD7FFB4FF9C44A0271040F329F7006060
:10119000803144A00064FF9440A32957E34FE80541
:1011A0004E7700044E3303C200600029A7C8E2E670
:1011B000E805A1CCE2474EF303B9E6C2E921F60DFA
:1011C000E2C2E91EA184A1C3FF7442521C734440D1
:1011D0000064FF2C40420C97FF24FF1C4460271042
:1011E00040F219F70060803144400064FF9440638E
:1011F00010D7E2CFE8054E5700044E330397003076
:1012000080304E3203A7A0CBE2434EF203A35A989C
:1012100004044800039F002F00354E23039B002049
:1012200000354E230397F208463900004800039723
:101230005A6002044800038E5A9804044800038A46
:1012400004F080012230000EE24FF38C04A0000372
:101250002230000FA1844EF303690020803288669B
:101260004295082485EAFEB49AFBF70C4094BD36FB
:1012700040F13DF6F20B88EA8A47FEDC4231087302
:101280004227BC244224A473E0624EF20363FF743D
:10129000425228734E5603604800035CF00651EF3B
:1012A000003C8C01F08648FFFEFF8400B0E48421FE
:1012B000F204E202E8053811820A8C01D5FAF00343
:1012C000E60BE80CE64BE80A8022F003B098504F9A
:1012D0008120B15249000391D509F003F104B0987F
:1012E000504F8120B1524900033F3C1DFD4150AF9A
:1012F0008048F1842E17ED4B9401F18C2E17EEE40B
:10130000880AF18D2E17EEE5F08BF18E2E17EEE7A1
:101310008500F18F2E17EEE64432B7D4F1904618CF
:10132000FFFF50108FFF4400003CF191F10B4CA0E7
:101330008136001500018043422080730421000C97
:101340005A280213848C0025000042209073504FCD
:10135000812038220A024E250008B0A48481384139
:10136000060A48000119808342408073002500006E
:1013700000620036504F836042410073F7055052BF
:10138000003050420028A1FB04920001AFAE387338
:10139000A501049F80040294801AE327E808CE0781
:1013A000A7A258630001AFA28481AF2E504F836083
:1013B000424100732252000C50920018F58880A31D
:1013C00042508073F5862272800C22548001F60808
:1013D000F589F5069BF781E42262800DF5099BAE45
:1013E00043E3182443E39C731DE78002F508147758
:1013F000800188E5F509A9A488C51264800380A24C
:1014000084CC4250987380C5505F812051E2001017
:1014100038629A02F51112748002E2A6E80DF50610
:1014200084C28CB01462000CA52A124F0002A52BB6
:10143000124F0003D50484A01452000C504F836057
:1014400080A34241007342508073507280105092CA
:10145000001022F3800222648002227380038ACF6C
:10146000A9A1226480038AC70072802004528009E7
:10147000A9A210720020506200205A58033C00526A
:1014800000365A58011FF50CC515F5050442000B2E
:10149000F60DA16C95218885A761E2A6E90BF60EF1
:1014A000E2C5E908A720F50FE2A4E904F510E285FA
:1014B000E808808342408073005200288EA1D50640
:1014C00080834240807300520028504F8360424125
:1014D000007310520028504F836042410073005245
:1014E000002850420020CD0384A1D50284A3A96125
:1014F000D5038482A9318083424080730042003446
:101500005CF200C8E8038C8197204450003C506F87
:1015100083604261147310430034808342409473AB
:10152000B4E650530028F60400420029A1B5AF29C3
:10153000E2C7E805E68AE80A8C81D507F604A1B679
:10154000E2E6E804C4038E81AF294442B7D44240A6
:1015500080730042003742110024505F83605CF2C8
:1015600000C88825E8028C8110408037501F8360B6
:101570004211007300408020B17C84213812920A0D
:10158000B1308D0138120A0AF1078E21F187F1027C
:101590008E21F1828D4248FFFECB87C0B1A4440268
:1015A000B7D4813EB1F02E17F4FC40FF0406E803E7
:1015B000F102C905F70185404800009E3C2DFD4021
:1015C00000110009E301E8F7A2715A18017F041025
:1015D00000095A180308F10214937FFF8E21F1824B
:1015E000D5748E21E622E80B0410000C5A18020470
:1015F0008420D5083C1DFD41A649D50400100028D3
:101600008E211010002800100020444000DCF184DE
:10161000F304F10A4211907300108017C104842171
:1016200010100028003000285A3801080010002A45
:10163000581080041010002A001100198540E34161
:10164000E80A3823AA02CA05B09838212A02C2053E
:101650008D41D5F68540D5378424CB0284251410DE
:101660000009001000375CF080C8E8048C211010DD
:1016700000374410003C50FF836042F50473802023
:101680008D013A2094043A2794243A2094043A276E
:1016900094243A2094043A2794243A2090003A273C
:1016A0009020F304B0BC842138110E0A3813AA0A22
:1016B00014937FFFF1028E21F182D5073823AA020D
:1016C000C2CC8D414CA0FFFC51EF00015000003C0A
:1016D00048FFFF6BF0074E0200A700148009E301EA
:1016E0004EF200A2B01838002A025A00010C8D41B7
:1016F0005073803CF0033C9DFD40E340E9EC480022
:101700000093B03038002A02C8F38120B0BC380101
:1017100026024E030083B607A839A83AA83BA83C86
:101720000203800C109380201203800E0203800DB0
:10173000541500FF1203800F3C0DFD41502F8360B4
:1017400088080060001CF0031063802849FFFC0338
:101750005A0001090403800BF105880100000024F0
:10176000C0094900281D5A080206CE04840110034E
:101770008028F105000380280423800BA04BC812A9
:10178000380089013C2DFD410221001AE240E805A4
:10179000840114038009D51484031403800984018F
:1017A000D50D8463143380093C3DFD413820890107
:1017B0000231801AE262E9048C01100380280403DC
:1017C000800B380081013C1DFD410210801AE2208F
:1017D0008401E9028400B0BC8421100380368400B7
:1017E0003811260A1003803410038029B0B000039A
:1017F000802A38112A0AFE0FB0581003802A84006C
:101800001403800C100380373800AA0AF0078D01FA
:101810008E01F08748FFFF6D8D21E3214EF3FF79A4
:1018200048FFFF678400442000DC806000148009CA
:10183000E201E808F40A421008248C013832040A54
:10184000D5F6840084203E07F4FC508F80C081418F
:1018500000048019E2204EF20084380406025A087F
:10186000015FF00104F000095AF005212E77F4FC25
:101870004420003C4402B7D44203887383C0F00183
:1018800080DE8CE13A2014043A2314243A20140414
:101890003A23142483C63A2014043A2F14243A20FD
:1018A00010003A2F10203E77F4FCF001443000DCA9
:1018B000F20A0000002042200C73F301800214F1B0
:1018C00000000231800AF201ACC2F3010021002ABB
:1018D0000231800B102000169686ACC3C20510A002
:1018E00000DA10A00010F301504000200431800BFA
:1018F000A8C6F301B463B664F301A0D9A8E1F3016B
:10190000A0DAA8E2F3010431800CA8E3F30100316E
:10191000803710300037C20310A000DAF0018C21AC
:101920005000003CF081D5955A98030900200034FE
:10193000CA05F20846310000D511F208B648F2098E
:10194000508400308C41F2895000003C48FFFBBFBE
:10195000845FD5F5F208463800008843D5F051FF82
:101960008630FCC0FC43F08181008400F484F18265
:10197000F58580E18380812084814E82003DC73BD4
:101980005A48013A84A08085855EF101D1223861F0
:1019900016025A68011DF10495AA88C1F68384C015
:1019A000F1024C60801539E19A025BE8010F4410A6
:1019B000003042F30424F1033810BC02E22AE805A7
:1019C00083868125809E81418CC1D5EB8CA1D5DE9B
:1019D000C4D5F105954188A18C0184201092800026
:1019E00011C2800196003811260A8F013811F20ABF
:1019F0008EE1D5C4FCC3C06EC16FFC4051FFFD2811
:101A0000E220E82F80E144A00030851F812442932A
:101A1000A87384C038849A0A8CC14C607FFD8CE125
:101A20004C707FF680C083818001802681248105EF
:101A3000F2818143490026EBB026490026EF800958
:101A4000490026F6B002490026FD840C490027040F
:101A500049002707844080A245E000308082D514E9
:101A6000E201E8E184E044A00030851F8124429334
:101A7000A87380C038849A0A8CC14C60FFFD8CE149
:101A80004C70FFF6D5D0840C81E94212802442F2DA
:101A9000F87384E098F9B00238300C005A3801111C
:101AA00038379E025A37FF0D94D188688C41AFD8E1
:101AB000AF59F301969038419E0A3845160A8CE1D9
:101AC0004C737FEA8CA14C5E7FE0800251FF82D88C
:101AD000FCC08040D50280418002DD9E3C0FFD733A
:101AE000DD9E3C0FFD72DD9E4402BB2C84213C0F29
:101AF000FD4D84003E07F5383E07F5393E07F53ABF
:101B00003E07F53B3E07F53C3E07F53D3E07F53EFB
:101B10003E07F50D3E07F50C3E07F50E3C1FFB3664
:101B20003E07EEE34412BAE88400845F3820800860
:101B30008C015A0841FDDD9EFC00490052DDFC800D
:101B4000FC0080C0490052DAC0048400AE34AE35D7
:101B5000FC802E07F514DD9E4432BAB4AE18AE599F
:101B6000AE9ADD9E3C0FFB36DD9E3C0DFB36DD9EC6
:101B70003C0DFBB8465FF00F50528F00FF46460009
:101B80001000D80684003E07EEE38401DD9E840049
:101B9000DD9E2E17F53A2E57F53B3C0DFD734C128A
:101BA000C0102E27F5385A28010CA6059D49400281
:101BB00080B697683E57F53A3E57F53BDD9EA60541
:101BC0008CA1400280B697683E57F53BD90484014A
:101BD0003E07F538DD9E2E57F53A2E17F53BD90412
:101BE0002E07F538C0103C0DFD738CA1A6054002F0
:101BF00080B697683E57F53A4C12C00584003E0700
:101C0000F5388401DD9E2E57F53A2E07F53BD808AE
:101C10002E07F53884208E0140008006DD9E840169
:101C2000DD9E2E57F53A2E07F53BD8072E17F538CF
:101C3000840040000406DD9E8401DD9EFC0084A03B
:101C40008C81E2A4E8073860080438608C0C8CA111
:101C5000D5F9FC8080603C0DFB369E41E622E825EC
:101C60003C2DFD7284200041000AE224E809A159BC
:101C7000385287025A58010384028C21D5F7FC00A0
:101C8000842000410009445000DCE224E80DB44304
:101C900042209473B4429F91E6C2E9055A2004049D
:101CA0008C21D5F48401FC80DD9EFC438121B4E1CC
:101CB000843F101F80172E17CA608140C1082E175D
:101CC000F514C90549FFFFC83C0FFB363C1DFB3628
:101CD0005A100104480000D13C0DFD733C4DFD72CB
:101CE000F081F18284C087C2F002003200099E4177
:101CF0009648E223845F4EF200BB440000DCFE0CF9
:101D0000B42AF0838820B4419ED1E662E9055A20C6
:101D10000404480000A7F00122208004A6C0C305E7
:101D2000023200098E619A9AF00122308005A741A3
:101D3000C5050252000A8EA19AEBF001A743C52EF9
:101D40000252000900F000028EA1E9110282000295
:101D500050F47FFF4082F91642813C7340241456B0
:101D60000252000A028200038EA1D51002820003F3
:101D700050F47FFF4082F91642813C734024145690
:101D80000252000A028200028EA150F47FFF4082BC
:101D9000F9164281BC7340341476A562E045E9022D
:101DA0009EA94E2400038440A563E065E9029EE9F4
:101DB0004E3400038460840680A742530073F0020F
:101DC00040F1900A40800C08F00158840002108213
:101DD0008000A6024081100AC80C9494841096DFFB
:101DE000FE86FE9F1082800110F28002AEABD50B02
:101DF00094DC8410969FFEC6FED710F280011082FC
:101E00008002AEEB02208009C2039690D502844185
:101E10008067840642330073AE9C0210800AC103BF
:101E20009648D5028421841FAE5D1003803C1003C8
:101E3000803D0012000CE622E912B42AF00388204B
:101E400000108031C902842198BEF0031011006295
:101E5000B42A8820201080321011006C8CC197B0F9
:101E6000F1028C219608F08248FFFF401023803E4B
:101E70001023803FD53F5A18022784181003803C56
:101E800084C084001003803D3C3DFD72800600113B
:101E9000800AE201E81304150001381083025A1881
:101EA000010B0023803D4010800CFE578CC11013A5
:101EB000803D97B08C019600D5EB0003803D3E0736
:101EC000F50FD5182E67F50CC6152E07F50DA6785B
:101ED000E61EE80594039657FE0FD503440000F074
:101EE000AE382E07F50EAFB9AE3A84013E07F514B1
:101EF00084C02E07F5145A00FF0DC00BCE0A841FB4
:101F00003E07F5143C0DFD448C013C0FFD44D50308
:101F10003E67F5143C3DFB365A3801163C0DFD7208
:101F200000400009E2C4E80F8426B4498406FE7428
:101F30008A86FF0496488822500F801784408E813D
:101F400049FFFE7EB429840080A1502080400832E1
:101F5000800188039600DAFCFE02100080408401B4
:101F6000C60284003E07F53EFCC3FC20844180622B
:101F70004440004080E080C149FFFE623C0DFD729C
:101F80000000000CE602E91050538062501300621A
:101F90005073806C080280011800800120028009C3
:101FA00010008009DFF8FCA0A60092038C1596278C
:101FB0005C000014DD9EFC4080C1A640844081206E
:101FC0003E27F53DC1312E07F5395A08010C2E1771
:101FD000F53C3E27F5383E17F53A3E17F53B3E07F0
:101FE000F53D49FFFDD83C0DFD732E77F53B3C1DBB
:101FF000FD4DA70484410404800142139073806264
:102000008E8149FFFE1D2E07F53E5A0801063E0748
:10201000F5393E77F53C2E07F5085A00FF088C018C
:102020003E07F508D5033E17F5082E17F53DB40613
:102030005A180132A605C81849005062C80F3C0D55
:10204000FD73B4262E37F53CA6843C0DFD4D4201B0
:102050008873B42149FFFF8BD50A490050474900D6
:10206000504FC8FED5ED4900504BC80349005058A9
:10207000B42684003E07F53D3E07F5398401AE0DD8
:10208000B426AE0CB4C6B40649FFFF905A0801410D
:10209000AE37D53EA644C90549FFFDC5C039D50DAB
:1020A000A6055A0801084900502BC832490050388B
:1020B000D52F49FFFDAAC8F84900502280E0C82862
:1020C00049FFFD8B3C0DFD73B4262E97F53AA6848F
:1020D0003C0DFD4DB4214204887349FFFF482E1783
:1020E000F5395A1801112E57F53C4C54C00DB40661
:1020F0003E77F539AE45B4E6B40749FFFF575A08B5
:102100000103AE3F4900500CB4068421AE44FCC02C
:10211000FC20804080E14402BAD0A0514462BAE879
:10212000B6202E17F5143C6FFD4910100008A05280
:10213000A8414412BACC49FFFDBA4402BAC42E17D2
:10214000F514A981AE40B4273C1FFD464412BAC025
:1021500049FFFF334402BAB48420AE40AE41AE42E0
:1021600049FFFD61FCA03C0FFF68DD9E3C0FFF674F
:10217000DD9EFC41F58197AB41C2C00A445000DCB2
:102180004201947300500016B6DF9746226080002B
:102190008541221080014472C2504492C220C5126F
:1021A0004452C2A438148E0A38628D094452C28C3B
:1021B00038638E0A38128D094412C28038A08C0808
:1021C000D560B4A05A58031938548E024482C28094
:1021D000882538540C0038F38E028CA1976888CF7C
:1021E000406314D64010943638638E0A38148E0A31
:1021F00038A40C08D5465A5801414452C2A43C9D0B
:10220000FF6838828D114452C28C38A28D1100545F
:1022100080005A5001044800007E40F418014EF43A
:10222000000452F78000405504014E540003FF6A39
:1022300088AF02F4800440F79406E86C02548003EF
:10224000E105E803E0C5E85D3DEDFF67029F000999
:102250008F218B25E128E803E126E853E145E803D7
:10226000E025E84F029F000A8F2140549401E0AA24
:10227000E851E0A1E846D54E38638E0A38148E0A3C
:10228000001F80284462C2504452C2205A180133B1
:10229000B4005A0801303CADFF6802050005E28039
:1022A000E82938030E02B43F38928E029B014E4457
:1022B0000003FF224014F0014E140003FE4A88245C
:1022C00002450006E024E81602450007B51F50A2AB
:1022D0007FFF401204094205207342957073880104
:1022E0008829400010164040909638038E0A3842E4
:1022F0008E0A38030E02AC1038028E02AC11FCC1FB
:102300004412C25038808E0A4412C22038A08E0A6D
:10231000D5B838538E024492C22088C544A2C280E8
:1023200038548E02882538550C008CA1976840637C
:1023300014D638550C08405094B638638E0A385479
:102340008E0AD59FFC40446000DC42019873B4C003
:1023500084FD40F398022250800045C2BF34221011
:1023600080014462BF28409190084472BC28448296
:10237000BC1C3CADFF685AF801128400951E380E53
:102380000C0888870005001C38F30C083853A60990
:10239000AC6138040C08480000DA41E2801350FFB9
:1023A0007F7D5CF78333E80A50F0FF5F40F78013CE
:1023B0005CF787E3E80385E1D51200F000105AF8D6
:1023C000011150FF7FC45CF783C1E80850F0FFB5EE
:1023D00040F780135CF7888FE90485E310F0001064
:1023E000000000105A08030544000046D5055A08AD
:1023F00002074400003C1005001CD505FA04100536
:10240000001CFA0E1005001D38030C00E610E8064B
:1024100044A2BF288C0138050C08380E0C0044A2D9
:10242000BF34E60FE9038400D5028C0138050C089F
:1024300038AE0C0040052400385382099402880706
:10244000AC413C0DFF6803C00010E09CE904005063
:10245000001CD51303E0000F0050001D40FF1007C3
:10246000E80C0000001C401278018A05FE0C404E6A
:1024700078014040109688A439C40C008403803C45
:10248000421280738C2284044000801640FE0007B4
:102490004442BC1CE806501E0001E0204000BC1B6A
:1024A00038020C0838130C0038440C00846A42606F
:1024B0008C24E0C4E905E2834041BC1B80C484A0B5
:1024C000842A4013043680058065D11240452400DB
:1024D00038839211952288878868224200018804F7
:1024E0004EA200048F41D502854F8CA1D5EF848A7E
:1024F000401310B6FEE4FE24C50D404524003813F9
:10250000921195228887423284732212000142027E
:1025100084734E3500064053040A88A3D50584A26F
:10252000405314B69B5D405298B6976B4E05000819
:102530004013040A882040109836D507842240139F
:1025400004368A0140101836964BAD50AC51FCC091
:10255000FC40445000DC42019473B40084BDFE2E64
:10256000229080004452BBEC22108001959A44A234
:10257000BBE03C7DFF685A08010B982E38928E090B
:10258000AC410003802338050C08D55103C38012E9
:1025900040FE1007E90400738022D51502838013E2
:1025A00000038023E088E90380E0D50D00F380225A
:1025B000407270018A0FFFC440047001400380160E
:1025C00040703C0038050C008483420390738C02F9
:1025D000848440001016992E38050C0838828E111C
:1025E000960022A20001527000644240242442431B
:1025F000A073449000644E45000550420032D5035C
:1026000050427FCEFE0C404224964203A8733842CB
:102610008E09441000644E05000550000032D503B9
:1026200050007FCE40000416986EAC0938028E012F
:1026300088A6AC10A429AC11FCC080608040840145
:102640009A50E622E90B9850922142F08424E26FDE
:102650004000BC1A4020BC1BD5F4DD9E22200000A7
:102660002230800022000001221080018A438A016A
:10267000FE0442010873DD9EFC408121441000DC11
:1026800042010473B42080C245C2C2144482C2080D
:1026900095D244A2C1D8C10D000000169606C0090B
:1026A0008403380E08088400380408088400D53CE8
:1026B00038041800E604E8064412C2088C01380009
:1026C0009808380E18004412C214E603E903840087
:1026D000D5028C0138009808802940051C0049FF6C
:1026E000FFBF44100064FE0C49FFFFA9381E18000C
:1026F000442100008827E2404432C17840013C1B5D
:10270000844038018509381418008002E241E80746
:1027100099178C41384191018804D5F940208409EA
:102720008802400004162214800088EA38151A092D
:1027300022148001AC79FCC0FC01F181441000DC62
:1027400042010473B4205A1002045A180424221FB0
:102750008002223000049ACB4E340003FEDA222F8E
:102760008003221000059A514E140003FE4A88236C
:10277000E62BE8038421D50C5CF08050842AE8081D
:1027800004100011E623E9038E21D50284221410DF
:102790000011FC8122200000E022E8153C4DFF677B
:1027A000023200098E618A61E043E80D22200001B7
:1027B000E022E8090202000A8E018A01E040560781
:1027C0008001DD9E8401DD9EFC0194928822F081CF
:1027D000223080009603E060E8083C0DFF670200AD
:1027E00000098E019AC396DB2200800122FF80033C
:1027F000E00FE8083C1DFF670210800A8E219A084E
:102800009603E0604001BC1BFC81FC013C2DFF678E
:10281000F081964302310009901040418409E08123
:10282000E8039A59964B0221000A40310409E060FE
:10283000E8039A109603E0204000BC1BFC81FC409A
:1028400080C038010E02812180E349FFFEF88C052B
:1028500042200024E249E808440000DC426380731F
:1028600084001003004FFCC0442000DC4200887349
:10287000B4604422BBC85A38051D0030004F5A3896
:10288000011144000064380105092E07F61CE60317
:10289000E9043E30029FD50D8C013E07F61CD50998
:1028A00084003E07F61C3E00029F840038010509A3
:1028B00038010501C00C8E014422BBC896013801C5
:1028C0000509C8053E07F61C3E00029FDD9E2E301E
:1028D00002A5CB1E2E30029F5A38011B94D28823AA
:1028E000B4615CF195F9E804443015F9B6614430FF
:1028F00000DC42010C730000004B5A08010A2E074D
:10290000ED91C004440000E1D502FA09B601DD9E54
:10291000FC41F70BF081440000DC4223807300018E
:10292000001680C2960EC83BB4025A000439943C8B
:102930008C0C947C88034091840004107FFF1C1051
:102940007FFF4C907FFCA0763C0C015339C00602FF
:1029500015C480000083004B5A8009225CF289C4B0
:10296000E81EF001814449FFFF525EF00033E91791
:10297000840A421E0024040480038447FE14E220DB
:10298000E80EE702E80C44000E1038051E0AF00AB3
:10299000842C38101C0884091003004BFCC14440EF
:1029A00000DC420190730000004B5A0006045A08F4
:1029B000090A8823A608C0048E01AE08DD9E3801EE
:1029C0000E0ADD9EFC41F60AF3818846A6D0E67425
:1029D000E83B8C61AED0443000DC42030C732EA780
:1029E000ED9184601030004B4EA20004FA67D507C9
:1029F0002E3002A5C303FA61D502846E3C3BF68FEC
:102A00003C33F68F95B299CEFEDCB667A6505A18C5
:102A1000141C84211010004B8444982EB041812452
:102A2000490080D8840F4EA300082E0002A5C003E1
:102A30008408D50284053C0BF68E3C03F68EFE041A
:102A4000B6078400B609FCC1FC01956A8885F0814F
:102A5000222200009603E040E8083C0DFF670200D8
:102A600000098E019A8296932202000122FF8003C0
:102A7000E00FE8083C3DFF670231800A8E619A183A
:102A8000960388A1E04040013C1BB425422000246D
:102A9000E241E806E406E9048E05FE04B605FC8181
:102AA000443000DC42010C730030004DCB0CA10619
:102AB0003C3C0153383192025EF19771E904846124
:102AC0001030004D2E3002A5CB1A0030004D5A3880
:102AD000011794928822B4415CF10E10E80444205E
:102AE0000E10B6410000004B5A08010A2E07ED9166
:102AF000C004440000E1D502FA09B601DD9EFC42A3
:102B0000F0832E07ED91F18281428103F70CF60EDE
:102B1000C80485238785D503FB2E8389B002B04383
:102B2000F581B69F49FFFD9C5CF00211E82FB49F30
:102B300043CE7024E29CF501E82688E6A6385CF0D6
:102B4000003DE91694328805B04349FFFD89E21C37
:102B5000E80D4204A42438041A0A440000DC42A30D
:102B6000007384041005004BD5118400D50AC807F2
:102B700094328805B04384444900802CA6388C01E7
:102B8000AE38D504840038039808FCC2FC01F081FB
:102B9000F007444000DC4210107300408051CC1D0F
:102BA00022508004C50E3C6DFF67024300098E81F0
:102BB000D40822508005C5050243000A8E81DC0D31
:102BC0008482104080518486384180084430190046
:102BD0003831020A1040804BFC810000FC41F70AAA
:102BE000F481953A40A11000B44AE241E83180C036
:102BF000440000DC42638073840B81231003005087
:102C0000B041982C844449007FE58400B60A38041A
:102C10009C080003004BE60AE81B44F02B28380709
:102C2000800040F03C00DD0F0A0E262616261A26EC
:102C300026128403D5088402D506840AD5048405A7
:102C4000D50284071003004B84011003004EFCC121
:102C5000442000DC420088730010004E5A1803051F
:102C600084281010004BDD9EFC41F60BF0814400DF
:102C700000DC423300730001804E80E28385814393
:102C80005A0801490001804B9E82E642E90B5A0036
:102C900005085A00070884605A080A06D503FA6432
:102CA000D502FA6E4402BBAC844038201909409327
:102CB0000808F00A4080A400802884448809B67F70
:102CC00049007F88F001F10A804649FFFD7FB47F0B
:102CD000E203E804380E1909D503383E1909943186
:102CE000881CA440C9038421AC404013A400020402
:102CF0000000A4C84422BB7C8A03A44938011A09F5
:102D00000204000189228A01120480018402100554
:102D1000004E000500505A080B4C0005004E409331
:102D200008085A0803094003A400B041844449003C
:102D30007F51D53EF10AB001882949FFFC9149FF36
:102D4000FC7E4412BBAC9601382099013C0BFAE89A
:102D5000E240E80338009909957188BC3820990150
:102D6000A428E240E9084422BBAC380119098403D5
:102D70001005004E4432BB7CA5283810990138015B
:102D80009A119AA1FE14022F800288E940001016C1
:102D90009A108923AC38A428222480019AC14211B8
:102DA0000C2440108036020F80039A41AC79FCC19C
:102DB000FC45F0852E07EDA4048F8005F0872200E6
:102DC0008000F2863C0BFDE622008001843D3C0B36
:102DD000FDE7440000DC42818073B40880C3FE0E2E
:102DE0004492C12C44A2C0FC95DA5A080150441206
:102DF000C168840038008C084412C15C1004004B88
:102E000038008C083C1DFEF32E07ED9138148E0A15
:102E100038150E0AC003FA07D5072E0002A5C00315
:102E2000FA01D502840E3C0BF68F3C03F68F441258
:102E3000C0CCFE0438009A0A84001004004C100430
:102E4000004D1004004E84011004004F04040006DD
:102E50003C1C0153940288014432C00C8420990F19
:102E6000B4A08C213851920A5A1804FB4410003245
:102E70004402C17449FFFC90100400514402BFE8B1
:102E8000842038101808480000A140049C00441217
:102E9000C17449FFFBE5F089840C10040050000464
:102EA000004BE602E826B10980A93C3DFEF3F0059F
:102EB000B6DF4412C0CC4422C16849FFFD85F0054D
:102EC00080464412C0CC49FFFDEDF0058046441217
:102ED000C0CC49FFFCFE3C0DFEF34412C0CC4422A2
:102EE000C0004432BFF4808980A649FFFDAFD537CA
:102EF0009E42E622E9085A0005079E47E622E903BA
:102F00005A080A2EF005802649FFFEA4F005F109B3
:102F10004422C0CC806649FFFC944402BFE8B61F3F
:102F2000F00738151A02F081F2053C0DFEF3443229
:102F3000C0CCF4094452BFB8F68249FFFDE2B73F66
:102F4000F6813C0DFEF3F1054422C0CC4432C15C55
:102F50004442C0004452BFF449FFFE1A4402C15C1F
:102F60004442C0CCF509B61F4412C12C3C0DFEF3FF
:102F7000F2054432C00CF68149FFFCCCF005441246
:102F8000C15C4422C0CC806649FFFD0BF005F1090D
:102F90004422C0CC4432C15C3C4DFEF34452C12CAF
:102FA000B6DF49FFFE1D4402BF40B61FF6813C0D4F
:102FB000FEF34412BF884422C0FCF3054442C0CC57
:102FC0004452BF7049FFFE52F10638051A1188EAD3
:102FD000AC0822038001AC093C1DFEF34402BF880B
:102FE00038101A0AFCC5FC463C1DFF68F0833C0DF6
:102FF000FB37A44DE201E8048C013C0FFB37F003E2
:1030000044A2C2E8509000084402C2C0F08480C9C3
:1030100084E03C8DFF6700040009E2E04EF200EB23
:1030200004037FFE4E0200DA5A080504480000D669
:10303000A4328047120F8016A433B04B120F8017B2
:10304000F00349FFFB1B0033000EF0865441800162
:103050003C2C0153C40C4412C338840038009C0833
:10306000A034850038010202B60AD54E4402C338A6
:1030700038301C005A38013CA034041500013801D6
:1030800002029401E201E833F004F289F38822504D
:103090000001228000004202942442042073F5873C
:1030A00049FFFACDF0858026B00B49FFFAD949FFD8
:1030B000FAC6F40502F30000F507F308F209C4109C
:1030C00042140024FE2C4080911640401096A431FA
:1030D000890F8880128F8016124F8017D506A43171
:1030E00012FF8016120F80178103D502810444124B
:1030F000C338840138009C08B40A14050001A034C8
:1031000038010202B60A3C0DFF68B04BF085A601FB
:103110008041B61F8067F0033C4DFB373C5DFF45A7
:1031200049FFF829F005A603C008B04BF003804121
:103130008067F40649FFF908F005A604C008B04B03
:10314000F00380418067F40649FFFA04F005A60207
:10315000C007B04BF0038041806749FFFE2B490058
:103160001B1F5A000222220F80164E040005840005
:10317000120F80163C0DFF6722FF80160210000917
:10318000E02FE803121F8016221F80174E1400053F
:103190008420121F80170200000A22FF8017E00F10
:1031A000E803120F8017F003F10B804749FFFAC6BE
:1031B0004E83000EA470020F80168A01F104AC0841
:1031C000A471020F80178A01F104AC09020F801666
:1031D000AC30020F8017AC31F003802749FFFB466B
:1031E000F0048CE18C04506300DCF0848D4848FFCF
:1031F000FF1284003C57FE8A3C47FE8B3C1DFB3788
:103200002E37ED3F2E27ED8580E000640009E206B1
:10321000E8140464FFFE5A68050D2254800022441D
:1032200080011474800F8420C80480408060802056
:103230008C01509480DCD5EA3C5BFE8A3C4BFE8BD3
:103240003C1FFB373E37ED3F3E27ED85FCC63C0F6C
:10325000FF69DD9EFC2084808E4184C2E044E91138
:1032600098E24031987638700D019559E027E907CA
:1032700088A0A529E024E9079D19D5F19E99D5EFED
:10328000841FD5028003FCA0FC423C7DFF69F182D3
:103290005013800AF181508380DC51C000028540C8
:1032A000853EF002E3404EF200DB226E7FFFA43D3C
:1032B000E006E85CA53C9C23940188079EA1A4013C
:1032C000E0C0E904A5B88EC1D552F0018026F48390
:1032D00049FFFFC25A07FF4CA57BA4B9E205944100
:1032E000F403E8108827FE14A4CDA44E8AC3FF94EB
:1032F000404314969B8B406218D6405014B788C543
:10330000D5368A858E81E204E9188827A4FAA50DAE
:10331000886552F18001880F8AC4FF94FE14400032
:103320001417A4F8405314B6A58E8A628AC4880381
:10333000406298D688C0D51B8827A4F842312473F0
:1033400081E3A4CDA53A8A058AC38E814267982479
:1033500042003C244000101740431096A58E884040
:103360008AC3406218D688C2D50284C0126E7FFF1D
:103370000203806E226E0000E006E86B0243806D5F
:103380005002006B940188079EA1A402E0C0E905E9
:10339000026380698EC1D55E80088026F48349FF70
:1033A000FF5B5A07FF580253806C0223806AE205D4
:1033B0009441F403E8128827FE140230806E021054
:1033C000806F8AC3FF94404314969B8B406218D64B
:1033D000405014B788C5D53E8A858E81E204E91C29
:1033E00088270233806B0240806E886552F180012D
:1033F000880F8AC4FF94FE144000141702338069BA
:10340000405314B60260806F8A628AC488034062A7
:1034100098D688C0D51F882702338069423124732B
:1034200081E30230806E0243806B8A058AC38E81FD
:103430004267982442003C244000101740431096F5
:103440000260806F88408AC3406218D688C2D50265
:1034500084C01A6E00048D4148FFFF25FCC23C0F5A
:10346000FF6ADD9EFC403C7DFF6A80C19B31E282A9
:10347000E81FA1070490000804800006085300011B
:1034800000A380323894960238421602385416024D
:103490008C68425514244052A4B71251FFFC0053CB
:1034A0008033FF2C404224971241FFFDD5E0FCC041
:1034B000FC2080E28440AE9880C33C2DFF6A84806B
:1034C0004432C354E281E810A14138529101DC1624
:1034D000A77038419408A7708CA19768AF7000F16D
:1034E0000019E2AFE90BA6B04412C354806749FF4C
:1034F000FFBB84004422C354D5038C81D5E4A6705D
:10350000E201E80894433831000088278C01A8C9FB
:10351000D5F7FCA0FC202E07ED78FD325A080105F6
:103520003C0C00EED50E9E0CE602E9048E27E62246
:10353000E8043C0C00EAD5052E07ED91490009018D
:10354000B607B4073C1C00E84C00800A3C1C00E9AC
:103550004C0080063C1C00F54C00C0048421D502C0
:103560008420445E000088A03C0FFBA392A244028A
:103570007B9097693E17ED58AD404403F40044102A
:103580001EE4AC404403F40297B0AF80FCA084007A
:103590003C0FFBD84403F4038421AE40DD9E44037A
:1035A000F403A6005C000001DD9E4403F40CA600B9
:1035B0009600C8074413F3CFA64840000406DD9EDA
:1035C0008401DD9E4413F40384003C0FFBD8AE0855
:1035D000DD9EFC005A080113490018E25A08020750
:1035E0004403F010441FFFAAAE4049FFFFD28400FD
:1035F0003C0BF6F13E07ED86D50349FFFFE5FC8065
:103600004403F01DA680A641A6C04010A008FE57A6
:10361000581084009688AE809228A681AE4144134B
:10362000F42144200055AE88442000004430000AB4
:10363000502100014C21FFFE8440AE884420000050
:103640004430000A502100014C21FFFEA64096485C
:10365000AE40DD9E84004442CD9C4452CB204412B7
:10366000CA6C4432CE7C38228000382200083821CF
:103670008000382080088C015A0820F7DD9EA64083
:10368000A7053E100A08A641A6C73E100A09A64291
:10369000404220083E100A0AA6434031A0083E10CE
:1036A0000A0BA644002000088881A646972388615B
:1036B0000010000996DB4010A00888223C1805087D
:1036C0000010000B0020000A4010A00888223C18BF
:1036D00005090010000C3C4805063E100A140010B5
:1036E000000D3C3805073E100A150010000E9646E6
:1036F0003E100A160010000E922196463E100A1740
:103700000010000E922296463E100A180010000E7D
:10371000922396463E100A190010000F965F3E1045
:103720000A1A0010000F92243E100A1B001000110C
:10373000002000104010A00888223C18050E001040
:103740000013002000124010A00888223C18050F2A
:103750000020001500100014968F40212008884199
:1037600096933C2805100010001592223E100A2264
:103770000010001700500016964F4010A008882532
:10378000964B3C1805120050001792A23E500A2694
:103790000000001E962F3E000A2740022C0A9606C3
:1037A000C006440FF000FF073C4805064001AC0A84
:1037B0009606C006440FF000FEC73C3805074001DE
:1037C000240AC006440FFC00FE873C280510400078
:1037D000A40AC006440FFC00FE473C180512DD9EFB
:1037E000A4C04422C9484412000094DA8861B66239
:1037F000A4C25041002094DA8861A8D2A4C494DA0B
:103800008861A8D1A4C694DA8861B6640230000841
:1038100094DA8861A8E1A4C494DA8861A8E502007A
:10382000000894028820A866DD9E3C1C00E8440E37
:1038300000008801920244127B909601AC08DD9E44
:10384000A40044120000940288013C0E00EEDD9EAC
:10385000FC004423F6A84413F6A95A080105AE104B
:103860008407D5038400AE10AE0884008020804019
:10387000FA6F49001664FC80B44084A08C449C2EEE
:10388000A2D196005A58200680A05A0824FADD9E3C
:103890005441801F384094088CA197689265D8F3F2
:1038A000D5F4FC20B48084608C8484E6B4045A3857
:1038B0000506920A40002808D504921E40007808A8
:1038C00042219C24969084A05A20200C38608800C5
:1038D0008C414063140C8CA5880696905A581EF6AD
:1038E0008C6196D8AA215A3806E3FCA0FC20B4606B
:1038F00084008C7C9583A31997B08440995697686F
:103900008C415472000F96903870940892845A2813
:1039100008F78C0196005A0804EFFCA0FC20B46064
:1039200084005031802C9583A31997B08440995618
:1039300097688C415472000F969038709408928466
:103940005A2808F78C0196005A0804EFFCA0FC00E6
:103950003C0C00E884233C0FFBA34403F40B84409D
:10396000AE404403F4048426AE404413F4078401BB
:10397000AE084413F408AE084413F01EAE88441396
:10398000F420AE082E07CA645A0801063C0C00E871
:10399000490005824402C9484412CB2049FFFF6E0A
:1039A0004402C9484412CF9049FFFFA24402C94CC7
:1039B0004412CDE449FFFF9C4412CE7C4402C94826
:1039C00049FFFFAE4900078A44028F70490008167C
:1039D000FC80FC00B48084408C9C840080A098D043
:1039E00096D8958238308C008C0196DF4031980C47
:1039F00088A35A0808F68C489690AB615A2820EFA5
:103A0000FC80FC04A649B4405A1003045A180C1157
:103A10002E17ED91542080FBCA044412CF90D50597
:103A20005A1803254412CDE449FFFFD5D51F5A1873
:103A30000408A0578410FE0E58000003D51650301D
:103A4000FFF7E662E80A842084463820FC088C21CF
:103A50005A1820FD803FD5E98E27E622E807A057B7
:103A60008410FE0E58000004A817FC84FC00A681F8
:103A700080C05A2003145A2006129E14E602E90E52
:103A80009E17E602E90D50017FF7E602E9095A2880
:103A90000C1C490016855A0802048400D5028401D2
:103AA0003E07ED3D2E07ED3DA6712E27ED53848197
:103AB0002E37ED6E4452B44C49FFFD2E4402B44CF7
:103AC000802649FFFFA0FC80FC00B4808440504267
:103AD000002C840080A098D096D8958238308C0035
:103AE0008C0196DF4031980C88A35A0808F68C4860
:103AF0009690AB615A2820EFFC80FC014412CD9CCB
:103B0000F08149FFFED0F0014412CA6C49FFFFDE8C
:103B1000FC81FC442E200A1A4472CF908120386325
:103B200088004442CD9C8EC25C6300014402CA6C92
:103B30002E300A095A180644842A38120808E66208
:103B4000842238100808E9734900162A5A080270BE
:103B500084005A9803182E100A0984004432CDE4D8
:103B600038218000382F80088C015A0820FB2E0055
:103B70000A1AC00F881F8E228440E24110F07FFF96
:103B8000D50838138000381F80088C015A0820FBA4
:103B90005A6801062E000A1A8429D5093C00050E30
:103BA0005CF00300E9062E000A1A842A381F8008F8
:103BB0004402B44C803F49FFFF0ED53984203812AF
:103BC00008085014FFFDE6228423E9028421E662FE
:103BD00038100808E92C490015E35A080229840026
:103BE0005A9803192E000A0984285A0802038427C8
:103BF00084004432CDE438218000382F80088C01C5
:103C00005A0820FB2E000A1AC00C881F10107FFFD4
:103C1000D50838138000381F80088C015A0820FB13
:103C20005A6801C82E000A1A8422D5C14402B44C35
:103C300049FFFF65FCC43C4C00F5442200FC5400E5
:103C40000FFF041200124000480892305410FFFF8A
:103C5000944A8822462C003F0430800850210FFFF0
:103C6000FED6FEC714308008041200124432015000
:103C700092305410FFFF944A882304308008FE9E3F
:103C8000FE8714208008DD9EFC004412907494018D
:103C900099812203000049FFFFD0A4303C0BF6F8C5
:103CA000FC80FC4180C081223C0D9957F081CE04FC
:103CB000AF908441D50E80E15A680406800149FF27
:103CC000FFE5D504B001386004001074800084431F
:103CD00084004432CA6C386180088C014412CA6C7A
:103CE0005A0820FB2E000A1A382080084402B44CDF
:103CF00049FFFEECFCC1FC0180C03E07ED91800154
:103D0000B65FF38149FFFEB48006B43FF20149FF7C
:103D1000FFCAFC81FC4084003E07ED3D3C0DFB9852
:103D200084232E67ED84A7C1AE4149FFFC95840032
:103D300080404432B32C3C1DFB982E97ED9149FFF7
:103D4000FFDC4402B44C4412CB2049FFFDAC840399
:103D50003C1DFB9880464432B32C49FFFFCEE7223E
:103D60008403E80284003E07ED914412CB20440214
:103D7000B44C49FFFD982E07ED913C1DFB98804601
:103D80004432B32C49FFFFB92E07ED913E07ED7E7B
:103D90003C0DFB98AFC1FCC0441000963C1BF6DD07
:103DA0004412C36884003E07ED913E07ED7E3E005D
:103DB00002A0AE08AE09AE0AAE0BDD9EFC002E37A7
:103DC000FDCD4420009044125F604211887344206E
:103DD0000048490043EA2E07FDCD84238C0196005C
:103DE0004020043796484010041B3E17FDCDFC8050
:103DF00084003C0BF6F43C0BF6E82E07ED915410D2
:103E000000FBC912440228384412283AA600442272
:103E1000283B3C0BF6E844022839A600A648A690A9
:103E20003C2BF6F4D5235A0801208400445228384C
:103E3000802044322850A7283C23F6E88CA48844EC
:103E40003C2BF6E80022FFFD88020022FFFE004224
:103E5000FFFF88223C23F6F49601884496493C2BC8
:103E6000F6F4DBEAD503840080203C23F6F48822B4
:103E70003C23F6E89649880296013C1BF6F488201C
:103E80003C0BF6E83C1BF6F2DD9EFC02F082F1836F
:103E9000B65F8002F1028043F38149004386B41F7C
:103EA000F103F20149004381FC82FC0094D988614E
:103EB00084A04C118018A500A588E2C4E803A500E1
:103EC000AD08A580A510E2C4E803A500AD100A4026
:103ED00080010A6100018A86E0A4E80297618C02F1
:103EE000D5E98005FC80FC004440012080C14412DB
:103EF000000042101073800180228043443000484B
:103F000049FFFFD5AC30FC80FC20EED0F08184006E
:103F10003C080136B068B00444224A2044300048CE
:103F200049FFFFB544625F60447261108006B0448F
:103F3000B0A84430004849FFFFBA506300903C08E5
:103F400001364C63FFF5B044B0A844300048F0019E
:103F500049FFFFAD3C0801368400120F8007B044D2
:103F6000500F800E442000488461490043C2841FE2
:103F7000120F8007B068500F800E44200048846103
:103F8000490043B7B044B0A84430004844025F60E1
:103F900049FFFF8DB044B0A84430004844025FF0B0
:103FA00049FFFF85B044B0A8443000484402608017
:103FB00049FFFF7DB044B0A844300048F00149FFFC
:103FC000FF7680E044124A20F00149FFFEF92E07F7
:103FD000ED915A0804163C03F6DD5CF00097E90BFE
:103FE0009F81441FFFCE50007F6A4000041688C0A6
:103FF00097B1D503446000963C6BF6DDD5053C0DCA
:10400000FF740260000E490013CB5A0002088403BB
:10401000FF8497B14420FFFFD5053C0DFF740020BD
:10402000002A2E37ED563C100136400184098820C5
:1040300040108C369649E2C13C180136E8038442B0
:10404000D50B3C43F6F2E2442E200270E8038C418B
:10405000D503C2048E413E2002703C23F6FDE241AE
:10406000E80788E040738CF697F9E2E2E8093C0340
:10407000FEDE4410EA5FE220E9068C01D5028400EE
:104080003C0BFEDE2E000270E6028401E802840092
:104090003E00026EED30FCA0944988204430FFFFC2
:1040A00084404C00800EA500E244E803A480969171
:1040B000A500E283E803A4C096D98C02D5F35CF195
:1040C00080978003E903440000969A109601DD9ED4
:1040D000FC4044100240429004244462000088C91D
:1040E000441200028006882980E244300090804615
:1040F0008481FAA04900119E440201208920FA34EB
:10410000800649FFFFCB0A138001E220E803120377
:10411000FFFF506300484C64FFF4FCC0FC002E001D
:1041200002662E100291C01E3C0DF36C5A18010459
:104130009201D50292023C2C009A9601E2402E0098
:104140000271E805E61EE80E8C01D50AC00B5CF191
:104150000E10E905E60FE9038E05D5028E013E003B
:1041600002715A18010D2E0002715A081E048405AE
:10417000D508E6148406E8058407D503490017210D
:104180003C0FFB9AFC803C33FEDE5CF18033E9108F
:104190009491884184A34C11000CA5080A300001B9
:1041A000FF2C9082926288641A308001D5F5DD9EE2
:1041B00084003E00027084003C0BFEDEDD9EFC00AD
:1041C0003C03FEDE5CF00033E90649FFFFF38400A8
:1041D0003C0BF6DC3C03FEDD5CF00033E9048400BC
:1041E0003C0BFEDDFC80FC0080C084003C0BF6F242
:1041F00049FFFE002E07ED56406300D6490012D05D
:104200003C23E5745A0002088423FE549649E2C117
:10421000E90CD51B3C0DFF74E2C20010002BE81521
:104220003C03F6F2E220E9112E07EDA484203C1BAA
:10423000FEDDC0038401D50A3C2C00A15CF10032F4
:10424000E9073E17ED4FD50584003E07ED4F840189
:10425000FC80B461AE185A2802049208AE19B40169
:104260008840B641DD9EFC448120B61F80C1840099
:10427000B1C13814800038101C088C015A081AFB90
:1042800044001554803F844249FFFFE53C0C00E99F
:10429000B43F44A20000A680AE880400001CB43FD6
:1042A00092109C89962FB65FAE09B41F803F8C0197
:1042B000B61F844244001EDC49FFFFCD3C0C00E8E1
:1042C000803F04200012925054217FFF9492894233
:1042D000838A8442B80C9210540007FF49FFFFBB49
:1042E00002050012803F844249FFFFB5B809803FB4
:1042F000921054000FFF844249FFFFADB41F001518
:10430000002044A20150AE40B41F9C41B63F3C1C6B
:1043100000F504208012925054217FFF949289422C
:10432000844200150020AE41B41F803F8C01B61FAF
:104330000405000C9210540007FF49FFFF8C020592
:104340000012803F844249FFFF8604050009803F38
:10435000921054000FFF844249FFFF7D440FFFAAD3
:10436000100300514413F04A44200055000300514B
:104370005A00CC04AE88D5FB840038138000381472
:1043800080088C015A081AFB840010030051FCC4F9
:10439000FC002E07ED91540000FBC80A44020A20DD
:1043A0003C1C01EB44200048490040FFD50D44026D
:1043B0000A2044120A223C2C01EB443000908481F4
:1043C000FAA049001037FC80FC20540000FBC00616
:1043D00044725C0044600090D50544725F604460A4
:1043E00000482E07ED5F8E01E602E80844024B40CC
:1043F00044124A208046490040D82E07ED5F540001
:1044000000FD5A08011095B184A044324B4098AB8E
:10441000987D8403A5108E013840980DC8FC8CA2AD
:10442000DEF7FCA0FC0049FFFECC49FFFFB32E07DE
:10443000ED5FC00A49FFFEBE2E07ED9149FFFFC6A2
:1044400084003E07ED5FFC802E1002915A18010592
:104450002E17CAEAD5033C13E5492E27ED7BCA0582
:104460002E27CAEC882296493C2DFB9BAC40B442D7
:1044700092429686C2038C3EAC402E17CAEAAC44E8
:104480003C1001558E3EE63AE80544100032AC403F
:10449000AC44DD9EFC000400001244120054921053
:1044A00054007FFF9402880144128F7000208128FD
:1044B00010200018002081291020001900208126DA
:1044C0001020001B001081271010001AA085461133
:1044D0000000FE57A845A08546120000FE57A845DB
:1044E000A08546180000FE57A845A0854614000088
:1044F000FE57A845440228384900104DFC803C0F67
:10450000FF74DD9EFC0080C02E0002912E3002B0B0
:104510005A0001062E07ED2B5A08013E84003E0783
:10452000ED2B0003001C3E07CD995A380105A6303B
:104530003E07CD993C0DFB9BB40092029606C0034A
:10454000A036D503040300083C0FF367A60A3E0714
:10455000CDFCA60B3E07CDFD0001000C3E07CE288A
:104560000001000D3E07CE29A4173C0BE715020100
:1045700000083C0BE716000100123E07CE2E00019A
:1045800000133E07CE2F0201000A3C0BE718020180
:10459000000BD523A6303E07CD99A0363C0FF3671C
:1045A000A6083E07CDFCA6093E07CDFDA6103E0796
:1045B000CE28A6113E07CE29A4113C0BE715A41264
:1045C0003C0BE716A6163E07CE2EA6173E07CE2FAB
:1045D000A4143C0BE718A4153C0BE7192E07ED4D6E
:1045E000C0054403D0903C0FF3675A3801064400DD
:1045F0000E103C0FF3672E0002A65A080109840032
:104600003E0002A6A6303E07CD99D505490010C848
:104610005A0802F7FC80FC405A00010A44625C0020
:1046200080864410012044200090D50944625F60D8
:1046300044424A204410009044200048840080A056
:10464000385201098C0196C0E262E9FB8406944964
:104650004432000081E080E4810384A00A940001D8
:1046600002A380004094BD378CA1892A97681A93D1
:104670008001DAF58E0196008861C8EE95D194C16B
:1046800088668423385201018E21964838519C0D4A
:10469000C9FA8C019640E222E9F3FCC0FC4102A079
:1046A00000000290800040450809AD00A50884FF85
:1046B0009282AD08E24A84804091A40680A083875C
:1046C00084C1800483C44482C36814FF8000149FA3
:1046D000800102F2800054A200FF40F78806812585
:1046E000E81802F0800040F78C06E81384C03864B4
:1046F00010084EA30009B4DFCE03F601C60484C13E
:1047000038641008A5A8E2DCE808838683CAD505CA
:1047100085E138F41008D50284C0029480000AF0C4
:104720008001892FE3278C818CA24074BC1B40053B
:104730003C1B5A4804D05A600103801EFCC18020F3
:104740003C0C00E8C1195A1801053C0C00F0DD9E34
:104750005A1803053C0C00E9DD9E5A1802053C0C72
:1047600000F1DD9E5A1804053C0C00F5DD9E5A1838
:1047700005043C0C00F6DD9EFC002E07ED7BC829ED
:104780003C1C00A15CF08032E9243C0BF6EF442293
:1047900025B080603C13E4FEE201E80698428C01FB
:1047A000AEC89601D5F83C0C01E73C1C01E9490074
:1047B0003F17440000333C0BFEDE44124A203C0C01
:1047C00001EB4420004849FFFCE084013E07ED7BFB
:1047D000FC8094D988604C0180051A200001D5FC2A
:1047E000DD9E4403F04A44100055AE404413F403E8
:1047F000A608C8FFDD9EFC4051FFFDB0F081F182AC
:10480000B67FB00444124A204430009080E28440D5
:10481000F48349FFFFE04420FFFF44300090500F35
:10482000813044124A2049FFFFD63C0DFBA784216A
:1048300084C0AE4084013C6FFBD94493F04A4900E8
:1048400011F14480005549FFFCB5F0014C60004374
:10485000840085403E07ED963CAFFBDB49004354A6
:10486000108480002E07ED96F102E201E8262E1753
:10487000ED963C0DFBDBE220E8F63CAFFBD95A7825
:10488000020C2E07ED96B43FF203B0C4504F8130B6
:1048900049FFFC20D50B5A78010A2E07ED96B43F4C
:1048A000B084503F813049FFFB202E07ED968C01EC
:1048B00096003E07ED96D5D73C0DFBA784218CC111
:1048C000AE40440FFFAA3E07ED5E97B049FFFF8B55
:1048D000D5BD51FF8250FCC03C2C00E8441200A81A
:1048E00004010012921054007FFF940288014412C8
:1048F0000000B400920A96373E07ED7004010012E2
:10490000921054007FFF94028801B4200000002020
:10491000922A96773E17ED563E07ED76DD9EFC0017
:1049200084003C0FFBD83C0DFBA78421AE4049001E
:1049300042EB4403F04A44100055AE403C2DFBA727
:10494000A6505A1001FF44100055AE404413F40322
:10495000A6089600C8FE3C1DFBA78441AE883C0E0D
:1049600000A1FC80FC0080C049FFFF3D3C0DFB988E
:104970003E67ED9149FFF87CFC80FC0180C084011A
:1049800049FFFFF2842684028441B0C1404F840075
:1049900049FFFF335A680105800649FFFE3E49FF83
:1049A000FF2284013E07ED2B020F800249FFFC1D10
:1049B000FC81FC4044428F702E67CB5C2E37ED911A
:1049C000842080E49688E246E8179881C304005169
:1049D0000020D50338500400409204001054818414
:1049E000C30400210028D5030021000899798C21F7
:1049F0001022818CD5E8FCC04422C9484432000012
:104A0000B482A09184A10412001292305410FFFFCE
:104A1000944A88234432015004108008944A923406
:104A2000964B121000813C1BF6FC0412001204216C
:104A3000001392305410FFFF944A882354217FFFC3
:104A40004432000C949288430230801B10300104E1
:104A50000230801B9268103001050230801A10303D
:104A600001060230801A926810300107A4D310307A
:104A70000108A4D3926810300109A4D11030010AB2
:104A8000A4D192681030010BA0D292785441803F9B
:104A90000430800F9261FEEE94DFFEE71030010CCF
:104AA000A0920410800F9248FE6E96AF944FFE576E
:104AB0001010010DDD9EFC0080403C0C00E94432EA
:104AC000015083804402000CBC120050810492907B
:104AD00054427FFF95228883BB1350F2003C54312F
:104AE000FFFF94DA886000008105400020088805F7
:104AF00096011202001B0000810700508106400051
:104B00002008880596011202001A0000810CB4CF1B
:104B100092079541841DFE36FE2FB60F0000810DD1
:104B2000B4CF40501C09841EFE36FE2FB60F000085
:104B30008109004081084000200888049601AC1BD0
:104B40000000810B0040810A400020088804960183
:104B5000AC190040810CA01A972F40526008464CB7
:104B60000FFF50420FFFFF06FF2FA91A0010810D03
:104B7000440FC0FF966F4040A008A05AFE46FE6753
:104B8000A85AC2038E41969084033C1DFB98443280
:104B9000B32C49FFF8B2FC8000100053C9283C1C1C
:104BA00000E9442201500410801292305410FFFF9B
:104BB000944A8822002000545A280107A0CD442C92
:104BC000FFFFFE9ED50A5A28020AA0CD442CFFFF03
:104BD000FE9E44320000FE9FA88D842010100052DB
:104BE00010100053101000548401DD9E8400DD9EDF
:104BF000FC418121B61F8102F38180C43C1DFBB3BF
:104C0000A60896005A0801FE3C1DFBA7AE08490005
:104C1000417B3C0DFBB3A7C097F85A7801FEB41F47
:104C200085403EA7ED7C49003D163C0DFBA7AFC07B
:104C30000074812ECF0649003D223E77ED7CD511D0
:104C40000073005197C6CF0649003D191074809E2D
:104C5000D5053EA7CAF649003C1D8401100400009A
:104C6000F101840AAE08440FFFAA1003005184002A
:104C70001003005210030053FCC13C1C00E8540018
:104C80000FFF04208012041080124422005492303E
:104C90005410FFFF944A88224020480804308008BE
:104CA000460C003F50000FFFFE1EFE171400800848
:104CB000DD9EFC402E2002A000A000005A2801101A
:104CC00084403E2002A03E2002A33E2002A2844057
:104CD0003C2BFEE53C2BFEE43C2BFEE302F0800285
:104CE000A488A58902908003991644300064884FF7
:104CF0004057A400FF1CFED44023240040421496D9
:104D0000402188565CF782BD976197D1E9085CF431
:104D100082BDE91A5EF20032E90BD57A5CF302BD7E
:104D2000E9135CF482BDE9105EF10032E80D442025
:104D300004B03C2BFEE3E6B984413E2002A3E9081F
:104D4000E6F9E906D56384433E2002A3D55F8523B7
:104D50003C63FEE3C6522E3002A23C23FEE53C43F8
:104D6000FEE45A3801162E3002A35A3801245CF1B1
:104D70000078E8049CD13C3BFEE58A894E4700055B
:104D80003C4BFEE4D51784403C2BFEE4D5135A3847
:104D900002122E3002A35A38020E5CF20078E804A8
:104DA0009CE13C3BFEE48A494E26000384403C2BB8
:104DB000FEE53C23FEE43C33FEE5E2628440E8028B
:104DC0008441AE80A4885CF102BCE825A4895CF132
:104DD00002BCE821A48A5CF102BCE81DA44B5CF093
:104DE00082BCE8195CF28033E9165CF38033E91386
:104DF0008EC13C6BFEE3D50F3E6002A33C6BFEE52B
:104E00003C6BFEE410A00000D5068521D5A25CF322
:104E100002BDD58A2E1002A33E1002A2A600FCC03D
:104E2000FC42FA40FD30801F842049006EDD2E27B1
:104E3000FDBEA6304442C874380208084402C85C6B
:104E4000C70438700909D504842138100909842061
:104E50009DD1852C44A12B0844800BB898F9403192
:104E6000A5F638523C005A50FF0F3835040038F090
:104E70003D014231A0244031BC7638FF9602886F54
:104E8000383F960A8C215A180CEB842080618001EF
:104E9000384F86029748E2048C214032BC1B400206
:104EA0003C1B5A1804F7E64BE8043E77FDBED504D8
:104EB00084003E07FDBEAEF0FCC2FC44B1C481419B
:104EC000844884208120B186800749006E8D84202B
:104ED0008448800649006E8884003C0801364400FE
:104EE0000090400028169640B63F948185004C857E
:104EF000000D8009B43FF28149FFF8D0F201380378
:104F0000210989228D01D5F449000C4A3C1DFF740A
:104F10000220800F5A0002058403FE84969180626D
:104F20008027800649FFFBBC8040100F800F38139C
:104F30000901500F800F3823890149FFFF733C0D91
:104F4000FB9BB40092029606C808500F800F802683
:104F500049FFFEB1100F800F020F800C001F800F61
:104F60003C08097DA4313C08097EA4323C08097F35
:104F7000A4333C0809802E07ED843833010138231F
:104F800081013C38013688623823050138138501D8
:104F90008841E043E8069A9A5CF100C8E808D50227
:104FA00084402E1002A3C903100F800F9451443087
:104FB00001F440108C37E623E807C907441000C706
:104FC00040108806D5028423002F800F2E57FDC481
:104FD000DA042E37FDBF88233E17FDBF2E17FDBF15
:104FE000E623E8042E1002A3C10584003E07FDBF9E
:104FF00080023E27FDC4FCC44412C3683800800010
:105000005A0801052E07CAEDDD9E8401DD9E84004D
:105010004412C874845F382080088C015A080CFD43
:1050200084003E07FDBEDD9EFC0284208448801F74
:1050300049006DDA84208448B00249006DD58402AD
:105040003E0002A1840249FFFC8F84028040807FE1
:10505000B102842649FFFBD1B04284448402490056
:10506000374249000B9D3C1DFF740220800F5A00FF
:1050700002058403FE8496918062803FB00249FF5E
:10508000FB0F80C049FFFFC52E07FDBE9C413E17A8
:10509000FDBE4412C87438608008840249FFFABD1E
:1050A00049FFFBA149005F9E5A08A104490010F87E
:1050B0008006FC825A0801068401AE088400D50EE1
:1050C0003C0DFF740200000FE20440403C1BE283F1
:1050D000E9F4A410E61EE8048C01AC10DD9E840007
:1050E000AE08DD9EFC40810184203C1801364462FC
:1050F000C36810810000842480E2814349FFFEDF01
:105100008120380320005A0801122E000270E602A6
:10511000E8048C013E00027084013E00029184008C
:105120003C0BF6DB3C0BFEDDD53084004412C83965
:105130004422B35E3C3001363C43F6FD49FFFFBCE0
:105140002E000270C0048E013E0002705AA80112A7
:105150008400802038230000CA038C2196498C01EA
:105160005A0804FA5A1804063C03FEDD8C01D502E5
:1051700084003C0BFEDD3C03FEDE4410EA5FE220CF
:10518000E9048C013C0BFEDE84003E00026E2E0022
:105190000270C00684013E00026E10938000FCC0C5
:1051A000FC2149FFF9412E17ED91540080FBC862A4
:1051B0003E0002A13E0002A044200050C9063E105D
:1051C00002913C2BF6FDD50D3C2BF6FD4412C8395F
:1051D0004422B35E3C3001364440005049FFFF6C2E
:1051E0003C0C01EB842049FFF6912E07ED9144120F
:1051F000C8148441490036773C0C01EB44124A2024
:105200004420004849FFF7C12E07ED835A000104EE
:10521000480000CC2E60026E5A600104480000C6AF
:1052200084023E0002A184003E000292440000433A
:105230003E6002A0490036FD49FFFEF880403C1D5B
:10524000FB984432B32C100F800784033E6002A108
:1052500049FFF55384003C0BF6DB3E07ED7B3E60D7
:10526000029149FFFB5E49FFF7A53E6002924800AC
:10527000009D440000963C0BF6FD84013E0002A117
:105280002E00026F5A0801093C3C00A14400003185
:1052900040300C06D50C8460C80A2E07ED7384617B
:1052A000C8062E37ED4F8E615C3180013C0C01EB5E
:1052B0002E17ED84502F800749FFFF162E07ED8330
:1052C0005A0801742E00026E5A0801262E67ED69F5
:1052D0005A6801222E57ED84000F8007D06649FFDF
:1052E000FA8284E02E07ED91490039B53E700292B2
:1052F00049FFFA7984033C1DFB98002F8007443254
:10530000B32C49FFF4FA3E77ED7B3E60029249FFF1
:10531000FB08D54B3C03FEDD5CF00032E80A2E07AB
:10532000ED4F5A0801433C0C00A15CF00032E93D0E
:105330004400004284C04900367C3C6BFEDD49FFDE
:10534000FA522E07ED9149003986840149FFFB1777
:10535000C8232E20026FCA0E3C1DFB984432B32C8A
:1053600049FFF4CB3E67ED7B49FFFADB49FFF722AB
:10537000D51C84033C1DFB982E27ED844432B32CAE
:1053800049FFF4BB3C0C00A15CF00033E90E840142
:105390003E07ED89D50A84033C1DFB982E27ED843A
:1053A0004432B32C49FFF4A92E07ED913E07ED7E60
:1053B0003C0DFF740000002EC00B3C10013644026F
:1053C0002D54AC403C13F6F744022D56AC40FCA1E2
:1053D000FC002E000A1A3C1DFBDB8C01E220E804D5
:1053E00049FFF0DFC00C84003C0BF6F149FFF0DF11
:1053F000C81749FFF4FF49FFFED5D5122E07ED5D12
:105400005A0801064402B38A4900377F8440840168
:10541000842A8062808080A249003704D5DBFC802A
:10542000FC402E37ED912E07ED762E17ED562E27E8
:10543000ED452E400A27CB0480A080C1D50580A26F
:1054400080C4804080813C7C01E9FF74FEA48460BC
:10545000449211703C03E4FEE260E81A9419401093
:10546000240040A3800002808000A44802050000C0
:10547000FE649A08FE2C428418244000081640045A
:10548000000196018C611205000096D9D5E43C0C10
:1054900001E93C1C01E7490038A3FCC044524A2002
:1054A000442003E844324AB05A080509A5280212EC
:1054B0008048FE6440108837D5095A08010AA4685C
:1054C00002428048FE54401090379649AC688CA246
:1054D000DBECDD9EFC4180C080A181028143812400
:1054E0002E77ED915A080115C1249E892E57ED841F
:1054F0009690D20A2E00026F5A0801078002F281AC
:105500004900143DF20184033C1DFB98D50E5A0856
:1055100002115A7804078401F18149FFFFC1F501A6
:1055200084003C1DFB9880454432B32C49FFF3E5D1
:105530003C1DFBB3A60896005A0801FE3C1DFBA7C4
:10554000AE0849003CE13C1DFBB3A60896005A0892
:1055500001FE3C1DFBA7AE082E07ED914900387BEC
:105560002E07ED91C8045A780408D5045A0804059A
:10557000CF0349FFFF575A68010A840010640000F6
:105580001065000010048000D50E5A68020D8400DA
:105590001004000010050000840110048000840342
:1055A0003E07ED5FFCC1DD9EFC0080C0C8244402C4
:1055B0000A2044125F6044200048490037F6440244
:1055C0000A2044125FF044200048490037EE4402AC
:1055D0000A204412608044200048490037E6440213
:1055E0000A2044124A2044200048490037DE3E6029
:1055F000026ED51049FFF3FE44020A20842049FFC1
:10560000F48544020A2044124A204420004849FFFD
:10561000F5BC2E07ED83C8033E00026E2E00026E1D
:10562000FC803A6F9EBCEFF880C0440FFFAA3E0793
:10563000ED992E07ED9DB65FF3815A08010880228F
:105640004402B34580434900619B3C1DFB984422C2
:10565000B305B47FF4014402B418490062DF960038
:105660003E07ED8E49005B8F2E07ED8E5A00010537
:1056700084013C0FFBC8A6315A080712A6305A0015
:1056800002044800008E3C0DFBAA5A0006625A082C
:10569000097E490008855A08027AD55A5A08080B2B
:1056A000A6305A08027E3C0DFBAA8E06E602E86E82
:1056B000D54F5A080907A6308E02E602E871D54890
:1056C0005A08030DA7B05A68016C800649000ABB4E
:1056D000800649000AA78408D564540000FD5A08D2
:1056E0000460A7F05A78015D800749000AAC800782
:1056F00049000A9849000DBE3E07ED6F4900082495
:105700002E57ED8284203E07ED403E17ED50D0032A
:105710003E77ED50A7F13E07ED825A78061A2E0724
:10572000ED6F2E27ED66E240E91584003E07ED6639
:105730003C0DFB9849FFF19C2E07ED91802749FF16
:10574000F1EA84013E07EDA284003C0BF6EA8408EE
:10575000D528CA033E07ED668404AE312E000A1A2E
:1057600049000E1980E0C8F4840149000D0080064C
:1057700049000D0EB61FB43F8402804784618087C4
:1057800080A74900354F8408D50C84408461840289
:10579000FA25808380A2490035458408D50284011A
:1057A000EC083A6F9E84DD9E3BFFFCBCEFFC490099
:1057B00007F75A0802124403F04A44100055AE405D
:1057C0003C2DFBD6CA09840180208062808080A2A3
:1057D00049003528D5F6EC043BFFFC84DD9E3BFFF9
:1057E000FCBC8401EFFC49FFEEF64403F04A441090
:1057F0000055AE404413F403A6085A0001FFEC0420
:105800003BFFFC84DD9E3A6FA8BCC00349001D46E7
:10581000446003E94473F04A44900055490007C0CE
:10582000C0128EC1C61084218041806184804400F2
:105830004F00490043C04400006449001CF5109328
:105840008000D5ED84003A6FA8844800073E4403E9
:10585000F04A44100055AE404413F403A6085A0021
:1058600001FFDD9E3A6FA8BC812080E249003444EC
:1058700080C049FFFFEE5004FFFFE60F4EF2019D8E
:1058800044F057903807810140F03C004A003C004A
:105890001E007200B200B601E0012C032C032C03A1
:1058A0002C038202BA020C03260326032C034400B5
:1058B0000030490033BE840DAE398405AE38840013
:1058C00010030050449000554463F04A49000768B3
:1058D0005A08020510930000D5FA4403F010842002
:1058E000AE404900075DC0208421804180618081F5
:1058F00044005AF04900435F4400008C49FFFF8593
:10590000D513840DAE398406AE38840010030050E0
:1059100080A650030041843F18128001D8FE440342
:10592000F0108420AE40800784214900383D842057
:10593000840280418461808180A13A6FA8844800FC
:10594000347144000032490033743C1DFBA78402CB
:10595000AE08AE38A6399E43E624E9075A000C0685
:105960005A080D074900356A8407AE39D503840803
:10597000AE3985201093005049FFE0B83E97ED6A9C
:105980003E97ED5049FFF1C83C0DFB9849FFF07080
:105990004463F04A3E97ED304490005549000700BB
:1059A0005A08020510930000D5FA4413F010840041
:1059B000AE084413F429442FFFC3AE884413F01CEF
:1059C000AE08490006EDC009842144005AF0804128
:1059D00080618081490042EF84003E000290840093
:1059E0003C0E00A044023FF0441FFDFDAC402E10D1
:1059F000029284013E07ED543E00029B5A100104BE
:105A00003E07ED5F84004900090D800784204900AE
:105A100037CB3C0DFBAA5A0004045A08070C84211A
:105A2000844084028062848F80A13A6FA8844800F9
:105A300033F984408402FA258062848F84A13A6F0E
:105A4000A884480033EF3C0DFB988420490037AC14
:105A50008409AE398403AE388400100300503C0D35
:105A6000FB9849FFF00584013A6FA88448FFE07C69
:105A700044000031490032DD4403F42985201090B0
:105A800000004403F01C854110A0000049FFF144D0
:105A90003E97ED3D10A38000109300502E07ED3D82
:105AA000A6792E27ED5384812E37ED6E4452B44CE7
:105AB00049FFED322E07ED91541000FBC908440256
:105AC000B44C4412CF9049FFEF86D5095A08030819
:105AD0004402B44C4412CDE449FFEF7D84003E0003
:105AE00002902E10029284003C0E00A084013E071A
:105AF000ED545A1001043E07ED5F840049000892FE
:105B0000A6398E07E604E85B80073A6FA884480050
:105B100033CE840DAE398406AE3880A650030041E2
:105B2000843F18128001D8FE800784214900373C49
:105B300084001003005084208461840280418083AB
:105B400080A13A6FA8844800336D490006293C1DA6
:105B5000FB985A08020CA6095A00031280018420FF
:105B60004900372249000FD2D50AA6095A00090870
:105B7000800184204900371849000BCC00030051F4
:105B8000001300524422B31D4432B2F04442B32BFE
:105B900049FFFCA2840010030050D51100030051FE
:105BA0005A0001055A08020584003E07ED8784006B
:105BB00010030050D504841B100300503A6FA884D2
:105BC000DD9E92002E07ED48C8072E07ED8E8E044D
:105BD0005C000002DD9E8400DD9E0000A6C18E6395
:105BE000E6684EF202733A6FA4BCEFF480E280C024
:105BF00044F05B0038378D0140F1BC004A003C00A6
:105C000010002E01C2044602DE02440300045804C0
:105C10003C0DFBAA5A08091E490005C25A08021A7F
:105C20004402B2E44412B37A490033F54402B305A6
:105C30004412B30B490033E0840BAE313C0DFB98AA
:105C40008420490036B18403AE31FA003C0FFBAA30
:105C50002E07CA62C8074403F04A44100055AE40FC
:105C6000D52C5A0001092E07CA625A0001044800C7
:105C7000022AD5280493800349000F37E320E9EC7A
:105C8000D5F33C0DFBA7A6005A0801EF2E07ED5DEA
:105C90005A0801064402B38A490033373C1DFBDB36
:105CA0002E07C9F7E220E80984408401842A806233
:105CB000808080A2490032B63C0DFBB3A600C0E252
:105CC000D5D3A1FB49000F11E2E0E80549FFFF7CB5
:105CD000C805D50C49FFDF3FC8FA4403F04A441019
:105CE0000055AE403C1DFBB3D5102E07ED875A0082
:105CF00001F62E07EDA75A0001F22E07ED745A00A7
:105D00000104480001E0D5EAA608C0FF8406AE31D0
:105D100084023E07EDA2490005173E07ED824900C7
:105D20000BE13C0DFBA78420AE40480001CC2E07C0
:105D3000EDA0C8268006490009C42E07ED41C8071A
:105D40004402CD444900322849000C662E07EDA0DC
:105D50005A00031C84213C0DFB9849003625840120
:105D600049000A05800649000A13F0818440840234
:105D7000F1018461808280A249003254D5065A081C
:105D8000030584013E07EDA080062E17ED8E490025
:105D90000D822E07EDA65A080104480001942E0733
:105DA000ED645A080104480000972E07EDA05A0838
:105DB000030448000091A631490009FB4900099CF1
:105DC0003C73F6EAA631490009FEE2E0E8052E0739
:105DD000ED875A0801232E77ED53440FFFAA3E07A3
:105DE000ED5E97F88406AE315A78011380273C0D9A
:105DF000FB98490035D98006490009CAF0818440E2
:105E00008402F1018067808280A24900320B440342
:105E1000F06D8424AE40D5093C0DFB9884214900E7
:105E200035C38401490009A38006490009B1F08106
:105E3000F101EC0C844084028461808280A23A6F7C
:105E4000A484480031EF2E07EDA25A08011849003A
:105E50000DDC2E07ED645A08010B2E67ED87CE0787
:105E600049000E543E67ED9A4800012D3C0DFB9809
:105E7000842149003599480000FB5A00020448007B
:105E800001222E77ED875A78010B3C0DFB98842078
:105E90004900358A3E77EDA248000115A608C804DE
:105EA0002E07ED64C00D49FFFE8F8020C8092E0724
:105EB000EDA75A0001062E07ED745A080109840463
:105EC000AE313C0DFB9849FFEDD3D5AC3C0DFB98B2
:105ED0004900356AEC0C3A6FA48448000E173C0D5B
:105EE000FBAA5A08061E84003E07EDA03E07ED6F90
:105EF0003E07ED4E4402CD444900314E4900045066
:105F0000C007490031F73C03E73E49FFFC7E8403AC
:105F10004900308FEC0C3A6FA484480009FB5A000A
:105F20000904480000D04900043B5A00020448001C
:105F300000CA3C0DFB988420490035368403AE31FD
:105F4000480000C12E97EDA04E93001B490008B9F0
:105F500049000B623C0DFBA78421AE402E07EDA04B
:105F60005A000314800649000913F08184618402F9
:105F7000F1018049808380A949003154D5065A989F
:105F8000030584013E07EDA080062E17ED8E490023
:105F90000C822E07EDA65A080104480000942E0733
:105FA000ED645A0001062E07EDA05A080307EC0C19
:105FB0003A6FA484480009AEA631490008FA4900A6
:105FC000089B3C93F6EAA631490008FDE320E9115D
:105FD00085203C0DFB98149380038029490034E40C
:105FE000840AAE3184013E07EDA23C9BF6EAD56AF5
:105FF0008006490008CDF081F10184028440D55A21
:106000003C03E5DAA053E220E8082E07ED60C00566
:106010002E07EDA75A0801574403F04A44100055D3
:10602000AE403C1DFBB3A608C0FFA631490008C125
:10603000F081F1014402B3484422B39A49000A2690
:106040008400842A3C0BF6EAAE7184223E17EDA24E
:106050003C1DFBA7AE08D5362E07EDA25A0801104D
:106060003C0DFB9849FFED0449FFFBBB84023E0752
:10607000EDA23C0DFBA78420AE40D5245A08022394
:10608000A608C8042E07ED64C0082E07ED60C00501
:106090002E07EDA75A08018D8408AE313C0DFB9800
:1060A00049FFECE6840084401003801CA8BB8402F6
:1060B000FA26EC0C8461808380A23A6FA4844800A5
:1060C00030B1EC0C3A6FA484DD9E9200E606E875D0
:1060D00044F05FE03807800040F03C004A003C009C
:1060E000062644D8669E4413F24884014423F249AC
:1060F000AE088422AE504423F24A8464AE10442396
:10610000F24BAE50D5304413F248841FAE0844130E
:10611000F2498448AE084413F24AAE084413F24BE5
:10612000AE08D53C4413F2488401AE084413F2494A
:10613000AE084413F24AAE084413F24BAE084413BF
:10614000F24CAE08D52E4413F24884014423F249A0
:10615000AE088424AE504423F24A846CAE1044232B
:10616000F24BAE504423F24CAED04423F24DAE502D
:106170004423F24EAE104423F24FAE50D51B4413CD
:10618000F2488400AE084413F2498441AE08441337
:10619000F24AAE084413F24BAE084413F24CAE88F8
:1061A0004413F24DAE084413F24EAE084413F24FBE
:1061B000AE084413F250AE08DD9E9200C1035800B1
:1061C00000104413F2519600AE08DD9E40003C08DA
:1061D0004423F2449210AC104010BC084403F24631
:1061E0009230AC40DD9E4403F2408421AE40441323
:1061F000F04A44200055AE88A6405A1001FFDD9EAB
:106200004413F258A448AC404413F25AA448AC4199
:106210004413F25CA448AC424413F25EA448AC437D
:106220004413F260A64810100008DD9EFC02F081C5
:106230008002F383F18249FFFF4BF001F10249FF35
:10624000FFC749FFFFD2F00349FFFFDCFC82FC02DD
:10625000F0814403F242F182F283AF40001F8020BC
:106260004403F243AE404403F2528421ACC04403E1
:10627000F254AD004403F256AC40001F80244403A6
:10628000F241AE40000F8028001F802C49FFFF988C
:10629000F001F102F203F30C49FFFFCAFC823C0D4E
:1062A000FBA402000011DD9E440251703C0FFB81F3
:1062B0004403F142441028B8AC4044125188840091
:1062C000B6013C1DFB81A80F3C1DFB81140080081A
:1062D000DD9E84203C0FFBA4AC43DD9E3C3DFBA433
:1062E000920192219241AC18AC59AC9ADD9E3C1DB2
:1062F000FBA4A6821020800CA6831020800DA6800F
:10630000A6011020800E1000800FDD9E3C1DFBA416
:10631000A68210208010A68310208011A680A601DE
:106320001020801210008013DD9E3C1DFBA4A6826D
:1063300010208014A68310208015A680A6011020AE
:10634000801610008017DD9EFC01B63FF28149FFE8
:10635000FFD0B41F49FFFFDCF00149FFFFE8FC81DB
:10636000FC24F081F182F283001F803C002F8038F2
:10637000000F8040007F8060006F804C105F8016AF
:10638000103F8014102F8017104F8015101F801A97
:10639000103F8018100F801B104F8019CF08105F1E
:1063A000801E103F801C102F801FD507101F801EDD
:1063B000103F801C100F801F3C0DFB81104F801D73
:1063C00049FFFF89B005B046B08749FFFFBFF00124
:1063D000F102F20349FFFF843C0DFBA4021F802859
:1063E000002F8044AC44001F8054FE77526300109D
:1063F00095B1FF8F001F80481060000A5810804040
:10640000FE571010000B221F802C1210000C221FB0
:10641000802E1210000D4403F04A44100055AE4087
:106420004403F1408421AE40A6405A1001FFFCA471
:10643000FC04F08194199600F182100F80178422D9
:10644000100F801B84C13C0DFB81103F8014104F46
:106450008015103F8018104F8019103F801C103F8E
:10646000801F104F801DF283101F8016101F801A8E
:10647000106F801E49FFFF2FB005B046B08749FF5F
:10648000FF65F001F102F20349FFFF2A3C0DFBA476
:1064900084208449AC441010000B1020000A4403EF
:1064A000F04A44100055AE404403F140AF80A6408E
:1064B0005A1001FFFC844403F04A44100055AE40DA
:1064C0004413F403A6085A0001FF4403F380842117
:1064D000AE404413F04A44200055AE88A6405A10FE
:1064E00001FFDD9EFC004413F381A608540000F078
:1064F000AE084413F3848400AE084413F56BAE0871
:1065000049FFFFDBFC804453F381944AA72894079A
:10651000544200F0FEA7FE579648FE0F9600AE28A4
:106520004403F38496D8AEC0DD9E4413F386840002
:10653000AE084413F387AE08DD9EFC004403F384E9
:1065400096D8AEC049FFFFB94403F04A4410005545
:10655000AE404413F380A6085A0001FF4463F38061
:106560004403F386A6005A08010F49FFFFE049FFE4
:10657000FFA44403F04A44100055AE40A6305A0030
:1065800001FFD5EF4403F387A6005A0001F0FC8019
:10659000DD9E441E0000880192024413F3CA960156
:1065A000AC08DD9E4413F280A60858000001AE0836
:1065B000DD9E4423F2809405A650FE479648AE50D7
:1065C000DD9E441E000088014413F2869681AC884B
:1065D00092104413F2889606AE08DD9EFC40FD3012
:1065E000A4404403F2844493F418AC40A03149FF22
:1065F000FFEA001300084403F283AE4000030009E1
:106600004443F28096069441A6200023000A5400D9
:1066100000FDFE0F3C4FFB839686AE2094D2A6A0D1
:10662000542100FBFE9FAEA00003000B49FFFFC3F7
:106630004403F04A44100055AE40020480005CF070
:1066400000C8E911020480005CF00751E80C440323
:10665000F2918421AE4049FFFFA744A3F280448316
:10666000F04AD50A4900009C5A0002E9D5F14400DD
:10667000005510040000000500009606C00B4900FC
:10668000008FC8F64413F280AE084413F291AE08AE
:10669000D51A4413F291AE084403F2813C0FFB82F9
:1066A0005A780307A64092229646C1A9D5085A787F
:1066B0000105A6009202D5055A780206A6009203AB
:1066C0009606C09DFCC0C80844122CF5A6088C0193
:1066D0009600AE08D50F44222CF6A6508C21964881
:1066E000AE505A0801084413F060A6085800000490
:1066F000D5064413F060A608540000FBAE08DD9EEA
:106700004413F0689600AE08DD9E4423F0539606CD
:10671000A650541080FE88019600AE10DD9E4413F2
:10672000F06A9606A688542100FEAE88A6888802E4
:106730009600AE08DD9E4423F054AC104403F0569E
:10674000AC40DD9E4403F061A600960FDD9E44231D
:10675000F06DC9038425D5028424AE509444FE0F05
:106760004413F06E9600AE084413F06FAE08DD9E41
:106770004403F06D8420AE40DD9E4403F061A6002A
:1067800092039606DD9E4403F061A60092029606EF
:10679000DD9E4403F061A6009207DD9EFC0049FFE8
:1067A000FFFAC80749FFFFF15A0001068401D5042A
:1067B0008400D5028402FC804403F0544410005647
:1067C000AE404403F05E4410005EAE40DD9EFC002F
:1067D0004403F054A6404403F05E964EA600960093
:1067E000C103960EC80349FFFFE94403F058A640D1
:1067F0003C0DFB9B964EC905B440843BFE56D50428
:10680000B42058108004B620FC809404FE479608FB
:106810004413F481AE08DD9E4413F4839601968000
:10682000A6C89208AE88A689AE09DD9E4413F485F9
:1068300096019680A6C89208AE88A689AE09DD9E0C
:106840004413F4879680AE8892084413F488960027
:10685000AE08DD9E4413F4899600AE08DD9E440325
:10686000F48244200055A640541080FE5810800148
:10687000AE404413F04AAE88A6409646C9FEDD9E5F
:106880003A6F9EBC84004463F00E3E000265A43063
:1068900054000100C00944122CF4A6088C01960093
:1068A000AE088408D57AA430960EC874A430961E1B
:1068B000C00944122CF3A6088C019600AE0884038C
:1068C000D56CA4309616C00944122CF2A6088C018F
:1068D0009600AE088402D561A4309626C009441201
:1068E0002CF1A6088C019600AE088404D556A4307D
:1068F0009606C05249005CFBA4309636C834A430DA
:10690000962EC833A430963EC832A43054000200FC
:10691000C00C4403F064A6409646C12BA640541018
:1069200080FEAE408409D5324403F00EA4405410DA
:106930008400C921A44054108800C91FA4405410E9
:106940009000C91DA4405410A000C91BA4405410BD
:10695000C000C919A400920FC01884013E0002644F
:10696000840FD5148406D5128405D5108407D50E5E
:106970008409D50C840AD50A840BD508840CD50665
:10698000840DD504840ED502FA0084213E100265E0
:10699000D5048401D502FA004413F00E8440AC887B
:1069A0003A6F9E84DD9E4403F3228421AE40DD9E37
:1069B0004413F323AE08DD9E4403F323A600DD9EBB
:1069C0003A6F9C3C4463F540B6064403F544B62058
:1069D0004403F548B6404403F54CB6604403F55013
:1069E000B6804403F554B6A0F1024403F558B6202E
:1069F000F1034403F55C3A6F9C04B620DD9E3A6FC8
:106A000098BC44212B14EFF83A210C003A2F8C202B
:106A10004423F5044443F5024433F5033C2FFB853E
:106A20004423F50580C0803F3C4FFB883C3FFB87FB
:106A30003C2FFB845A000204480000894453F500AF
:106A4000443C0B004403F50898AB3820880018221A
:106A50008001D8FB4403F50744100045AE404403D1
:106A6000F50084C1AF80840080208040806049FFB1
:106A7000FD664403F5018423AE40840080208040FD
:106A8000806049FFFD5C3C1DFB88A60858000002A1
:106A9000AE08840080208040806049FFFD504400A3
:106AA00007D0490013C13C1DFB87A608580000020F
:106AB000AE08840080208040806049FFFD40440093
:106AC00003E8490013B1840080208040806049FFC2
:106AD000FD363C3DFB883C2DFB87A658A610581080
:106AE000801D5800001DAE58AE10840080208040EC
:106AF000806049FFFD242E07ED80C81B3C0DFB98EC
:106B00003E67ED80A78149FFFE4B3C1DFB985A086C
:106B100002058404AE09D5038408AE093C0DFB9838
:106B200049FFE7A6840149FFE5563C0DFB98AF817C
:106B3000440005AA4900137849FFE533C0FE3C2D07
:106B4000FB88440FFFEFA650D546C8284413F50034
:106B50008441AE884413F5018443AE883C2DFB8804
:106B60008060A65058108002AE503C2DFB87A65086
:106B700058108002AE508020804049FFFCE03C3D30
:106B8000FB883C2DFB87A658A6105810800C580097
:106B9000000CAE58AE108006D5265A08012DA6204E
:106BA000A758845BFE168437FE0EFEAEAE20FE565E
:106BB0008400AE5880408020806049FFFCC04413B0
:106BC000F5008400AE084413F501AE083C2DFB88A7
:106BD000841DA650FE46AE503C1DFB87A688FE16BF
:106BE000AE088400EC088020804080603A6F988472
:106BF00048FFFCA5EC083A6F9884DD9EDD9E4610A8
:106C000080006413240364230402461F7FFF501096
:106C10008FFFFE5640006C08FE0F64030403DD9EE8
:106C2000461008006413240364230402461FF7FF80
:106C300050108FFFFE5640005C08FE0F64030403F3
:106C4000DD9E441080006413240364230402441F67
:106C50007FFFFE5640003C08FE0F64030403DD9EE8
:106C6000DD9EFC2080C14413F04080E2A6C844238E
:106C7000F00E5431801CFEC7848096D8AD10AEC88B
:106C80004413F04A44200055AE885A0802074900D0
:106C90000139C8FE640304034413F0DA97B0A60870
:106CA000540000F04023800496904403F0EDAE8839
:106CB0004413F04AAF8044000055AE084413F0413D
:106CC000AE084000000940000009400000094000F3
:106CD000000940000009FCA0944D4423F042FE0F3F
:106CE0009600A6D0AE10DD9E96069404965FFE47F1
:106CF0004403F043AE40DD9E4413F044AC08DD9EF7
:106D00004413F046AE08DD9E40003C084433F200D8
:106D10009210AC184010BC084403F2029230AC4010
:106D200040213C084403F2049250AC80DD9E4403B1
:106D3000F20A44200055A640541080FE58108001ED
:106D4000AE404413F04AAE88A6409646C9FEDD9E8A
:106D50004423F2069600AE104403F2079648AE4074
:106D6000DD9E440232E8DD9E44022F00DD9E440396
:106D7000F20BA600DD9E4413F208AC08DD9E44230E
:106D8000F20A9401A6509646FE479648AE50DD9E04
:106D9000E608E82544F06CA43807800040F03C0089
:106DA0004A003C00080E141A20262C324403F20C30
:106DB000D5154403F20ED5124403F210D50F440347
:106DC000F212D50C4403F214D5094403F216D50689
:106DD0004403F218D5034403F21AAE40DD9E92003C
:106DE000E608E82544F06CF43807800040F03C00E9
:106DF0004A003C00080E141A20262C324403F20DDF
:106E0000D5154403F20FD5124403F211D50F4403F4
:106E1000F213D50C4403F215D5094403F217D50635
:106E20004403F219D5034403F21BAE40DD9E9200E9
:106E30004403F0D44410022DAC404423F04A4413E0
:106E4000F0F444300055A608961FC003AED0D5FC20
:106E5000DD9E4403F0C4A600DD9E4413F0C49600FA
:106E6000AE08DD9E4403F0C3A600DD9E4413F0C3CC
:106E70009600AE08DD9E4433F0D44423F0D6A458E7
:106E8000A61040F0A00840F7800444022CFFE00F59
:106E9000E80BA418A65040002008FE0F44F22D4233
:106EA00040003C07DD9E8400DD9E4403F0D4441383
:106EB000F0D6A400A64840002008FE0F441DD2B022
:106EC00088015C000001DD9E44022D00DD9E3A6FCA
:106ED00098BC80C049FFE3784403F0C697B0AF8008
:106EE0003A6F9884DD9E4403F0F58421AE4044134C
:106EF000F04A44200055AE88A6405A1001FFDD9E9E
:106F00004403F0F4A600961FDD9E4403F0F7A600AC
:106F1000DD9E4413F0F79600AE08DD9E4403F0F6C4
:106F2000A600DD9E4413F0F69600AE08DD9E4423D5
:106F3000F0EC9606A6509402541080FBFE0FAE10A3
:106F4000DD9E48FFFFF64413F050A608580000806D
:106F5000AE08DD9E4413F050A6089637AE08DD9EBD
:106F60004423F0509617A650541080F8FE47AE50B8
:106F7000DD9E4423F0509617A65094045410808F41
:106F8000FE47AE50DD9E4413F051A60858000001A4
:106F9000AE08DD9EFC00840749FFFFE44403F04C8B
:106FA0008420AE40840749FFFFE64403F04E84216D
:106FB000AE4049FFFFEAFC803C0FFF75DD9E3C0DB3
:106FC000FF75A600DD9E44024000441245103C0FB0
:106FD000FBB13C1FFB943C0FFB99DD9EC0045A00A3
:106FE0000209DD9E3C0DFF75A6003C0FFB38DD9EBF
:106FF0003C1FFB38DD9E40003C084433F1C4921036
:10700000AC184010BC084403F1C69230AC4040219B
:107010003C084403F1C89250AC80DD9EFC00440261
:107020008F700020000F001000104403F1C2AE80EA
:107030004403F1C3AE403C0DFBB13C1DFB943C2D21
:10704000FB9949FFFFDAFC8084003C0FFBD5440329
:10705000F1C08421AE40DD9EFC0649FFFFE13C0DFE
:10706000FB385A000F134413F1C19600AE0849FFD4
:10707000FFED4403F04A44100055AE404413F1C004
:10708000A6085A0001FFD51BFA202E37C9D7F18573
:107090008422840084A1F18744124000F083F084AC
:1070A000F086F088F0892E47C9D8B67FF581F38243
:1070B000F58A44024510804149FFF954FC86FC00E2
:1070C000842049002C71840149FFE28584018440B9
:1070D000842A8080806280A2490028A44403F04A68
:1070E00044100055AE4049FFE25CC8043C0DFBD89B
:1070F000C0FBFC802E17ED4E5A10FF384422D8C832
:1071000038310501E260E931FC20840038010509CD
:107110003C0BF6F9842084832E07C9CB9401E02030
:10712000E8233C3C01F13C0C01F23C5C01FA9489FF
:107130008862880288A1A598A5C0A628880742036E
:107140001073405008099769AD583C5C01F13C3C14
:1071500001FA88458861A4908C2194928A02960055
:10716000AE189648D5DAFCA0DD9EFC005A08010D49
:107170002E100A1A2E000A09400080175C108003A6
:1071800049FFFAE7D50349FFFAF5FC80FC0049FF07
:10719000FB075A08020B2E07ED53C8042E07CE5EDC
:1071A000D5062E07CE5FD5032E07CE60FC80540097
:1071B00000FD5A0804053C03FEEDDD9E3C03E73765
:1071C000DD9E5A0804053C03FEECDD9E3C03E738D7
:1071D000DD9EB400920196065A08010C2E07CA6B78
:1071E0005A080108440000643C0BFEED8402D507F8
:1071F0003C03E7353C0BFEED3C03E7363C0BFEEC75
:10720000DD9E2E17ED48C90A84423E17ED603E27E9
:10721000ED7D3E17ED641010001CDD9EFC00440364
:10722000F04A44100055AE403C0DFBD8C8122E0762
:10723000ED5D5A0801064402B38A490028668401BC
:10724000844080208062808080A2490027EBD5EDB9
:107250002E27EEE0CA0A84022E17CE618461848351
:1072600080A2490027DFD504840E4900280CFC8049
:10727000FC0049FFFA955A08020E4403F4222E1727
:10728000CE7AA600961FE220E907C0068E0196007E
:10729000D5058400D503440000FFFC802E07ED4E89
:1072A0005A00FF2F2E07ED415A00012BFC2044020B
:1072B000CD44490027712E17ED4E84014000040C87
:1072C0002E17ED6D3C4C01F1FE0F3E07ED6D3C5C61
:1072D00001F03C6C01F284002E17C9CB9449E00107
:1072E000E80E944198E999E1A49888269691ACB863
:1072F000A4988C019691AC889600D5EFFCA0DD9EF9
:107300002E07ED4E842050007F0140008006DD9E58
:10731000FC003C0DFB98A601540000FD5A08081221
:107320002E07EDA05A00030584043E07EDA02E07AA
:10733000ED98C8073C13E5DAE625E9049E0DD50271
:1073400084003C0E00A084013E0002903E07ED60E8
:1073500049000F0449FFCDFB3C0DFB98A6415A188C
:1073600007078429AE4149FFE383D50F84204900F4
:107370002B1B3C0DFB988429AE4149FFE37949FF63
:10738000F230840E4900277F3C0DFBA78421AE40DC
:10739000FC805C000003DD9E2E27C9CB3C4C01F332
:1073A00094913C53E73184018420E022E80B94C996
:1073B0008864A4D896DBE0A3E80284008C21964878
:1073C000D5F5DD9EFC402E17ED7D5A18020B2E17C9
:1073D000ED60C9072E17EDA08E225C108001D5024A
:1073E00084202E47C9CB3C9C01F295A18EC19FE120
:1073F00084A0846144A2C88052800000E0A6E81BFB
:10740000D71740F284084024BC0050F7800240F4B3
:10741000BC00A49002F780008A4F9693E0023825C2
:107420001509E903E048E8045A18010384628CA1B5
:107430009768D5E55A18011F92014422C88084201C
:107440008122FF42E027E81638610511E006E807CF
:1074500040A0900038F12911E00FE908E0C5E807E5
:10746000998C38649911E0C5E80284628C219648B1
:10747000D5EA8003FCC084204422D8C8380105091D
:107480008C215A1808FDDD9EFC2080E0A60080C2F9
:107490005A0804208401AE383C0DFB98A60149FF30
:1074A000FE8849FFFFEA3C13F6DEE62AE8058C2158
:1074B0003C1BF6DED51584003C0BF6DEA470E639E5
:1074C000E805AE38840049FFFFD88400AC30D50809
:1074D000840049FFFFD28400AC303C0BF6DEFCA0F8
:1074E000FC013C0DFB98A60149FFFE63F081F10110
:1074F0004402B3484422B39A49FFFFC82E17EDA0B7
:1075000084003C0BF6EA3E07ED6AC9033E07ED6DC9
:1075100084003E07ED6F3E07ED4E3E07ED66440FDB
:10752000FFAA3E07ED5E3C0DFBA78421AE40FC8127
:10753000FC202E07ED4180C12E77ED4E5A08011830
:1075400049FFF92E5A08021484002E17C9CB94491A
:10755000E001E81783869441BA09BB0B8841882370
:107560008C01A44896009649AC50D5F04402D8C886
:107570004410FFFF38501D01D1048CA138501D0963
:107580002E17ED6D40009C0E9606C81D2E27C9CB08
:107590009491E002E81283869481BB0A8C01991AC7
:1075A000BB0996008862A5589769AD60BC0BA4D84A
:1075B000884496D9ACD0D5EB840140001C0CFE0F5A
:1075C0003E07ED6DFCA0FC002E27CE7A441000FF94
:1075D0004020880C4413F422FE93A6489690965FB0
:1075E000C1038E219648A78084A14042840CFF37B6
:1075F000972296E0AEC04C61800D4C31000B88257F
:107600004052840CFF679768FF5D5C028001D502E1
:107610008005FC80FC0184003C0BF6EA3C0BF6F98B
:10762000120F80033E07ED643C0DFB98A6015A083B
:10763000041F2E07EDA0C8214402B31549FFFFC562
:1076400080605A08011B2E17CE7A2E27C9D8500FFA
:107650008006FE8C96904412CB884900284A2E075B
:10766000EDA7C8038403D5078401D5052E07ED6077
:10767000C8F784023E07EDA02E07EDA05A080205C8
:1076800084003E07ED2C840080604442CB402E17DE
:10769000C9CB9449E001E81D3C5C01F0944188A10C
:1076A0003C2C01F2A56888419769AD503C2C01F152
:1076B0003C5C01F288418825A4489649AC503C1CAA
:1076C00001FA8820AEC8383200088C019600D5E057
:1076D000FC8194013C4C01F38440E040E80E94D1DD
:1076E0008864A4D896DBE023E80584013E07ED64B6
:1076F000DD9E8C419690D5F2DD9EFC432E27ED4E0B
:107700005A28FF04480000C62E27ED415A280104DC
:10771000480000C080C180E04412CD444402B31749
:1077200049FFFF0884804400FFFFA932A8332E17C9
:10773000CE72E630E804524080109720E631800196
:10774000E902FA0055E000FF3C0DFB9BA679B4006E
:10775000920196065A18080B5A0801062E07CA6BA2
:107760005A00010E3C73E731D50D5A0801062E0769
:10777000CA6B5A0001073C73E732D504FAF8D50208
:10778000FAEE3C0C01F23C8C01F1F0813C0C01F072
:107790002E97ED2CF0823C0C01F38440F0832E07F1
:1077A000ED604412CB40F0842E07EDA0F0852E074B
:1077B000C9CB94C1E043E855F001955104AF800274
:1077C00098C58945A41802A50000FE2442057873D7
:1077D00092049601AC18F00340A0140088A8A418E5
:1077E00002F280008A0F9603120500002E07CA716C
:1077F0005A0801290205000040A000113C03E733AC
:10780000FE02E140E819F0045A000105F0055A08AB
:107810000214380088003CA3E7348C019600E34052
:1078200038008808E80FA41885219601AC28840048
:1078300038008808D50738008800C0048E01380059
:107840008808A558A032E205E803A418A832A55874
:10785000A033E2A0E803A418A8338C419690D5A8E1
:1078600080273E97ED2C49FFFF363C0DFB98A60183
:107870005A080807800749FFFDA73E07ED7D2E0740
:10788000ED505A0801073E07ED6484003E07EDA065
:10789000FCC3FC4080E12E17EDA080C05A100318F5
:1078A000A6415A1804132E07ED535A080107840005
:1078B0003C0FFBD649FFEF7A800649FFFC024402E9
:1078C000CD4449002469D50349FFFBFB3C03F6F98D
:1078D0004412CDD08C013C0BF6F93C03F6EA8C0146
:1078E0003C0BF6EA800649FFFF0A2E07ED645A08B2
:1078F0000117840084403E07ED6A4432D8C82E0741
:10790000CE7A80829650E220E805384189098C4180
:10791000D5FA440000504900238CD5192E97ED600C
:107920005A9801169E3CE602E9124402CDD03C135F
:10793000E55B4422B3124900029D5A080209FA018C
:10794000490023773E97ED643E97EDA82E07ED6042
:10795000C831A6305A08022F2E07EDA05A00010A9E
:107960002E07ED2C5A08011C2E07ED7D5A08011830
:1079700049FFFD14C8063E07ED643C0BF6F9D50F30
:10798000840184C03E07ED603E60027649000E101F
:107990002E07EDA05A0802043E67EDA02E07EDA0C9
:1079A0005A0802092E07ED7D5A08020584003E0799
:1079B000ED64440FFFAA3E07ED5E9E3CE602E81030
:1079C000440000FF2E10029E49004A6484003E07D6
:1079D000ED6484003C0BF6EA3C0BF6F9D5065A78C8
:1079E000020584013E07ED642E07EDA75A08010445
:1079F0003E07EDA62E07ED485A0801063E07ED6446
:107A00003E07ED60FCC0FC0084003C0FFBDB3C0F3C
:107A1000FBD6840149FFDDDF4403F04A44100055E2
:107A2000AE402E000A1A3C1DFBDB8C01E220E80A66
:107A30008401844080208062808080A2490023F2FB
:107A4000D5F12E07ED41C8154402CD44490023A4C9
:107A50003C0DFB984412CDD049FFFE512E07ED643A
:107A6000C8083C0DFB98A60149FFFBA349FFFB4456
:107A70004403F04A44100055AE4049FFDD92804077
:107A8000C809840180208062808080A2490023CAC6
:107A9000D5F52E07ED64C8272E000A1AE603E82361
:107AA0003C0DFB988424AE4149FFDFE284012E6740
:107AB000ED8E84213E07ED8E3C0DFB9849FFFEEBD9
:107AC0003C0DFB9884263E67ED8EAE4149FFDFD02A
:107AD0002E07ED64C8083C0DFB98A60149FFFB6921
:107AE00049FFFB0AFC803C0DFB9BB400920196060B
:107AF0005A0801062E07CA6B5A0001053C03E72EFF
:107B0000DD9E4400012CDD9EFC003C0DFB9884238F
:107B1000AE4149FFDFAD2E07ED91842349FFDFFB26
:107B20003C1DFBB38401AE083C1DFBA7AE082E072D
:107B3000EDA05A0003082E07ED50C80484043E0748
:107B4000EDA02E07ED98C0038400D50849FFFFCDB6
:107B5000E605E9FB49FFFFC98E053C0E00A0840144
:107B60003E07ED9AFC80FC4444212B1CB1843A2151
:107B700014003A2F942044212B2C387F82023A2182
:107B800014003A23142094C2442271403843020264
:107B900038510C002E37ED56442FFF38FED497682D
:107BA00096D984404461228898169401029000007E
:107BB00038011C008C41420480244000140E8803CC
:107BC0000292000096034000041688091A02000180
:107BD0005A2A88ECFCC4FC4284C03C0D99653C6F79
:107BE000FBDBF08384013E67ED64810649FFF81AF0
:107BF00081463C6FFBD6812680E65A6804112E0729
:107C0000ED91842349FFDF8784003C1DFB98804071
:107C10004432B32C49FFE0718481D516B00338A3F8
:107C20000000800A49FFE9EAB61F3C1DFB98840367
:107C3000804A4432B32C49FFE0602E07ED91842640
:107C400049FFDF69B49F88879620B61FB41F4C7028
:107C5000005C49FFEDAB49002957E327E80D800898
:107C600049FFE9CCF08150048001549000FFF101FC
:107C7000800849FFFF7A4403F04A44100055AE40A3
:107C80002E07ED915A08033484003E07ED642E0060
:107C90000A1A8C013C1DFBDBE220E9FD4402CD44C5
:107CA0004900227A4412CDD03C0DFB9849FFFD27B4
:107CB0003C1DFBB3A6085A0801FF44020000441211
:107CC000000244224510FA62FA94FAA049FFF3B286
:107CD0002E07ED645A0801112E87ED835A88010D95
:107CE0002E07ED91842349FFDF16D5173C1DFBB30A
:107CF000A6085A0801FF3C0DFBA78CE1842197F8E8
:107D0000AE40810AD5A48CC15A60050448FFFF77B4
:107D1000840049FFF78785008008FCC2FC4184C0CD
:107D20003C6FFBDBF0813C6FFBD680E649FFED3E0C
:107D3000490028EAE2C7E8078CC1F001842497B023
:107D400049FFFF133C1DFBB3A608549000FF5A984F
:107D500001FD440200004412000244224510FA6270
:107D6000FA94FAA049FFF3663C0DFBA78CE197F863
:107D7000109000005A7804DCFCC1FC4544212B1C07
:107D8000B0423A2114003A20942044212B404472FE
:107D90008F70B1863A2114003A23142081200023E9
:107DA000800F8400120F80033810A602500F800647
:107DB0000033801092414900249C500F80063813F4
:107DC00026020023800F0033801049002492FCC556
:107DD000FC0244012B4080DF3A20140044023FF0B3
:107DE0003A2F9420A5404400AA55D81C84003C3367
:107DF000E4FE80203853020284409711E283E806B3
:107E0000384289018C418824D5F98C015A0804F440
:107E100044023FF2FE4AA4009649FE455C00800100
:107E2000D5028400FC82FC0244012B4084203A20CD
:107E300014003A2F942080DF3C33E4FE8001385355
:107E4000060284409711E283E806384289018C419A
:107E50008804D5F98C215A1804F444123FF2FE022A
:107E60009601AC0844023FF0441FAA55AC40FC8286
:107E70002E37CA785A38015CFC003C3DFB98A6D9E5
:107E80005A3008045A38040EA1022E67ED703C33B4
:107E9000E559404218972E57CABF9721A003D51F16
:107EA0002E47ED913C33E5585A4804112E47ED45D5
:107EB000523180FFFF1C2E37ED762E600A2740429C
:107EC0000C96524200FF96E1D5032E67ED56B48022
:107ED0002E57CABE404218979721A001400018179C
:107EE000E2239999960197B1E8048A6196D9D5025F
:107EF00084605CF302018026E90344100200964985
:107F0000E224E804A6108C01D504E203E9FC840015
:107F1000AE10A610E2A08401E8098400AE102E0085
:107F200002948C013E0002948402FC808401DD9E58
:107F3000FC40045000115452FFFFC91B838044329F
:107F400000F0B910B8115410FFFF944A8823540070
:107F50007FFFA64C9648C224940244300048420059
:107F60008C73445200004412004888A08801D51543
:107F7000956A4462000088C544700048E264E8DF06
:107F800080A642519C7350928048181280014C5434
:107F9000FFFE8C6196D8D5F318228001D8FEFCC074
:107FA000FC40049F800A5A90010B4462CD9C4472AD
:107FB000CA6C3863040038738400D50384E284CA31
:107FC0008380FB48B9105410FFFF944A4213287372
:107FD00044A20000882ABE120080800792D010813F
:107FE0008000A6CE54637FFFAEE0A6CCAEE80230A0
:107FF000002B024080090200002B021080088864D8
:108000008801940194D9886AF4088940F009B6641B
:10801000B7402E07ED91C0035A98010E441000544A
:10802000943242038473441200008801B400920A1F
:108030009637D5032E000A27AE10FCC0FC008380C3
:1080400044600030BD12B8125452FFFF54007FFF4D
:10805000956A940242021873425198734442000098
:1080600044620030888088C08AA0383290028C2612
:10807000540183FF1200FFFD4001A809927454319E
:1080800083FF1230FFFF540003FFA2E11200FFFE46
:10809000540183FFAC104001A8099274540003FFFF
:1080A000543183FFAC11ACD28C464C437FE0FC8052
:1080B000040000114440004854007FFF9402420134
:1080C00090734452000088A0840098C8A6D940410B
:1080D000E008383080004031C00888649910A7213A
:1080E000404220088864384100008C028864AAE974
:1080F0005A0824EDDD9E040000114440004854005D
:108100007FFF940242019073806044020000886007
:108110008400A51938408008A75B9908AF61B48333
:10812000995038410008A31992888C02AF295A0847
:1081300024F2DD9EFC40EF003C1DFBB38402AE0840
:108140003C1DFBA7AE084403F403A78097B0CEFE06
:108150003C0DFBA98426F0853C0C00E844800048D7
:108160003C0FFBA92E07ED9149FFDCD53C9C00E8B4
:108170002E07C9F7E2C0E83FB00950AF802084E085
:10818000505F801BF08180268009502F801AB0C775
:10819000504F801DB75FF78249FFFF048009B05C34
:1081A000B0AE003F801C004F801D49FFFF49B093D7
:1081B0008009B04A003F801B49FFFF9FFA54B11C61
:1081C000B14A38351E024243A0734253887384007B
:1081D000381201015A13FF0638F2800038F1850980
:1081E0008C015A0824F75A70010484E1D5E98CC146
:1081F00097B0D5BF4402000044120C60490021F042
:108200004402000044124C60490021EA4420004826
:108210004402290044122C60490021C73C0C01EDA6
:1082200084C13E6002AFA4403C1BF72A021000113B
:108230003C1BF72BA441964BAC4002100010964B10
:10824000121000113C0C01ECA4403C1BF72C021056
:1082500000113C1BF72DA441964BAC4002100010BE
:108260003E6002AD964B121000113C0C01E9A44097
:108270003C1BF764021000113C1BF765A4419649B2
:10828000AC400210001096491210001144021B90DD
:1082900044120000490021A42E07ED91842349FFD8
:1082A000DC3AF0053C0FFBA93C0DFBB3AF803C0D65
:1082B000FBA7AF802E10029E440000FF490045EA54
:1082C00084C0500F801E44120C602E27C9D72E3751
:1082D000C9D8126F800F4900220C500F801E441223
:1082E0004C602E27C9D72E37C9D8490022022E0745
:1082F000ED8B3E67ED435A0801043E67ED8B2E0778
:10830000ED745A08010584003E07ED74ED00FCC0D1
:10831000E201E808A410E280E8038A04D50D840095
:10832000D50BE220E80AA41052F200FFE00FE803A8
:108330008804D502841FAE18DD9EFC40EEE85A3852
:1083400001073CA001B544400120D5092E500A1A6E
:108350004C5000BD3CA001B444400C602E57ED2EA3
:10836000F487E6A28481E9058EA14042140C97208F
:108370004042040E9720F486CC038481F486F18871
:108380008020B00EB61FB00F505F8035F389F285A4
:10839000F081F3828002503F8036B08D504F80379D
:1083A00049FFFE00F005B062B0B4003F8036004FD8
:1083B000803749FFFE45F005B050B099003F803549
:1083C00049FFFE9BB0228120B1D08780B00E3800DB
:1083D0007202F084F0095A080106F00450800090FF
:1083E000D504F00450801B90F004F10784C099413B
:1083F000FA14420E0024F08A383499015A33FF559A
:10840000F0042EF7ED2F004F803438000D01F108F5
:1084100050F7FFFF949941E013D64C17C0198848D4
:1084200002F10000404790968A8A4E440003FF22E2
:10843000401F28014E140003FE4AE081E903AC10FE
:10844000D53338028D0138039808D52EF108C904B8
:1084500038040D09D5118848A4D0403190768A6A35
:108460004E340003FEDA401F28014E140003FE4A7A
:10847000E061E908AC10380499013813980038120B
:10848000810938049901F10A94813804010198F1B5
:1084900040001016B11088458864802AF406F58BD8
:1084A00049FFFF38F50B8CC15A6824A850948048C6
:1084B000507380245BC001048781D589F005B050DA
:1084C000B099003F803549FFFDF5ED18FCC0FC4137
:1084D0008401B63FF28180E349FFF3A43C1DFBB366
:1084E0008401AE083C1DFBA7AE0884003C0FFBD9FD
:1084F0002E00029B5A0801048407D5085A7801050A
:108500002E07CAB9D5032E07CAB83E07ED2E2E078F
:10851000ED2E84C08C013E07ED2F3C6FFBD64480CE
:1085200000552E07ED2FE2C08400E8483C0FFBDB2E
:10853000CF0349FFE93B490024E74403F04A854063
:10854000108000002E07ED41F101E341E82E5A08AA
:108550000104840081403C1DFBDBE341E8F63E075B
:10856000ED412E07CA64C0162E07CA76C0132E50DE
:108570000A1A4C554010CF0E2E00026FC80B800611
:1085800049FFE81481205A08010649FFD80AC0FEB5
:10859000D518800A8026B45F806749FFFED0504519
:1085A000000154A200FFD5CF3E07ED413C0DFBA7D3
:1085B0008CC1842197B0AE40D5B549FFF3338520F7
:1085C0008009FCC1FC002E00029BC8063C13E55D3F
:1085D0003C23E55ED5044420008080222E37ED91B7
:1085E0003C03E5585A38040D2E37ED45520000FF84
:1085F000FE1C2E37ED7640000C16520000FF3C08A2
:1086000001B43C03E55996483C0801B584003E0797
:10861000ED2D96903C0DFBA984602E47C9F549FFCE
:10862000FC893C0DFB983C1DFBA92E27C9F78460F3
:1086300049FFFF4F5A0801053E00026FD53049FF40
:10864000F0AF3C1DFB985A0802048405D50284084B
:10865000AE093C0DFB9849FFDA0B844180623C1D5A
:10866000FBA93C0DFB9849FFFF3484004412C81459
:10867000844149001C388407490044B949FFF090FF
:108680005A0002073C0DFB9884204900218D3C0DC7
:10869000FB982E17ED93AE4149FFD9EAFC8000000C
:1086A000FC424060200940704009F0819740404002
:1086B00060098E413C0332D4E64483C397B097F8F7
:1086C000120F8006E81544F085D43827880040F161
:1086D0003C00DD0F040414108AC59A2788068C011B
:1086E00084A0D5088006D50680A78004D503840021
:1086F00080A095A995C140A0980040809C008CC2A4
:108700008EE288C188E1812A80858440E204E946BE
:108710004C42C00E23C5000022F3000040FE3C077F
:10872000E93A4FC700398C419690D5304C404019FA
:1087300023C4000022F3800040FE3C07E92C4FC711
:10874000002B8C419690E6438382E9028782542E67
:1087500000FFB0C340F188001007FFFFD51C23C401
:10876000800022F4800140FE3C07E91522F4FFFF5F
:1087700040FE3C07E9104FC7000F8C419690E6433E
:108780008382E9028782542E00FFB0C340F1880043
:108790001047FFFF8C818D22D5BA5A280226004F40
:1087A000800D005F800CE2A4E81F804544007FFF3D
:1087B000E282E909386089118C41E00640603C1B87
:1087C0008006D5F738209501381091019753970B03
:1087D000E0A44020BC1A96939407423F0824E0602E
:1087E00056078001D5028400FCC292009449882279
:1087F00084604C2080080A510001D8FC8C6196D816
:10880000D5F98003DD9EFC40EE88F183F28484205C
:108810004420004850AF80348120B016490051E414
:108820008420FA54800A490051DF84204420006AE1
:10883000B028490051D984204420006A500F810C8F
:10884000490051D244112B54B00A3A208C043A20EA
:108850000C248040A60884C0AE1080E6838AF00411
:10886000E2E04EF200F40424800138011D014C7056
:1088700040EB9638F10449FFFFBBE6024EF300E4FB
:1088800004148005943A88018460A700A643008000
:108890000002A601B63FF0828024FA02421400735F
:1088A0008144F1868044B41F88039600F085F0026D
:1088B000E202E93EF006975888039401F08180288F
:1088C000F587B41FE201E931B4A9F0013852800004
:1088D0005A50FF26F003F50138F01401385E090103
:1088E000B01688AF385E0909B1563852850188AF95
:1088F00038500509F00541E00401B02838507901ED
:1089000088AF38507909F00799418AA8500F810C37
:1089100039E0150140F7F80038F01509F0018C2115
:1089200050000024F081D5CE8C418C61D5BD000F64
:108930008008104F8024100F8025000F8000108FBA
:108940008026100F8027F009B0688441443000640D
:1089500049FFFEA8C00284C1F009501F810C844267
:108960004430006449FFFE9EC003CE0284C1F0097A
:10897000803C84444430006449FFFE94C003CE022E
:1089800084C1F009B05684434430006449FFFE8A34
:10899000C002C6035A68015845E0007FF002E20AAF
:1089A000E95150057FFFE610E84B8048B41FE20212
:1089B000E9479E115CF00022E841FA02802AB4C91E
:1089C0004211007394098806A6019606C03796499D
:1089D00094C9886604048001A71838501101DF2E5D
:1089E00084A0444007D0B00A3800141088019601D2
:1089F0009401880600F000015CF78004E80A00F0AA
:108A000000000404800338003D01E080E902970380
:108A10008CA15A5809EA4E470012F00340F2040AAA
:108A20003800051142F0787340F791F65EF78079CF
:108A3000E805A619843EFE0EAE198C41D5B88D41CD
:108A4000D5AE84C18CE148FFFF0C8006ED78FCC0F8
:108A50003C0FFB8CDD9EFC428120840080E180C2C3
:108A60002E17CB5C44328F7080809680E241E806FE
:108A700098838C011041018CD5F90404800580266F
:108A8000FA4E8480503F800F49FFBDC98400004FDB
:108A9000800F8040843F96C0E264E810A17196C1C7
:108AA00038528101DB09A0F238318101E2434021D3
:108AB000BC1B40103C1B8C01D5EF5A17FF1CA03685
:108AC000954A38400602A03738A006020403000881
:108AD000383006023C0DFB8CC342002000320010EF
:108AE0000033FF144215042440420C9740308C7729
:108AF000D5378460808380438103D50EC25A00102D
:108B000000320000003342140424420E002440804E
:108B1000891740200857A6385A0001054400005024
:108B2000D503440000328A884E440003FF22E20449
:108B3000E9079A9A4E240003FE92E202E8074400F5
:108B400000783E07FDDC8401D5082E07FDDCC0055A
:108B50008E013E07FDDCD52FAE38D52D8083A07564
:108B6000844088A18382A66BA7AAF1818102F101CA
:108B7000E226E9C5A66801E2800140FF0406E91784
:108B800000A0000281E142F3287340A7840804F4A6
:108B90008005894F02A5000040A50011E55EE905AA
:108BA000890141CE18008C418C21D5E88CC1D5E0DB
:108BB0008102D5B2FCC2FC0080C08444A0768461EE
:108BC000848584A0A00549001E24A036A075490014
:108BD0001D07FC803C0FFF7ADD9E3C0FFF79DD9E78
:108BE0003C0FFF78DD9E3C1DFF7AA003A44CE20100
:108BF000E90684003E0002908402DD9E8400DD9E32
:108C00003C2DFF7A3A6FAABC852080C3EFFCA5D427
:108C100080A1806980898505B5454EA200128F44E8
:108C2000E742E90E04F2800604A0000238A53D01E7
:108C300000F1000640F7A806E80310830002B545DE
:108C400050F57FFF5CF78002E9035AA804058C61A8
:108C500096D881248C819720505280DC5A480ADEB5
:108C6000CB0684008420AE328081D521A6325A0002
:108C7000051D5A3801162E07FE118E01E602E80581
:108C80002E57FE0E4C54FFEF440000DC421480735C
:108C900084012240800422108005AE32D50884036E
:108CA0008420AE328081D503842080812E0002761C
:108CB0005A0801048405AE32A6325A0801633CAD5D
:108CC000FF78005500005A5801093C5DFF790252B7
:108CD00080098EA19B2C9723005500015A58010949
:108CE0003C5DFF790252800A8EA19A69964B00552D
:108CF0000003008500025A5801403CADFF7902553F
:108D000000094E83001E50F2FFFF0255000251C2BF
:108D1000FFFF84A2408795164282707340443C97BF
:108D20000285000A02A500038F018F41405414B64A
:108D30004250A8734012A0379723964BD52251C2B8
:108D4000FFFF0255000351E2FFFF84A240FE15F62B
:108D500042F278734047F09702F5000A02A500023C
:108D600050F7FFFF8F41405794B64250A87340120E
:108D7000BC379723964B5A88010580A480818025B3
:108D80002E57FE11E6A5E81944F08C983857940048
:108D900040F2BC004A003C00060C0C161C005A08AD
:108DA000010BD5105A00010CC80C8403D50BE60248
:108DB000E808D503C806D5068400D5048402D50288
:108DC00084043E07FE118E01E60484A04EF2015099
:108DD00044F08CE03807810140F03C004A003C0040
:108DE000080056009401860284A084003C5FFF8244
:108DF0003C5FFF8144AFFFAA84A13C0BFF063E0706
:108E0000FE103C5FFB393E07FE0F3EA7ECE83C4BF3
:108E1000FF003C1BFF013C4BFEFE3C1BFEFF3C4B9E
:108E2000FEFC3C1BFEFD3E97FE0E3E57FDF33E074B
:108E3000FDF04800011F2E07FDF30251001A3C4BC4
:108E4000FEFCE2053C1BFEFDE8048C013E07FDF341
:108E50003C07FEFE409010014E94000452948000A6
:108E60003C57FEFF9A294E040003FE0202510019EE
:108E70008809E0A0E80484013E07FDF03CA7FF005C
:108E8000400510014E040003FE023DE7FF01409F34
:108E900004014E9400045294800002810005405465
:108EA0008000E3054EF200E6A5562FC7FE0FE2054F
:108EB000E90DE144E8068500585E00028148D509C5
:108EC000545E000185008541D50480BC8502854043
:108ED00002F10007E32FE90DE03EE804585280015B
:108EE000D508974E8D41976854A500FF588400011E
:108EF0003CFDFF81892F3C9FFF813C9DFF828809BB
:108F00003C0FFF825AA8020E2E07FE10C81D8401D6
:108F10003E07FE103C0DFB3994023C0FFB39D52572
:108F20005A8803132E07FE10C80F3C0DFB3994021C
:108F3000580000023C0FFB3984013E07FE108402FA
:108F40003E07FE0FD5124C5E00112E97FE10E7274C
:108F5000E80C3C0DFB398D219402FE2F3C0FFB39B0
:108F60003E97FE103E57FE0F3C4BFF003C1BFF019F
:108F7000480000802E47ECE8A4505CF20020A411C9
:108F8000E80E4050C008FE2F5242001F4000100E55
:108F90009606C805440FFFAA3E07ECE8922C9646B9
:108FA000C1682E07FDF45A08012C2E07FDF30211AB
:108FB000001AE201E825C0242E07FDF10211001B72
:108FC000E201E81EC01D2E07FDF0C81A3C07FEFC9A
:108FD0003CF7FEF6021100198A0F4E040003FE0250
:108FE000E001E80E3C07FEFD3CF7FEF78A0F4E0459
:108FF0000003FE02E001E80484033E07ECE82E17BC
:10900000ECE884003E07FDF15A1003343E07FDF4FE
:109010002E07FDF0C82E3C17FEFD0201001EE020C9
:10902000E9200201001FE001E91C3C47FEFC0201AF
:10903000001CE080E9160201001DE004E9122E0781
:10904000FDF30251001AE205E814C01384A13E5753
:10905000FDF43C4BFEF63C1BFEF73E07FDF2D50946
:109060008402AE32D5063E57FDF4D5033E57FE11BD
:1090700084203E17FE12CB052E0002765A08011AF4
:109080003C03FF06A454E201E8058C013C0BFF06FB
:10909000D53884013E07FE128404AE323E07FE112D
:1090A00084003E07FDF244000062490017C2D52942
:1090B0002E07FDF45A0801102E07FDF10221001BB6
:1090C000E202E8058C013E07FDF1D5053E37FDF4CF
:1090D0003E17FDF22E17FDF22E07FDF388012E1725
:1090E000FDF18801E007E803E403E80884003E0797
:1090F000FDF2440FFFAA3E07ECE884003C0BFF069C
:109100002E27ECE85CF10020E8218C4C969084013D
:10911000E65EAE30AEB18401E905FA2E49FFC51E08
:10912000D504802249FFC51A840349FFC51D840068
:10913000EC043E07FE11440FFFAA3E07ECE83A6F2D
:10914000AA844400006048001774EC048400AE3028
:109150003A6FAA84DD9E92003BFFFE3CEFFC441276
:10916000B4048400442FFFAAAE08AE0AAE8984205E
:109170003C1FFF823C1FFF813E17FE103C1BFF0679
:1091800084213E27ECE83E07FE113C1FFB393E07D9
:10919000FE0F3E07FE123E07FE0E3E07FDF43E07A1
:1091A000FDF33E07FDF13E07FDF03E07FDF2EC0446
:1091B0003BFFFE04DD9E2E07FE12DD9E84002E176F
:1091C000C9D144328F7080809680E241E80698834E
:1091D0008C01104103ECD5F93C0DFB9BB4009201CE
:1091E00096065A08010A2E07CA6B5A080106FA1891
:1091F0003C0BE6E6DD9E440000503C0BE6E6DD9EBF
:109200003C1DFB9BB421922196465A1801092E174A
:10921000CA6B5A180105FA38AC40DD9E3C13E5D8FC
:10922000AC40DD9EEFF0F081F001441003E8FE0C4D
:1092300050007C614410009340000437F0834000EC
:109240000009F0039E41F183C8FB4403F04A441037
:109250000055AE40EC10DD9EEFF0F081F1014600CC
:1092600000F450000240FE0C50007D3A44100244CD
:1092700040000437F083F003441186A04010041727
:10928000C8064403F04A44100055AE40F0039E4126
:10929000F183C8F2EC10DD9E3BFFFCBCEFF4F081E3
:1092A000D507840A49FFFFDAF0018E0AF081F00148
:1092B000E60BE8F8F00149FFFFD1EC0C3BFFFC8422
:1092C000DD9E3C0FFF85DD9E4402C9208420AE4018
:1092D000AE41AE42AE43AE44AE45AE46AE47DD9E75
:1092E000FC204430271080C0FE5C22000028402073
:1092F000885622130050FE1C40100436E022224300
:109300000000E85340F011F6E04FE8514450007877
:10931000FA388083980D90015CF00051E9045230D6
:1093200000A0D50480605A00280552700078D5034B
:109330004470005038330D1138731D11FEE4403174
:109340009C76E043E8039F41D504E062E8349C4109
:10935000E0A1E8E14C00800380A15CF28051E904C7
:10936000521280A0D5028025507280285CF3805173
:10937000E903527280788A624E340003FEDA3813B1
:10938000051144402710FF0C38131D11404204966C
:109390009AA24E240003FE92E062E90DE043E90A3E
:1093A000E2054002BC1AD507FA18D505440000783A
:1093B000D5028005FCA05CF00051E905523000A008
:1093C000B661D502B60150107FD85CF08051E90536
:1093D000520000C8B602DD9EB622DD9EA6493C4082
:1093E00003C85A1001049660D502A6522E2002909E
:1093F0005A2801103C1DFB9BB421922196465A1815
:1094000001062E17CA6B5A100104A65CD502FA3861
:1094100022F00003E02FE80484013E07ED8DDD9E7D
:109420003C2DFB982E57CA86A6915A2006049769B0
:10943000D5032E57CA88A6015A0801042E57CA8799
:109440002E07ED902E27CA8DE202E8068C013C53D0
:10945000E5473E07ED902E27ED792E07CA8C2E4763
:10946000CA85E240E9302E07ED7A5A0801334040C0
:10947000100C8A853A6FA43C972184E03C03E4FEFB
:10948000E2E0E825A18AB40194B988C204308014CE
:109490008802029300008862A400A498FE2C420275
:1094A000247388022E27CA858CE14020080D9691EE
:1094B000ACB0A4B02E67CA854021180C8A02960170
:1094C000AC18D5DD8C413E27ED79DD9E3A6FA404C2
:1094D000DD9E2E07CA6F5A0001048401DD9E2E17FF
:1094E000ED8DC1072E10024B5A18014C8400D50295
:1094F0008001443225B084803C13E4FEE201E8217F
:109500003C2C01EC94418822A4883C13E54A9693B4
:10951000FE4AE041E8119883A6508C219648AE504F
:10952000A6903C13E545E241E9093C13F6EF8C2196
:109530003C1BF6EFD5039843AF088C019601D5DDAF
:109540003C03F6EF3C13E54BE220E9052E00024B0D
:109550005A0801C584203C1BF6EF8400443225B034
:109560003C23E4FEE202E80698838C01AE509601AB
:10957000D5F82E0002938C013E0002938402DD9EFA
:1095800084203C1BF6EFDD9E3C0FFB8EDD9E3C0FE6
:10959000FB8DDD9E2E07FE2D8E0196003E07FE2DD3
:1095A000C8033E07FE2C2E07FE2CDD9E841F3C0FB9
:1095B000FB3B84003E07FE2D3E07FE2CDD9EFC4A51
:1095C000F192A04594928841F393A65301C1000003
:1095D000A7D101E10002F1828420F181F101F213AF
:1095E000E0224EF2010BA041F201385089014C51AA
:1095F00041019452A085F18A8841A710E483E903D0
:109600008E83D5028480A6D12E17C9CA8C63E061EF
:10961000E9029EC9A652E423E9038E23D5028420E1
:10962000A6932E57C9CB8C43E045E9029EA9E0E4FE
:109630004EF300E0E07C4EF300DDF502E0A14EF3D6
:1096400000D9E05E4EF300D6E09C404E3C1BE0E3C8
:109650004033BC1BE03E401F3C1BE0A24022BC1B31
:10966000F48CF38DF28EF20EE0414EF300C3E4244D
:109670008440E9029E8BF2849C8BF40CF28BF20DF9
:10968000E0444EF300B44423F04A44300055AED0D9
:10969000B440F2863C2DFB8DA6D2F383F5038064A3
:1096A00042309473F50638328D005A38FF04480072
:1096B000009BA141F58738328D114E340095E4842A
:1096C00084A0E9029F63A0C5F60AF3888866A69382
:1096D00000A18001E1454EF30087049F80039DA314
:1096E0008F21E1260081800040933C1AE128149FDD
:1096F0008005E9790091800304FF8004E12FE9737C
:1097000004FF800B8E41F60BE04FA6DA40233C1A93
:10971000E043E969E0A84082BC1AF505148F80098E
:10972000E14540A2BC1AF50414AF800FE0A340321B
:10973000BC1AE12240913C1A3C2003C8149F8010BF
:10974000F291F20342518824F210E043E94CF2090D
:10975000999595B18142F20FE04AE941F20638212C
:1097600018005A20FF3A048F800740910408892886
:1097700002848000148F8005228F800A4E85002D80
:10978000048F801204FF801104840005890602847E
:10979000000040840011E10FE91FF305441F800021
:1097A000FECFF10894928822123480008041A648AE
:1097B000E03C41C0BC1BA651E0E14070BC1BA6527E
:1097C000E03E41E0BC1BA653F202E0414020BC1B3E
:1097D000F28248FFFF038D418CC2D5BEF2038C613B
:1097E00088A2D5B38C8148FFFF4C8C2148FFFF3DF8
:1097F000F1018C2148FFFEF3FCCAFC40A612C00315
:109800008E01AE123C7DFB8DA753A63B8E01D0038B
:109810008CA1AF53A610C0038E01AE10A63AA7517B
:109820008E01D0038CA1AF518400A75000A100018C
:109830008080E345E925A79200810003E306E91E45
:10984000A6FA812542930C7380690490800594D90F
:1098500088690291800040948011E53AE90D0291F7
:10986000800002F180004094801140F78011E08F69
:109870008809E802A5188CC1D5E28CA1D5DBC40605
:10988000441001F4FE0C40001017FCC0FC4CF181A8
:109890003C1DFB8E80E0841F3C0FFB3BA60B8142EE
:1098A0005CF00042E90444000041AE0BA6085CF005
:1098B0000042E90444000041AE082E27EDA5A60BA6
:1098C000A788C2143C1DFB9BB42192229646C10E70
:1098D0002E17ED3F5A18010B442003E88C0AFE14A2
:1098E0008CCA40900013FF94D507441003E8FE0C87
:1098F00040900013FF8C0005000097B1C042850026
:109900003C2DFB3B802880A8B104E0A0E81BA0F917
:1099100040F284083831950138321509DB1198FD81
:1099200000318024CB0D50340001548180FFA0FA17
:109930003831BC01E2234022BC1B4011BC1B8CA16E
:10994000D5E55CF100283C2FFB3BE90C8400100FAF
:10995000800F100F800E100F800D100F800C8400F0
:10996000D519A07D94928822B003844449004932DD
:109970008007F101B08349FFFF42E2C0E971D50AD7
:10998000100F800F100F800E100F800D100F800C25
:1099900081002E17FE2C5A1801044E830062E3202A
:1099A000E87B3C9DFB3B442F8000842040248804BE
:1099B00000350000E023E80AA0F994098803A540D7
:1099C0004C54C003AC808C21D5F48007F1015424A1
:1099D00080FF49FFFDF6048380054014880888282D
:1099E000B0038444490048F60035000050040003E9
:1099F0008420E023E82EA0B93851050196AB4E240F
:109A000000265452FFFF4C548022D92000207FFDB5
:109A1000004F800CE282E903102F800C00207FFEB3
:109A2000004F800DE244E903102F800D00207FFFDE
:109A3000004F800EE282E903102F800EA680004FB7
:109A4000800FE244E903102F800F8C218C04D5D2C3
:109A50008007F101B08349FFFED2E2C0E8102E0773
:109A6000ED21C0038E01D51984013E07FE2C3C0D6B
:109A7000FB8E8421A6013E07FE2DD5128400B08402
:109A800000150000E001E80BA07938310101383001
:109A900081098C01D5F684023E07ED2184202E0732
:109AA000FE2DC00D5A1801053E17FE2CD5088E015B
:109AB00096003E07FE2DC8033E07FE2C2E07FE2C07
:109AC0005A080105842010150000FCCCC0174E1761
:109AD00000164E270014980AE41FE910E022440003
:109AE0000064E807AE18FE0C40200856AEA0DD9ECC
:109AF000FE8440210456AE98D50444000064AE189C
:109B0000AE20DD9EC10B4020840944300064422019
:109B10000C7340110436960BDD9E8001DD9EFC40E7
:109B2000EED880C02E07C9CAB04AF08144012B602C
:109B300081202E77C9CB3A2494043A2094240294AD
:109B40008000508F803C12908000802081403A201D
:109B50009404802851CF80B43A209424129080003D
:109B6000B0543A2514043A20942412908000B0593D
:109B70003A2014048001B05E3A20142412900000B0
:109B80008400100F8026100F802744012B743A2088
:109B900014043A209424A400AC0844012B88B06338
:109BA0003A2014043A209424A400AC0844012B9CCD
:109BB000B0683A2014043A209424A400FA54AC0863
:109BC0008420500F81044900480F44012BB0803C91
:109BD0003A2014043A209424A400AC08B072440142
:109BE0002BC481213A2014043A249424A400442153
:109BF0002BD812048000B037812281403A2494048B
:109C00003A2514240234800044212BEC1235000044
:109C1000509F80F0814281E93A2514043A27942428
:109C20000235000012378000F201F3019491F284B2
:109C30008846F2829EBA8EE1F285FFDCFE9C94910A
:109C400095F940A3080098B7F28384E0F186F08785
:109C5000F1019638E201E83338031D11381E1C006B
:109C600049FFFF5238031D09F106F00238109C002D
:109C700038001D1149FFFF48F10238009D09F10726
:109C800038051D1138109C0049FFFF3E38051D099D
:109C9000F00338149C0038001D1149FFFF35F10313
:109CA00038009D09F00238141C0038001D1149FFCE
:109CB000FF2BF10238009D098CE1D5CB00AF802647
:109CC000005F8027502F810480E68480B0DE51EF52
:109CD000808C51CF80A044900064F001548200FF3A
:109CE000E300E84938F20C003812780038027000BE
:109CF0005AF80A1C4E82003C225380004210A424D1
:109D00004200242440A08000FE2CFE6C4010A836A7
:109D100002817FFF40A02956A41088288940121193
:109D20007FFF12A10000D5195AF80B1C22538000A6
:109D30004210A4244200242440A08000FE2CFE6C8B
:109D40004010A8360281000040A02956A41188289E
:109D50008940AC5012A10001445000648145D507F0
:109D60005AF80C06A410A4788801AC108C818C429F
:109D70008CE2D5B4840010AF8026105F802780402D
:109D8000F3019640E223E80D501F81043810810151
:109D900038130109501F8104382081098C01D5F145
:109DA00044000064100F8026100F8027F305F00197
:109DB00044402134FEC48803944141C3040095D932
:109DC000222E000088E6441007D0FE8CA4784021A3
:109DD00010568841ACB8221E000044201964FE547D
:109DE00040109036121E0000F101444000558E21B3
:109DF000880194018806886194D922200000886631
:109E0000FA24FE8CA458402110568841AC982210A8
:109E1000000044200041FE5440109036AC408500C4
:109E200050AF8050509F8064F101540400FFE20164
:109E3000E81CB04A380321113810A00049FFFE6425
:109E4000380321093803A1113815200049FFFE5CB1
:109E50003803A109380E21113814A00049FFFE541F
:109E6000380E21098D01D5E1F002503F8026504F78
:109E70008027A440F0048C218806964BA48184019D
:109E80008C41969349FFFE24A470A431002F8027B3
:109E900088019643000F802698D0FE8CFE0C40214E
:109EA0000C5640000C16ACB0AC31ED28FCC03A6F3B
:109EB00098BC49FFE4754413F0105A080206440F99
:109EC000FFAAAE08D5038400AE082E6002655A686A
:109ED00001103C0DFB984412C81C3C2DFB9B4432E6
:109EE000B47C49FFDBA05A08080580C0D50284C1B4
:109EF00080063A6F9884DD9E3BFFFCBCEFFC490076
:109F00001C9F490015293C0DFB988421AE41490056
:109F10001ECE440000A049003860EC044402B4188E
:109F20003C1DFB983BFFFC84480016E03BFFFCBC5B
:109F30008404EFFC3E07ED30440000A14900384D99
:109F40003C0DFB984412B3454422B47C49003BFECF
:109F50002E07ED5D5A08010A4402B2E44412B37AB6
:109F60004900125949FFE7F83C1DFBB38402AE08D3
:109F70003C1DFBA7AE084900182D2E07ED5D5A08C1
:109F8000010449FFE7E249001F24EC0484023BFF7F
:109F9000FC844800104E2E07ED5D3BFFFCBCEFF447
:109FA0005A0801074402B2E48420490011C62E0772
:109FB000ED918E03E602E80D2E07CA645A08010AE5
:109FC00049FFD0AE84023C1DFB9A490010C0D50861
:109FD00049FFE7F7F081F1018400490010B83C0D1A
:109FE000FB98A6415A180C048423AE41440000A3F8
:109FF000490037F32E07CA655A08010C3C0DFB983F
:10A00000A6005A0801072E07ED9149FFE827D5075A
:10A010004402451044124000490012E22E0002584A
:10A02000C00C44021B9044124000490012D92E007B
:10A0300002588E013E000258EC0C4402CD444412FA
:10A04000CA044422CDD044328F704442CD383BFF05
:10A05000FC84480032B62E07CA663BFFFCBCEFFC0E
:10A060005A0801094402CD444412C98449003623E8
:10A07000D51084004412C9848040382081098C01A5
:10A080005A0812FD3C0C01ED3C1C01EC490012A8E1
:10A0900084013E00029E2E07ED8E5A08120D3C03ED
:10A0A000F6EB84214900382A5A0801062E10029E38
:10A0B000490036F02E17ED5D5A1801064402B2E44D
:10A0C0004900113B2E07ED8E5A0812113C03F6EBA6
:10A0D0008422490038135A08010AEC0484022E1025
:10A0E000029E3BFFFC84480036D5EC043BFFFC8419
:10A0F000DD9E2E07CA635A0801093C0DFB98A60194
:10A100005A08090448FFE88CDD9E2E07ED8E3BFFC0
:10A11000FCBCEFFC5A08120E3C03F6EB842F4900FE
:10A1200037ED5A080107840F2E10029E490036B2FF
:10A130003C0DFBA78421EC04AE403BFFFC84840073
:10A140003C0FFBD648FFFFD784013E0002AD3C0C1C
:10A1500001E94412B470A480AC8802200011AC89DB
:10A16000A4419649AC40021000109649121000110B
:10A17000DD9E3A6FAABCEFEC2E07ED754E0300DCB6
:10A180002E000276C8292E07EDA4C0052E0002B2CB
:10A190005A0801232E07EDA8C81F2E000267C0072A
:10A1A0002E10026F5A1801195A08011749FFF99326
:10A1B0005A080209FA0249000F3C84013E07EDA843
:10A1C000D50B4402CDD03C13E55A4422B34049FF9D
:10A1D000EE515A0002F13C0C01ED4490FFF8F08181
:10A1E0003C0C01ECF082840080C080A080E0808084
:10A1F0008100F10185405C3480029888F383802AD5
:10A20000F303C31EC11D5A10231CA4D096DB5EF1BC
:10A21000803DE916A4D196DBE474E81202317FFF99
:10A2200096DBE474E80D0231001296DBE474E80872
:10A2300002317FEE96DBE474E8038CE197F904FFCA
:10A2400080014035000041E78C0002FF000040F72C
:10A2500080115EF78014E9048CA19769D50A02FF8A
:10A26000000040F780115EF7FFF1E8038CC197B161
:10A2700004FF8002886F02F1800040F780115EF7D2
:10A280008032E905A4D896DB8903D50B02F1800062
:10A2900040F780115EF7FFCFE804A4D896DB8883EF
:10A2A0008C21964950A50024502100245A1824AA34
:10A2B000501480018C02409080135A08249C982EE0
:10A2C0005EF0015FE90FE6D5E90D5CF28065E90A11
:10A2D0002E0002B1C8072E07FE2E8C013E07FE2E6F
:10A2E000D50484003E07FE2E5EF260C0E80CFA0E34
:10A2F000FF2242040024E004E806FA0549000E9912
:10A300008401D50284003C1DFB98A6495A1006041E
:10A310005A180A142E07EDA85A0001092E00029AB5
:10A320005A0001052E07ED98C00684013E07ED6432
:10A330003E07ED608401D5492E17EDA4C90F2E17F5
:10A34000EDA85A1001122E10029A5A10010E2E1763
:10A35000ED895A10010A5A000108E6E6E8052E17B1
:10A36000FE2EE635E9E84413F04A44200055AE8855
:10A370003C2DFBB3A650C1FF2E17EDA85A100108C3
:10A380002E10029A5A1001045A08010744023FF0A5
:10A39000441FFDFDAC4084003E07EDA83E00029A3C
:10A3A00084013E00029B2E07ED8E5A08120E3C03DC
:10A3B000F6EB8425490036A25A08010784052E10C1
:10A3C000029E490035678402EC143A6FAA84DD9E30
:10A3D0002E07CA643BFFFCBCEFFC5A08010A44028A
:10A3E000937C501000345020006449FFD08D3C0D08
:10A3F000FB984412C81C2E27EDA42E37ED772E476C
:10A40000ED57490016E92E07CA635A0801102E00BD
:10A4100002905A08010C4402C81C49FFF3E6C80622
:10A42000EC043BFFFC8448FFF6CBEC043BFFFC84D0
:10A43000DD9E3A6FAABC8400EFEC3E07ED5284C06B
:10A44000FAE22E97ED733DCC014CE2C9E871385E1B
:10A45000190140930408DE6A3C2C014F3C0C014E6C
:10A4600088493C4003C8A65138001911A6904432CF
:10A47000C9844900323A3C4C014C8889A460FE0FE3
:10A480003C1C014E9601AC20382099013C13E88A0F
:10A49000E241E8082E17ED575A10FF058C213E17B0
:10A4A000ED573C1C014D3810A4015A1801403C1CCA
:10A4B000014F892100148000C1079EC95CF08023F0
:10A4C00096D8E806D50280618C219688D502FA5389
:10A4D00000148001C1079F49E63154A280FFE806BD
:10A4E000D50281418C219648D502FA213DCC01ED5F
:10A4F000E243E91C42819C2480AAE225E9104092B3
:10A50000A00040948408893C02F4800040F7801148
:10A510005EF7FFF6E9078CA19768D5F08C6196D8B5
:10A52000D5E8441F8000FE0FAC208CC1D58B467748
:10A53000FFFF50038FFF3CAC01EC3C8C014E2E27FB
:10A54000ED523C3C014F84A084C545E00012B61F8B
:10A550004C548042380E15014C02C03BA659A71836
:10A5600038041501C11281E1B4FF42F2787340F75B
:10A570009C0040F7840840F53C0002F7800040F75B
:10A5800080115A101117D50338F4151180E1427269
:10A59000787380878C819521888AA5209723C907A5
:10A5A00040F019F7E08FE8148441D5125A181109C8
:10A5B0004000181740F78007E80B8442D509400097
:10A5C000181740F78007E804E080E80284438CA174
:10A5D0008C62D5BF3E27ED5249FFE0E25A08021DCA
:10A5E0003C0DFB9B2E17ED73B400B63F920E960602
:10A5F0005A080104480000A53C0C014C3C8C01ECBD
:10A60000F0813C0C01508480F08245C2CAD445E000
:10A610000012480000AD2E07ED733C4C014FB61FF1
:10A620003C0C014C3CAC014EF0813C6C015080E094
:10A630008440B41FE240E8D50A538001DA7E94D109
:10A640009C519412886496488806F382B47FE22372
:10A65000E874F3014090840841C1A400028E000018
:10A660004C80C069F30241E224002031800120FFC8
:10A6700000018A6F8C63E667E85D20FF00003832D6
:10A6800015108A6F8C62E665E855383515013895E6
:10A690002401E32394CAE8278866125E0000009133
:10A6A000800000800000E32840943C1A10900000D5
:10A6B0000080000100918001E30940943C1A109051
:10A6C00000010080000200918002A6DBE328409494
:10A6D0003C1A1090000200900003E3234034BC1A9F
:10A6E000AEC3D52888661283FFFF0080000000916A
:10A6F0008000E32840943C1A109180000080000103
:10A7000000918001E30940943C1A1091800100807F
:10A71000000200918002E32840943C1A10918002CC
:10A720000080000300918003E30940943C1A1091DB
:10A7300080038C219648D58B8C4148FFFF7C840098
:10A740004412CAD48040B47FE203E87A98C18C01F5
:10A7500010218024D5F940027000842010100024BC
:10A76000F00138A011014CA200078C81B41FE280D7
:10A77000E9F3D566F00294628820A78AA68BA60822
:10A78000A6C99A56E426E9F29A58E429E8EF84200B
:10A7900096D9960180A1F38397B140910013F203FB
:10A7A000E240E944804684E09AD6E32296D9E90C57
:10A7B00080604231787394D988688C41A4D896918E
:10A7C00096DB88E3D5F240338C765EF180C8E905EC
:10A7D000844A40318876D502FA6480E68A2698B9A0
:10A7E000E2E99691E81F4223F82440F100008C52E0
:10A7F000884040F78408949140F43C00884802F770
:10A800008000A49040F780119693402788014E2441
:10A810000003FE92E062E9038CA197698CE197F94D
:10A82000D5DF8C0180229601D5BB840AFF44944B6E
:10A83000E0A1E99C895C840110050024D597EC1403
:10A840003A6FAA84DD9E3C0DFB983A6F98BCA60136
:10A850005A00030649FFB98BE603E9072E07ED8E80
:10A860005A0005045A08120A84003E07EEE03E072B
:10A87000EEE13E07EEE2D5603C0DFBD75A08010938
:10A8800084003C0FFBD74402B48449FFB95B440207
:10A89000CE044412B49449FFBC3D3E07EEE249FFAA
:10A8A000B9665A0803274402B3054412B30B4900A2
:10A8B0000D6F4460005F8401844080608080842C40
:10A8C00080A249000CAF3C0DFBC05A08010A84006D
:10A8D0003C0FFBC04402B48449FFB934D5048EC197
:10A8E00097B0CEEA4402B3054412B30B49000D847D
:10A8F00049FFB94080C05A08011649FFB9385A08C3
:10A900000309800649FFB9304400006149000B91FA
:10A9100049FFB92D5A08041184013A6F988448FF01
:10A92000B92349FFB9245A08030884003C0E00A04B
:10A9300084013E07ED603A6F9884DD9E3A6F9EBCBD
:10A94000840C490033544403F04A44100055AE408F
:10A9500049000D283C0DFB9B2E2002762E47ED91E1
:10A96000B460840AFE14441000642E200274420273
:10A97000047388022E20029D441003E842010473F0
:10A9800080402E000267FA2E2E400275FE0C926265
:10A9900084254202047396C6441000324201847337
:10A9A00088023C0809723C0DFB98A6415A180C0716
:10A9B0002E07ED545A080113D5612E100290C9F9E3
:10A9C0004412B34C4422C81C49FFD90A2E07EDA6F5
:10A9D0005A0801F08401480000882E07ED425A0809
:10A9E000015084003E07ED422E07ED8E5A081904EF
:10A9F000490032BC2E07EDAAC8083C1DFB982E0763
:10AA0000ED91A64949000E0B2E07ED9D5A08010A4B
:10AA10004402B3453C1DFB9B4422B47C490037B043
:10AA20003C0DFBC85A08014184003C0FFBC82E07AF
:10AA3000ED995A08552A4402B4183C1DFB9844224B
:10AA4000B3053C3DFB9B4442B47C490038E73E07DC
:10AA5000ED8E2E07ED8E4900332C96003E07ED4912
:10AA60005A0003435A0802164403F04A44100055A2
:10AA7000AE403C1DFBB3A608C0FF8402D53549FF9C
:10AA8000C590C0FED5B2440000553E07ED99D5E211
:10AA90002E07ED5CC0092E07ED885A0801062E0727
:10AAA000ED6C3E07ED8E2E07ED8E5A08040449FF2B
:10AAB000CC71490012292E07ED915A0803072E0781
:10AAC000CAF6C80349000CE62E67ED9A5A600104E5
:10AAD00048FFFF8284003E07ED9A49FFFEB63C0D19
:10AAE000FBA7AF80FA033A6F9E84DD9E3A6FA8BC45
:10AAF00049FFDE56C05B2E07CA6C5A0801583C0D50
:10AB0000FB9B49001A7E4402CFF44412CAD4490088
:10AB100029A94402CFF44412CAD449002A4A440263
:10AB2000CFF44412CAD43C2C01EC49001DC64402A7
:10AB3000CFF44412CAD43C2C01EC4900246B848A23
:10AB40002E37ED974402CFF484C080A4B420C128EE
:10AB50000010006AC11A2220003A229000045270AC
:10AB6000800AFE8C4223A47340211456AC84222018
:10AB7000003B22900005FE8C4223A4734021145612
:10AB80008E21AC851010006A0410001C5A180106B2
:10AB90000410002B5A1001058C6196D8B6C08E8126
:10ABA000500000DCCCD43E37ED973A6FA884DD9E90
:10ABB0003A6FAABCEFDC49FFDE0C3C0C01EC49FF0C
:10ABC000F7B04402CD444412CA6044228F708460BE
:10ABD000848549002BA749002E3B4402C8544412E7
:10ABE000C8524422C8504432CD444442CAD44900D9
:10ABF0002DFC2E07ED5D5A0801074402B2E48422C1
:10AC000049000B9B2E07CA675A08010C4402CA1060
:10AC10004412CD384422B34C2E37ED7249002AE15C
:10AC20002E07CA645A0801064402CD3849FFCC0EEB
:10AC30002E07CA6A5A08010A4402CD444412C81CAD
:10AC40004422CAD449FFEF092E07ED912E10026667
:10AC50002E27ED774432CD384900135A2E07CA63A8
:10AC60005A08010F2E0002905A08010B4402C81C1A
:10AC700049FFEFBBC8054402CD3849FFF2C32E0798
:10AC8000ED8E5A08120E3C03F6EB8423490032364F
:10AC90005A08010784032E10029E490030FB2E073C
:10ACA000CA6A5A08010D2E0002745A0801092E07BB
:10ACB000ED8DC0054402CD4449FFEF7F49FFDD70B3
:10ACC000C00D2E07CA6C5A08010A3C0C01EC441254
:10ACD000CAD43C2003C849001A4C84004422914045
:10ACE0003E07ED8D4412C81C4402CA605031001466
:10ACF00049FFF3762E07ED8DC8074402C81C4412A5
:10AD0000CD4449FFF38F2E07ED8D4E0200A684003F
:10AD10003E07ED792E07ED8E5A08120E3C03F6EB36
:10AD20008424490031EB5A08010784042E10029E46
:10AD3000490030B02E07CA645A0001062E07CA6ABD
:10AD40005A0801064402910C49FFCE352E07ED91B9
:10AD50005C0000013E0002A449FFDD225A0002050A
:10AD600084003E0002A43C0C01EC4412CAD43C20F6
:10AD700003C84432B31B848149FFAC512E97ED7355
:10AD80008400E7223E0002A4E80849FFFB542E0796
:10AD9000CA695A08015CD5402E0002665A0801F7BC
:10ADA0002E37EEE42E47EEE69E192E57EEE52E677F
:10ADB000EEE7B61F840051E27FFF3C8C014C8CA172
:10ADC0008CC12E77ED923C2C014F80205C318002AB
:10ADD0005C420002E229E81D38A405014CA0C0171E
:10ADE00000A10001CB0504FF8000E14FE90FE0AABC
:10ADF000E90D00A10000CC03E15EE908E0CAE90624
:10AE00008C019600E602E902FAEE8C218C42D5E331
:10AE10003E77ED92D5BB3C0DFB9BB40096065A00E5
:10AE200001083C0DFBA2A60096065A0801102E0050
:10AE30000270C80C4402CAD44412CD444422B31B4D
:10AE400049FFF5263E000276D51A84003E000276C0
:10AE500049FFF3AED5142E0002765A08010649FFC9
:10AE6000F39B3E0002762E000276C80484023E0761
:10AE7000ED2184003E07ED733E07ED572E07ED5D93
:10AE80005A0801074402B2E4842349000A562E07F7
:10AE9000CA6B5A08013C3C0DFB9B3C1DFBA2B40055
:10AEA000920196065A000107A608920196065A08D2
:10AEB000012EA60892039606C8292E0002913C1D79
:10AEC000FB98490012B93C0DFB98A6015A000304F7
:10AED0005A0806192E07ED7BC0153CF402305EF7C8
:10AEE000FFCFE9104402CA603C1C01EC4422CAD4E2
:10AEF0004432B31B3C4003C8490012C53E000275F2
:10AF0000D505490012723E0002752E17ED73C90473
:10AF10003E17EDA4D5094402CAD44422CE104432CF
:10AF2000B34C49FFC2C73C3DFB9B2E17ED918400FB
:10AF3000E201B423440F7FFFFE0E40F7BC0840003F
:10AF40003C04B6032E17EDA4C9132E07EDA5C007C8
:10AF50002E200276CA048E013E07EDA52E07ED9243
:10AF6000C0072E200276CA048E013E07ED922E27DE
:10AF7000EDA52E07ED4BCA042E27ED92C234B44343
:10AF8000924296865A2801302E500266C52CD12B4B
:10AF9000C12A8C01846396003E37ED4DE60284623F
:10AFA0003E07ED4B3E37EDA3E9112E07ED923E1023
:10AFB00002663E27ED67C00644000092490008394A
:10AFC000D50544000091490008344402B2E444121B
:10AFD000B37A49000A203C0DFBA7842184C1AE400E
:10AFE000480003D72E27ED4DC2048E413E27ED4D7C
:10AFF0009E82E643E8112E27ED92C20E2E200271AA
:10B000005A281E0BB443924296865A2801068C0198
:10B010003E07ED4BD50484003E07ED4BC14C2E3767
:10B02000C9FA2E47C9FB926192814402CE10844036
:10B03000E241E80BA5408C4188A3AD40A5418C08B6
:10B0400088A412507FFDD5F52E07CA6D5A08010954
:10B050002E00047CC8054402CE1049FFC1178400AD
:10B060003C0E00A03C0E00A13E07ED983C0DFB9865
:10B07000A6015A0803172E07EDA05A08030F49FF2F
:10B08000D5A3C8052E07ED875A08010884033E079B
:10B09000EDA0D5575A08035684003E07EDA0D551C0
:10B0A0005A0809502E07EDA05A0804F684013E07FD
:10B0B000EDA0D5472E000276C8442E20026F3E1721
:10B0C000ED733E17EDA43E1002713C1E00A35A28FA
:10B0D00001053C1E00A0D50A3C0C00A04410EA600B
:10B0E000E220E9048C013C0E00A03C0C00A14410BD
:10B0F000EA60E220E90E3C1001363C33F6FDE261E5
:10B10000E802C2058C013C0E00A1D5033C2E00A133
:10B110002E07ED485A0801083E07ED6484003C0EF6
:10B1200000A0D50484003E07ED642E67CA645A6807
:10B13000010984003E00029249FFCB203E6002924A
:10B1400049FFF8195A080204480003162E00027637
:10B150005A08010784003C0E00A03C0E00A149FFE4
:10B16000F9394402CE102E17EDA44422CFF4443214
:10B17000CAD449FFAF252E07ED8E5A08120E3C03A4
:10B18000F6EB842649002FBA5A08010784062E10D0
:10B19000029E49002E7F2E07ED5D5A0801074402EA
:10B1A000B2E48424490008C92E07CA735A00010872
:10B1B0002E27C9D14402CFF48420D5134402CFF402
:10B1C0004412CAD43C2C01EC49003756D50CB4606B
:10B1D000C305A4C2ACC6A4C3ACC78C21500000DC1C
:10B1E000E222E9F64402CFF449FFBEFF2E07ED8EBE
:10B1F0005A08120E3C03F6EB842749002F7F5A08A9
:10B20000010784072E10029E49002E4449FFFC705E
:10B210004402CFF42E17CD9949FFAE5A49FFDAC048
:10B22000C80649FFDABDC8524800008F3C43E4ED30
:10B230003C13E4E69EA18407FE848E213C33E4EEB9
:10B24000402104579651B63F9E59FE0C3C13E4E74B
:10B25000409100138E214010043740A080134062BB
:10B2600024014071A801408080138C613DEDFB9B5F
:10B270004402CFF484AA8CC18CE18A688C81B50029
:10B280004E820020B51E9307548400015A88011A8B
:10B2900022800004E109E802AC8422F00004E0CF3F
:10B2A000E806B51F408220011280000422800005BC
:10B2B000E10AE802AC4522F00005E0EFE802ACC587
:10B2C0008EA1500000DCCDDCD5AD3C03E4EE3C6348
:10B2D000E4ED9F413C03E4E63C23E4E73C33F6DA4B
:10B2E0003C43F6D850A07FFF9E7144000078429006
:10B2F00080248E41FE2CFEECFF2C403188774042AA
:10B300000897402008578409FE444010A83740742D
:10B31000A8F72E07ED2996498AC197F9B61F2E87FF
:10B32000ED283C5DFB9B4402CFF4854A87C08CC16D
:10B330008127969196D99721B4E0CF0C8F41500088
:10B3400000DC4EA3FFFB49FFDA2B4462CFF4C84D6B
:10B35000D5525A78010584E01070004AB4FFCF0B33
:10B360005A88010A22700005E0E3E905E087E90355
:10B370001080004AB4E592EC97C65A78010C22700E
:10B380000005E0E3E903E087E8050070004ACF022A
:10B39000B6E0B4E592E897C6CF0C22F0000440F77F
:10B3A000A407E80722F0000540F78807E802B6E0A6
:10B3B000B4E592E697C65A780106B4E592E597C6D9
:10B3C000C70BB4E592E697C65A7801BAB4E592E5A0
:10B3D00097C65A7801B522700004E0E1E903E0C79E
:10B3E000E8AE15E00000D5AB3C1DFB9BB40192021A
:10B3F0009606C0062E07CA635A080153D5362E0793
:10B40000ED91C8F9B40192019606C8F53C4C014F84
:10B410003C5C01533C7C014E8026844AB401C02030
:10B42000A0CE94198804009000014E92000B5A900F
:10B430001109A600C0065A00230544F0021CD503DA
:10B4400044F0017238028E02E00FE80738038D01E4
:10B450005CF000E64EF301948401100080DA8E4126
:10B46000501080DCCADCD5C72E0002905A080119A2
:10B470004402C81C49FFEBB9C8134402CAD44412A1
:10B48000CFF42E27EDA44432B40449FFEBBB49FFAF
:10B49000EE945A0801064402C81C49FFDEB449FF75
:10B4A000D97FC80C84E03C7E009A4462CFF444A06B
:10B4B0007FFE4492CF50480001013C0C01533C13E5
:10B4C000E6E6B61F2E07ED91E63FF0813C0C014EFB
:10B4D0003C3DFB9BF0842E07EDA43C4003C8F08567
:10B4E0008400E9035000FFE296015CF08051F08295
:10B4F0008400E9035000FFB096012E27C9D1F083E4
:10B50000440000DC42610073F6864452CFF484C0EC
:10B5100084E08521854FFB0087C3F006D0C4B405C5
:10B520004E02009F845DFE865A28011822F2801D7B
:10B530000222801E40F7F9F6884F1222801E04FF77
:10B540008000A0AE38278A0204F28010402178568D
:10B55000884F14228010D5255A080508844012729D
:10B56000801E14228010D51D22F2801E2222801DF2
:10B570004227A873402120561222801E04228010E8
:10B5800004FF8000F287A0AE38278A0204FF8007FC
:10B5900042253C7340212056142280105A00046139
:10B5A000F201CA62B443924D9686CA5EB443924198
:10B5B0009686CA5A9E81E643E810A0AE04FF800436
:10B5C000382789011222801D5A080108020F8002C3
:10B5D000109280361202801C002280362202801DCA
:10B5E0005A280133F2055A280111042280105EF115
:10B5F00003E9E9085EF00065E90800228037E650BB
:10B60000E8041242801CD519B443924296865A2807
:10B610000107022F80041222801CD505022F80060C
:10B620001222801C02F2801C804F5CF780C9E90363
:10B63000442000C81222801C0222801CE040E9083D
:10B6400010628036D505E020E803109280360002B3
:10B650008036C80A0002806CC807B605D50510629E
:10B6600080361272801C505280DC48FFFF58B4268E
:10B67000841BFE0EC067048300063C0C014D38009D
:10B6800021015CF00100E903440000FF12030009FE
:10B6900084011203000A3C2C009A04030008E20211
:10B6A000E9033C0E009A5A18050E2E07EDA45A0025
:10B6B00001318CE1506300DC2E07C9D1E2E0E9D80A
:10B6C000D54402030024E340E9048C011203002462
:10B6D0005A18010A943A8809501300088444490012
:10B6E0003A79D5E45A1802E302030024E60CE8DEB6
:10B6F00038549E1122130004943AD9D88809225054
:10B70000000122030005D8D284013E0002A6D5CE56
:10B710002E000271E60AE9CEA0763C2C0150944A34
:10B720008822A60B3E07EEE7400408088802A642DE
:10B730003E17EEE6A640A6013E17EEE43E07EEE514
:10B74000D5B912030024D5B64900048449FFF87D19
:10B750002E07EDA42E67CA643E0002665A68010EE9
:10B760003C0DFB98A6015A0006145A000A1249FF24
:10B77000CE31D50E80C0D50C84C1D50A000080DA48
:10B78000C804B60148FFFE6B840048FFFE688006CF
:10B79000EC243A6FAA84DD9E3BFFFCBCEFF449FF2A
:10B7A000DC10F081F1018400490004D1440245100D
:10B7B00044124000490007144402CD444412CA0414
:10B7C0004422CDD044328F704442CD38490026F90E
:10B7D0002E07CA665A08010BEC0C4402CD444412F1
:10B7E000C9843BFFFC8448002A66EC0C3C0C01ED4C
:10B7F0003C1C01EC3BFFFC84480006F23A6F98BC0D
:10B800002E67ED435A60010784003E07ED6B84010B
:10B81000D51F2E07ED6BC80684084900040A3E6751
:10B82000ED6B490003875A0002145A0013113C0DB6
:10B83000FBA7A6009600C80B3E00029E490003AE7F
:10B840005A00130649FFFFAA490003C2FA033A6FE0
:10B850009884DD9E3A6FA0BC49000452C807445248
:10B860002D00843F44022D41D50A4463F04A4470C0
:10B87000005549000445C0F4AFF0D5FC1812800112
:10B88000D8FE44022D4044100040AE403A6FA084E0
:10B8900048000446FC008401842084613E07ED35A5
:10B8A0008041440074A08083490013855A08AF3951
:10B8B000842184008041806180813E07ED35440011
:10B8C000FBA049001378844180628082441000FA12
:10B8D000440074A04900136F844180628082441048
:10B8E00000FA44002D104900136684418062808272
:10B8F000441000FA440080104900135D84418062C6
:10B900008082441000FA4400D51049001354844149
:10B91000440015A08420806280824900134CFC8082
:10B920002E07ED35C82FFC008441806280824410D0
:10B9300000AF440074A04900133E844180628082BD
:10B94000441000AF44002D1049001335844180623B
:10B950008082441000AF440080104900132C8441C1
:10B9600080628082441000AF4400D5104900132348
:10B970008421804180618081440015A04900131B0F
:10B98000FC80DD9EFC404423F04A443000553C1DC1
:10B99000FBB3A648C903AED0D5FB2E17EDA95A18A4
:10B9A000256284203E17EDA93E17ED943C1C00EE65
:10B9B000444200003C6DFF8C0410801284409230A1
:10B9C0005410FFFF944A882480A4B461FAE8926A74
:10B9D00096F70213001AE241E80E95119865B5201A
:10B9E000A4488889FE7C40108C3796498C41AC6015
:10B9F0009691D5F049FFFF96440000FF2E10029E5D
:10BA000049002A4844021B9044120000490005E8FE
:10BA100044021B9044124000490005E24413F69290
:10BA200084003E07ED433E07ED4C3E07ED78AE083F
:10BA3000840080208040FA6F49FFD58149002AE0C8
:10BA4000840049FFD8EF3C1DFB982E07ED3D848113
:10BA50002E27ED53A6492E37ED6E4452B44C49FFC4
:10BA6000BD5BFCC0FC2080804403F04A44100055BC
:10BA7000AE403C1DFBB3A608C0FF2E07EDA95A0837
:10BA8000022C2E07ED34C80844020000B4244900FB
:10BA900005A74800009D8420445200002E07C9D706
:10BAA0009201E2204EF2009484402E07C9D8E24071
:10BAB000E8102E07C9D7806142310073B40494D9CD
:10BAC000880388658C41A4D8969096D9ACC0D5EEF1
:10BAD0008C219648D5E4E603E97A3C0C00EE44302C
:10BAE00001FF442FFE010410001244020054923062
:10BAF0005410FFFF944A882084A0B421B404922AF1
:10BB00009677FE8CFE5C8476969140108C3680E5AC
:10BB10004460051098C5A51888829721AD18A5180E
:10BB200097234E440007A5189723E024E802ADD8D8
:10BB30008CA2DEF184213E1002AE3C1C01E7A488F9
:10BB4000021080113C2BF76C3C1BF76DA441964909
:10BB5000AC400210001096491210001149FFFEE29D
:10BB6000440000FF2E10029E4900299444021B90BD
:10BB700044120000490005344412400044021B9066
:10BB80004900052E84003E07ED9E3E07ED783E07F6
:10BB9000ED43840049FFD8354413F04A4420005552
:10BBA0003C0DFBB3A600C803AE88D5FB49002A288C
:10BBB0003C1DFB982E07ED3D84812E27ED53A649B1
:10BBC0002E37ED6E4452B44C49FFBCA6FCA0FC409D
:10BBD00084203C6DFF8C3E17ED6484203C1BF6EA0C
:10BBE0003C1BF6F92E17EDA70223001AA1455A189F
:10BBF00001082E27C9CB0440000C9491D502808502
:10BC00003C13F6ED3C33F6ECE223E9073C6DFB9088
:10BC10003C7DFB8F8420D56F8C2196493C1BF6ED33
:10BC20005A10010580048420D54C8420443FFF80B5
:10BC30004450007F9609E202E80B3C0DFB9038303F
:10BC400004083C0DFB8F385004088C21D5F42E07D6
:10BC5000EDA75A0801E93C5C01F13C7C01F084202D
:10BC6000000300109401E020E8DE94C940928C00AB
:10BC700088678C21A4189649960112048000D5F19A
:10BC80003C6DFB903C3DFB8F88C12E57EDA72043B8
:10BC90000000383184105A580106A540976B90A2D5
:10BCA000AD40A540976BE085E910A540976BE0A3F8
:10BCB000E917AF303C4DFB8F8C02383204088C21E1
:10BCC00096C9E262E9DED541A50097235EF20080C5
:10BCD000E804A5009723D5EA4440007FD5E7A4C037
:10BCE00096DB5EF1FF81E904A4C096DBD5E3443F17
:10BCF000FF81D5E096C9E262E81338430410383377
:10BD0000840040422008FF1F94C940928C008C217F
:10BD100012448000049000068869AD18D5EC84C0F8
:10BD2000440000FF2E10029E3E67ED813E67ED430A
:10BD3000490028B02E07EDA75A0801043E07ED4838
:10BD40003E67EDA73E67EDA6FCC05A08040EFC0056
:10BD5000440000FF2E10029E4900289C3C0DFBA7CA
:10BD60008421AE40FC803C0DFBA78421AE40DD9ECB
:10BD7000FC003C0FFF8C490001EE3C0FFB9049009A
:10BD800001EA3C1DFF8CA68AA64B420104733C0FBE
:10BD9000FB8FFC80FC004413F69E80C04403F69F9A
:10BDA0008440AE88AE804403F6A0AE804403F6A182
:10BDB000AE804403F6A2AE804423F6928403AE1014
:10BDC000A6B040310C098823969784614021880CE5
:10BDD000A6C8FE9FAE884413F6AAFA4FAE88441355
:10BDE000F6ABFA6FAE0884008020804049FFD3A7ED
:10BDF000A6705CF08023E8038C21AE70FC805A10A2
:10BE0000050E5A1007045A18030F500000569600EA
:10BE1000E602E9098402AE10DD9E5000005696004D
:10BE2000E605D5F8DD9EFC41814084C1840080E1B7
:10BE30008122F3813E67ED783E07EDA93E07ED9440
:10BE40003E07ED7F5A28030A3E67ED4C49FFFD246B
:10BE5000840149FFD6E7D5093E67ED9E49FFFD1CE9
:10BE60005AA8AD043E67ED7F500500559600E602E6
:10BE7000E8068404490028EB3EA7ED335403800212
:10BE8000C00E5A98030544029990D514440299941F
:10BE900049FFBCD884003E07ED34D50E490028BCCC
:10BEA000CF065A9003F244029994D5045A780105BA
:10BEB000F00149FFBCC73C1DFB982E07ED3D848176
:10BEC0002E27ED53A6492E37ED6E4452B44C49FF50
:10BED000BB233C0DFBA3A006920A962F3E07EDABB9
:10BEE000FCC1FC2080E180C2C00D5A000411840016
:10BEF0003C0BF6F249FFBF7E44423FD844323FD666
:10BF0000D50A44423FD244323FD0D50544423FD8BF
:10BF100044323FDC84009680E246E8073813810112
:10BF2000381201098C01D5F83C03F6F2AC18FCA0DC
:10BF3000FC012E07ED8B5A0001062E07ED745A08FE
:10BF4000010549FFE0F9D5252E07EDA75A08012480
:10BF50002E17EDA65A1801212E07ED41C8054402FF
:10BF6000CD4449FFFE3684213C0DFB984900051C59
:10BF7000840149FFD8FC3C0DFB9849FFD909F081A9
:10BF800084408402F1018461808280A24900014AD8
:10BF9000FA03D5028401FC81FC002E07ED4C5A08FF
:10BFA00001074402CD4449FFFCEFD5092E07ED9E61
:10BFB0005A08010C4402CD4449FFFD562E07ED8E70
:10BFC00049FFFEC5FA03D5028401FC80FC002E6700
:10BFD000ED8184015A68010A4402CD4449FFFDF90C
:10BFE0003C0DFBA7AF80FA03FC803C1DFB44A60878
:10BFF0008C01AE083C1DFB44A6089606C8063C0D05
:10C00000FB463C0FFB43D5053C0DFB453C0FFB437A
:10C010003C0DFB43A64880A01010003F842018125E
:10C0200080015000003C18128001D8FEDD9E3C2D9E
:10C03000FB43A65098D1AE199C0996005CF0003BDA
:10C04000E9028400AE10A6108840841FAE11DD9E68
:10C050002E0002762E5002603BFFFCBCEFFCD00F9E
:10C06000C8064400005249FFFFE4D50544000051D2
:10C0700049FFFFDF2E0002763E0002602E000274B0
:10C080002E500261D00FC8064400005449FFFFD172
:10C09000D5054400005349FFFFCC2E0002743E003A
:10C0A00002612E0002752E500262D00FC8064400B5
:10C0B000005649FFFFBED5054400005549FFFFB9B2
:10C0C0002E0002753E0002622E0013315A00AA08AB
:10C0D000EC0484073BFFFC8448FFFFABEC043BFF10
:10C0E000FC84DD9E48FFD3CE4403F04A4410005543
:10C0F000AE40DD9E48FFD6EA48FFD6BF2E00027351
:10C10000C80A3BFFFCBCEFFC49FFD6FCEC043BFF3C
:10C11000FC84DD9E8400DD9E48FFD2F42E07CAF623
:10C12000C8143BFFFCBCEFFC2E07C9D349FFD2EA81
:10C13000FA0949FFE8792E07C9D3EC04520000013F
:10C140003BFFFC8448FFD2DEDD9E48FFD74948FF15
:10C15000D73C440237FCDD9E44124000B620441216
:10C160004C60A84544120C60A84644121B90A8429B
:10C1700044124B40A844441299701410001114103A
:10C180000012441220A01410001444122D9D14100B
:10C190000015DD9E3A6FA4BC80C044012C00EFDC8A
:10C1A0003A20140044012C10B1C43A2F94203A20B4
:10C1B00014003A23942049FFD8A5C01B2E17ED4E3A
:10C1C00044200048380F86021403000A3803860210
:10C1D0001403000B4402CB8842008873140300133D
:10C1E000440229001403000944022C601403000CCB
:10C1F000EC243A6FA484DD9E4413F01F4433F30211
:10C20000A648542080E0A6589667E001E806A658A4
:10C21000966788229A0896804403F01FAE80DD9EC0
:10C220003A6F98BCEFF080C08005B63FF281F38290
:10C23000F48349FFD276B41FF10149FFD54F44037F
:10C24000F04A44100055AE405A68021549FFD2A882
:10C250005A080206840049FFFFD1D50C2E07ED9540
:10C260005A080306840949FFFFC9D504840549FF1C
:10C27000FFC5F102F203EC1080063A6F988448FF84
:10C28000D4F23A6FA0BC80E084C0E2C7E80C84011D
:10C29000844080208062808080A28CC149FFFFC2E0
:10C2A00097B0D5F43A6FA084DD9E842B3A6FA0BC82
:10C2B000AE4184003C0FFBD2840149FFD2064463A7
:10C2C000F04A447000553C0DFBD2C00D84208461BF
:10C2D00084028041808380A33A6FA0843C1FFBD2FC
:10C2E00048FFFFA049FFD36A5A0801F2AFF0D5EC2E
:10C2F0003BFFFCBCEFFC49FFD358EC0484013BFF3F
:10C30000FC8448FFD357A4408C2196495CF081906F
:10C31000AC40E9113BFFFCBCEFFC840549FFFE8902
:10C32000840049FFB958EC04440000693BFFFC84D9
:10C3300048FFD5CFDD9E3BFFFCBCA740EFFCD90CEE
:10C340008CA19768E6A5E90284A0AF40440FFFAA3C
:10C350003E07ED5ED511840649FFFE6B44122CF0BA
:10C36000A6088C019600AE08840049FFB934440049
:10C37000005549FFD5AE44022CF0A600C00484014C
:10C380003E000295EC043BFFFC84DD9EA6885A2803
:10C39000AA08A680AE888420AE4048FFD5DDDD9E89
:10C3A0003C0DFBAA5A0804273BFFFCBCEFFC49FFED
:10C3B000D1F75A0002142E07CA635A0801108400EC
:10C3C0003E07ED3C84003C0BF6E94412B30B4402FB
:10C3D000B30549FFFFDD8403D505FA003C0FFBAA36
:10C3E0008405EC0484203C2DFB983BFFFC8448FF33
:10C3F000CA3BDD9EA6885A20AA0DAE80442FFFAA14
:10C40000AE88A6005A08010448FFD59F48FFD5A46E
:10C41000DD9E8440AE808400AC08DD9E4403F56060
:10C420008420AE404403F5618423AE408400802024
:10C430008040806048FFD0834403F5608423AE4091
:10C440004403F5618420AE408400802080408060F9
:10C4500048FFD0754403F007A6005A08720D440344
:10C46000F004A6405A100C15A6405A100D12A60052
:10C470005A000E0F44022D60441FFF9EAE408420E0
:10C48000840280418461808180A148FFFECBDD9ED3
:10C490003A6FA83C44012C20EFDC3A2014003A2FDC
:10C4A000942044212C30B0043A2114003A20142066
:10C4B0002E27ED8438400A022E07ED71C8348461BE
:10C4C0003E37ED7195524432714044624510383127
:10C4D00094004472AD7096D8385F8A0281203C1374
:10C4E000E4FEE201E820944140A0980088270285FC
:10C4F0000000A44838220101964B8A22382280008D
:10C500004224082440210C0E88229649121500006E
:10C5100002150000964B4E140004129500008C0189
:10C520009601D5DEEC243A6FA804DD9E2E57ED5619
:10C53000440FFF383A6FA83CFF448480EFFC9769B2
:10C5400080644462451044721B904492AD703C0379
:10C55000E4FEE260E81F9459988F980E8829A400A1
:10C5600002A10000A4908A0A884596039693AC889D
:10C5700080204E040003FE425EF08065E80D5EF010
:10C580000032E9058C819722E494E8068C6196D903
:10C59000D5DF8400D5028401EC043A6FA804DD9E47
:10C5A000842448FFDAE23BFFFCBCEFCC96D0FA4093
:10C5B00084A08481F2858442F583F584F586F28730
:10C5C000F588F589B67FF481F382F48A804180A4EE
:10C5D00049FFCEC8EC343BFFFC84DD9E3A6F98BC2B
:10C5E00044228F70EFD00031000FFAC000410010DC
:10C5F00084A18440F68584C2F283F284F286F687B1
:10C60000F288F289B67FF581F382F58A804149FF8D
:10C61000CEA9EC303A6F9884DD9E84213E17EDAAB6
:10C62000540000FB84203E17ED71C807440200004F
:10C630004412451048FFFFD4440200004412000297
:10C64000442245102E37C9D72E47C9D884A048FFA9
:10C65000CEF13C1DFB983A6F98BCA64980C049FFBB
:10C66000FFDE5A6803092E07CAF6C8053A6F988498
:10C6700048FFFF103A6F9884DD9E3BFFFCBCEFFC47
:10C680004402451044121B9049FFFFAA44021B902C
:10C690004412400049FFFFA4EC0444020A20441263
:10C6A0004A20442000483BFFFC8448FFFF7E48FFAF
:10C6B000CDF83A6F98BC44428F70EFD00062000F03
:10C6C00084A000420010F581F582F583F584F5869B
:10C6D000F588F58984A1B6DFF285F387F58A80664F
:10C6E000804149FFCE3FEC303A6F9884DD9E3BFF9E
:10C6F000FCBCEFC484A0F38DFA608082F385844192
:10C700008462F281F482F387F28AB6BFF583F584FE
:10C71000F586F588F58980648041F40D49FFCE22C5
:10C72000EC3C3BFFFC84DD9E3BFFFCBC44428F7035
:10C73000EFCC0032000F84A000420010F284844845
:10C74000F581F582F583F585F586F287F588F5891B
:10C75000F58AB67F804084A149FFCE04EC343BFFCC
:10C76000FC84DD9E3BFFFCBCEFBCF18EF08D802392
:10C77000F28F2E37C9D7C4052E47C9D88003D503F9
:10C7800080048481B61F84A1F0828400F083F18448
:10C79000F085F086F088F089F08AF581F587F00D54
:10C7A000F10EF20F49FFCDDEEC443BFFFC84DD9E31
:10C7B0003A6FAABCEFFC006F802401EF8020F6895D
:10C7C000026F801C00FF8028F68E006F803C008F77
:10C7D000802C00AF8030009F8034F68F23CF8020E4
:10C7E000227F8022006F804815EF800814FF800AA6
:10C7F000148F800B14AF800C149F800D15CF801008
:10C80000F791F692EC043A6FAA8448FFCDAB3A6FE9
:10C810009CBCEFD444628F700073000F0063001063
:10C82000F381B0C7F3848460B6DFF482F58380833C
:10C8300080A749FFCD0EEC2C3A6F9C84DD9E3A6FA9
:10C84000A0BC4473F423A77897A849FFCF98C004ED
:10C850005453001FD505A77897678EA197682E00BF
:10C860000A1A2E100A0940000417D80849FFD54AB1
:10C870008E01842040008006D50284013A6FA08496
:10C88000DD9E3BFFFCBCEFFC8401842049FFD22EDF
:10C89000EC0444000CD53BFFFC8448FFD22F44231A
:10C8A000F01FA610541000E04403F302A6C0A60037
:10C8B000962788019600AE10DD9E3BFFFCBCEFF48E
:10C8C0005A0801173C0DF28F3C1DF28AB61F3C0D31
:10C8D000F2903C2DF28BF0813C3DF28C3C0DF289C4
:10C8E0003C4DF28D3C5DF28E49FFD06CD5153C0D70
:10C8F000F2873C1DF282B61F3C0DF2883C2DF2837C
:10C90000F0813C3DF2843C0DF2813C4DF2853C5D72
:10C91000F28649FFD057840080208040806049FF24
:10C92000CDF4EC0C3BFFFC8448FFCDC74403F0C7BB
:10C930003BFFFCBC843FAE40EFFC49FFD193440376
:10C94000F705441FFFA5AE40EC048420AE403BFF3A
:10C95000FC84DD9E3BFFFCBC8400EFFC802049FF93
:10C96000CEEC49FFD26749FFB7F449FFFF8C49FF7E
:10C97000FF9849FFFFDD49FFCC9949FFD30D49FFDF
:10C98000CE0949FFCDB1EC043BFFFC8448002CAF3D
:10C990004423F0779606A650541080FEFE0FAE108A
:10C9A000DD9E00003A6F9CBCEFF480E080C149FF3F
:10C9B000CEF7A6B9C80650017FF7E6028408E9025F
:10C9C00080024413F04A44200055AE884423F3808B
:10C9D000A6505A1001FF4E6300898E01E60D4EF2FB
:10C9E000018144F0C8F03807810140F03C00DD0FC0
:10C9F0001A00F002C8009000C8009000260026002F
:10CA00009C009C009000C800D400EC0C84023A6F9B
:10CA10009C8448FFCFF6840149FFCE79840049FF0A
:10CA2000FF4E2E07ED482E17CE735A00010B2E072E
:10CA3000ED8E8E04E602E9052E07EDA75A08010ED9
:10CA4000E624E805840249FFE429D515E62DE8131C
:10CA50009E0A49FFE423D50FE624E80484018424D8
:10CA6000D504E62DE808840184408062808280A09D
:10CA700049FFFBD8840149FFD145840149FFFF8A62
:10CA8000EC0C84003A6F9C8448FFCFBB840149FFC3
:10CA9000FF81840049FFFF132E07ED485A08010665
:10CAA000840249FFE3FBD509844084018424806229
:10CAB000808280A049FFFBB6EC0C84003A6F9C8416
:10CAC00048FFD09E8440840180A02E17CE738062E0
:10CAD000808249FFFBA7840149FFD114EC0C84003C
:10CAE0003A6F9C8448FFCF8D5A600104480000EFE4
:10CAF0008E03E60B4EF200F644F0CA0838078101B7
:10CB000040F03C004A003C008E0116008E011600E9
:10CB100022002200E000E000D8018E019A01EC0C16
:10CB200084013A6F9C8448FFCF6C466001C1467017
:10CB300001C0808780A68007802680468066B6DF99
:10CB4000F68149FFCF3F840080208040806049FF0C
:10CB5000CCDC49FFCCB2FA1A49FFE36650038500EA
:10CB6000808080A6802680468066B6DFF68149FFF9
:10CB7000CF29840080208040806049FFCCC649FFD7
:10CB8000CC9CFA1A49FFE350808780A68007802654
:10CB900080468066B6DFF68149FFCF14840080208E
:10CBA0008040806049FFCCB149FFCC87FA1A49FF29
:10CBB000E33B50038880808080A680268046806684
:10CBC000B6DFF68149FFCEFE840080208040806081
:10CBD00049FFCC9B49FFCC71840149FFCF1244002F
:10CBE000003749FFE321D566466001C1467001C0A8
:10CBF000808780A68007802680468066B6DFF68123
:10CC000049FFCEE0840080208040806049FFCC7DD9
:10CC100049FFCC53FA1A49FFE3075003850080808F
:10CC200080A6802680468066B6DFF68149FFCECAA0
:10CC3000840080208040806049FFCC6749FFCC3D64
:10CC4000FA1A49FFE2F1808780A680078026804695
:10CC50008066B6DFF68149FFCEB584008020804033
:10CC6000806049FFCC5249FFCC28FA1A49FFE2DC28
:10CC700050038880808080268046806680A6B6DF4C
:10CC8000F68149FFCE9F840080208040806049FF6C
:10CC9000CC3C49FFCC12EC0C84013A6F9C8448FFD9
:10CCA000CFAF840149FFFE0B49FFFBBA840149FF66
:10CCB000CEA8840049FFFE6E840049FFD023EC0C0F
:10CCC00084003A6F9C8448FFCD225A68020B84018D
:10CCD00049FFCE97EC0C84003A6F9C8448FFD01239
:10CCE000EC0C3A6F9C84DD9E3A6FA8BC2E600272F9
:10CCF00080E15A68011B840084203E00027280415A
:10CD0000440046E080668086490009555A08070EAF
:10CD100084204400CFF08041806680864900094B22
:10CD2000C80484033E07ED953C0DFBAA5A08040D88
:10CD30002E07CA63C0098402490021593C0DFBAA91
:10CD40005A080424D51149FFCD2B5A0002F684015C
:10CD50004900214D8420846184028041808180A328
:10CD600049FFFA60D5F149FFCD1B5A00020F2E672B
:10CD7000CA635A68010B800649FFCE1C840049FF34
:10CD8000B42A800649FFCCA14463F04A4490005580
:10CD90003C0DFBD2C0098404490021293C0DFBAAAB
:10CDA0005A08042DD50B49FFCE095A0801F6840311
:10CDB0004900211D10930000D5EC49FFCCF15A0029
:10CDC000021E2E07CA635A08011A49FFFA93440348
:10CDD000F429441FFFC3AE404403F01C8420AE403E
:10CDE000840049FFC5123C0DFB98842049FFFDDCFF
:10CDF0008402AE393A6FA884DD9E80478405842082
:10CE000049FFC5323C0DFB98842049FFFDCD8402CB
:10CE1000AE39840149FFCF1784053A6FA8844800D2
:10CE200020E62E07ED3D5A0801283A6F98BC49FFCD
:10CE3000CCB7C8203C0DFBB3A6405A1801FFA60092
:10CE40005A0801193C0DFBA7A78097B05A68011337
:10CE50003C0DFB98842049FFFDA73C1DFBB38400DB
:10CE6000AE083C1DFBA7AE0880063A6F988448FFC9
:10CE7000B3B23A6F9884DD9E3C0DFB98A6015A0030
:10CE800006422E17ED433BFFFCBCEFFC5A10010697
:10CE90005A000C065A00050449FFC4883C0DFBB338
:10CEA000A6005A08012D3C0DFBA7A6005A08012830
:10CEB00084003C0FFBDB2E07ED4C5A0801064402B0
:10CEC000B33C49FFF7692E07ED9EC0042E07ED6FB6
:10CED000C8163C0DFB98842049FFFD663C0DFBB352
:10CEE0008420AE402E07ED86C8043C1DFBA7AE088B
:10CEF000EC0484013BFFFC8448FFB36DEC043BFF72
:10CF0000FC84DD9E3BFFFCBCEFFC49FFCC495A088A
:10CF10000207EC043BFFFC8448FFFFB03C0DFB988C
:10CF2000A6015A000A07EC043BFFFC8448FFFF7B84
:10CF3000EC043BFFFC84DD9E3A6FA4BCEFDC4411A3
:10CF40002C40B1843A20940081203A23142049FFD8
:10CF5000C42D49FFC06BF0818400120F800784E06C
:10CF600038131E02500F800E2E27C9D72E37C9D86E
:10CF70008CE149FFFBBE5A7804F5000480005A0892
:10CF8000011F84033C1DFB98F2014432B32C49FF7E
:10CF9000B6B42E17ED56440000C8FE0C2E27C9D794
:10CFA00044121B902E37C9D8120F8007500F800EE5
:10CFB00049FFFB9F49FFC3FA49FFFFA64403F04A1C
:10CFC00044100055EC24AE403A6FA4848400DD9EEA
:10CFD0003BFFFEBCEFF8FA0049FFF82B49FFB33CDA
:10CFE000840084213E17ED513E07ED7C3E00026F28
:10CFF0003E07ED693E07ED6D49FFCBD23C1DFB9826
:10D000005A08020D8404AE098001842049FFFCCC3B
:10D010003C0DFB98842CAE41D50B8408AE098001F1
:10D02000842049FFFCC13C0DFB988429AE413C0D96
:10D03000FBB38421AE402E07CA645A0801122E07A2
:10D04000ED913E07ED7E2E07ED83C8043E07ED3ED1
:10D05000D5072E07ED3E5A0801043E00026F3C0D35
:10D06000FB98A6013E07ED93840649001FC02E00E1
:10D07000026FC82C3C1DFB982E27ED844432B32C44
:10D0800049FFB63B3C07F6F849FFC28F2E07CA6E30
:10D090005A08010549FFDA98D5163C1DFBB38401F7
:10D0A000AE083C1DFBA7AE0849FFC38049FFFF2C1B
:10D0B0003C1DFBB3A608C0FF4402000044121B90B5
:10D0C00049FFFA8E840B49001F922E00026F5A0806
:10D0D00001138400120F80034412AD70500F8006BC
:10D0E0002E27C9D72E37C9D849FFFB0349FFD6726F
:10D0F0003E07ED692E07CA645A08010D2E00026F23
:10D100005A0001052E07ED69C8054402C81749FFFA
:10D11000FF152E07CA645A0801232E00026FC809A2
:10D1200049FFD55B5A0801143E07ED3E48FFFF5505
:10D130002E07ED695A0801083C1DFBB3A6085A08E2
:10D1400001FFD5052E07ED8449FFD5EA3C1DFB986C
:10D150002E07ED91A64949FFFA62D5052E07ED91FC
:10D1600049FFFA7984003E00029B3E07EDA03E078E
:10D17000ED543E07ED512E07CA8C84213E07ED7910
:10D180003C0DFBA7AE4049FFC31149FFFEBD49005E
:10D1900006645A08020448FFFF208400442225B098
:10D1A0008060444220A080A03C13E4FEE201E80934
:10D1B0009842AEC8944188248C01AD489601D5F5BB
:10D1C00084003E07ED9084013E07ED5FEC083BFFD5
:10D1D000FE84DD9EFC4081202E00029180E1814290
:10D1E00080C35A0001062E07ED2B5A08010E2E07A8
:10D1F000EDA4E602E9093C0DFB9BB4809282970600
:10D2000056420001D5028480000480002E17C9D147
:10D210005A000107840044328F708080D532440266
:10D22000935C84A08442D10BC403AE80D50400304B
:10D230000021AEC08CA197688C01D5F62E07EDA514
:10D24000C8052E0002675A0801143C0DFB9BB5006F
:10D2500040040809548000015A88010B49FFCAA004
:10D260005A0802072E07CDB4C8033E87CDB42E0757
:10D27000ED67C00F84003E07CDB53E07ED67D509C9
:10D280009680E241E80698838C01104103ECD5F9C1
:10D29000000480003C13E88A5A0801362E07ED97F7
:10D2A00040050001E402E9095A6801082E37FE36FC
:10D2B000CB083E67FE36D50484003E07FE3684C0A8
:10D2C00084003E07ED97A639C8112E07CA7B5A087D
:10D2D00001185A6001085AA801143C00025CE614C7
:10D2E000E90F3C0003C88C0AD50F3C0DFB9B3C1397
:10D2F000E5CDB400920296065A0801038C253C1B2A
:10D30000E6E6D50484003C0BE6E6FCC0FC402E07B4
:10D31000CA648141810280E33C93E88D3DC3E88E7D
:10D320005A0001062E07CA675A080104A5B8D5039A
:10D330003C63E5493C0402318443940140000816F3
:10D340009601E20640033C1A9641E2294004BC1BC8
:10D3500080404412CAD43C0C01EC4432B31B84809C
:10D36000969149FF995C84002E37ED733C4C014C3B
:10D370003C5C014D80209680E243E80C38F20101CC
:10D3800096814CF1400638228101882296498C0111
:10D39000D5F34E8300053DCBFF1AD50F4EA30005F4
:10D3A0003CABFF1AD50A3C03FF1AC0048E013C0BAC
:10D3B000FF1A3C03FF1AC003ADB8D5074004840030
:10D3C000E006E8089A71AC782E07CA7BC806ADB8AB
:10D3D000D50412938000D5F9FCC03C0FFF93DD9E6D
:10D3E0003C0FFF92DD9EFC00840084203E0002B2D0
:10D3F0003E07FE433E07FE423C1BFF203C1BFF1F37
:10D400003E17FE453E07FE444410004084003E1790
:10D41000ECF13E17ECF03C0FFF94FC803C0DFF93C9
:10D42000A4413C1BFF1EA444A6003C1BFF1D3E075D
:10D43000FE38DD9E3C43FF1E3C2DFF933C33FF1D19
:10D44000C009E68FE9038E85AD11E66FE9058E65AB
:10D45000D502AD11ACD4A6095A0806048401D5033F
:10D460002E07FE38AE102E07ED91C005840A3E0748
:10D47000ED37D505A6113E07ED37A6103E07ED386E
:10D48000DD9EFC47F1823C1DFF92F2892E27ED9133
:10D4900000A08002A64BF38AF185F48B3C1DFF931C
:10D4A000CA0402908002D5034490012C222000037C
:10D4B000E122F281E906A509850040420807D5036B
:10D4C000848085013DEDFF93A404F501023F000136
:10D4D00040002856E06596529782F386E8192E5F41
:10D4E000ECF15A5840044800019B9B4D2E3FECF054
:10D4F0004E540003FF6A976AE4A3E8089AF34E3497
:10D500000003FEDA96DAE463E90C8461D50844305E
:10D5100000403E37ECF13E37ECF084603E37FE458C
:10D520005A48015584E04E1700049FD197F85035B2
:10D530007FFFE023E8048C419690D5029698F28311
:10D5400084604E6700049EC196D8F2058E41E0C209
:10D55000E8048C019600D50296108440F084800285
:10D56000F504E2A3E91E4251A8248A07F587F08C4E
:10D5700080A7F00C88059600F088F003E205E90D1D
:10D58000F00704FF800288059401880F8CA1A40095
:10D59000976888409693D5EE8C61F00896D8D5E1CF
:10D5A000F3024213287394498823023F0005A448DC
:10D5B000FEC4E043964BE90C8A41021F00068E012F
:10D5C0009693FE0C40210007D5048440D502844187
:10D5D0003C0DFF945A000128C0045A000240D57641
:10D5E0003C07FF1FF106E001E8038400D504E120B9
:10D5F000E80484013E07FE445A4801144E83001299
:10D60000CA102E07FE432E17ED388C018C21960090
:10D610009021E0203E07FE43E8593C4FFF94D5158A
:10D620008400D5195A4801154E830013CA112E07DC
:10D63000FE432E17ED388C019600E2203E07FE4394
:10D64000E84584023C0FFF943E27FE43D53F84000B
:10D650003C0FFF943E07FE43D539021F00075A8056
:10D6600001045A2801202E07FE422E27ED37E24002
:10D67000E9048C013E07FE423C03FF20E220E9045E
:10D680008C013C0BFF202E07FE42E240E9053C03E3
:10D69000FF20E220E81B84003C0FFF943E07FE427F
:10D6A000D51384003E07FE4284005A4001053C0326
:10D6B000FF208C013C0BFF203C03FF20E220E8060A
:10D6C00084003C0FFF943C0BFF203C0DFF945A0854
:10D6D00002048401D50284003E0002B22E0002B290
:10D6E0005A000104480000A2F00B048F800AF08D5C
:10D6F000F002F709F08349FFC853C00C2E07CA6C2B
:10D700005A0801093C2DFF93F0038027A494490097
:10D7100005303C2DFF93F0038027A494806884811A
:10D7200049FF977D000400004E0200803C0DFF93EE
:10D730008440F08650057FFFF087F0058E01F08869
:10D74000000F8020F08B000F801CF08C0004000084
:10D75000E240E86BA079941141E08000025F000094
:10D76000DA5BA07B38108901F185F305F10DE22326
:10D77000E953A07C8801A6C1A700C3059E199600A5
:10D78000F082D502F382F007E060E8048C6196181D
:10D79000D502F00CF084C4049E619648D502802422
:10D7A000F008E080E8048C819720D502F40B84C057
:10D7B0008006E281E91E049F80024230A8248A0983
:10D7C000F389F08AF00AF3048809E2699600E90E09
:10D7D000F009F303880994018803A40088C0500469
:10D7E000800197B3549000FFD5EE8C219648D5E286
:10D7F000F106A44DFE44E0C1E90AF1058E018AC19B
:10D80000F10697B3A44EFE0CE0C0E806440F80007A
:10D81000FF47125F00008C419690D5993E17ECF1BE
:10D820003E67ECF048FFFE7E020F80023C0BFF1FBC
:10D830003C0DFF948E025C000001FCC73A6FAABC4D
:10D84000EFFC2E57C9CA2E27C9FA96294210082480
:10D850002E47C9CB3C1BE4ED2E17C9FB96E1426174
:10D860008424FE1C924192213C6BE4EE3C0BE4FECE
:10D8700084C044027B903E27CA013E17CA023E572D
:10D88000C9D73E47C9D83C6FFB9C49FFAFAB3C0CA6
:10D8900000E844122D5C44222CFE44522CFC3C0F28
:10D8A000FBA944022CF8B6C1ADA8AD903C0FFBB368
:10D8B00044022CF93C0FFBA744022CFA3C2FFBA29C
:10D8C0003C5FFBA03C1FFB9B3C0FFB983E67ED754C
:10D8D000B401849DFE26B601B40184E1FE3FB60189
:10D8E000B401847BFE1EB601B521841740948002EA
:10D8F000B721B52158948010B721B541449FFFBF8F
:10D9000040952402B721B52158948020B721B54114
:10D91000449F7FFF40952402B721B5215894808011
:10D92000B721B541449FDFFF40952402B721B521BF
:10D9300058948100B721B541449FEFFF40952402E0
:10D94000B721B541449FF7FF40952402B721B54167
:10D95000449FFDFF40952402B721B541449FFBFF42
:10D9600040952402B721B541449DFFFF4095240214
:10D97000B721B4213C1FFBB5A650FF0EAF10A65037
:10D98000541080FEAE50A650FECEAED0A650FE0E75
:10D99000AE10A610AE282E07CA703E67ED9D3E075A
:10D9A000ED5D440FFFAA3E67ED8F3C7E009F3C6B10
:10D9B000F6EF3E67EDA83E67ED983E67ED6A3E6084
:10D9C000029B3E67ED3C3E07ED63440000553E0779
:10D9D000ED683E07ED5E3E07ED993C6BF6E93C6B6A
:10D9E000F6F13E77ED8E3E77ED49490019B92E07E5
:10D9F000CA643E67ED313E07ED833C0DFB983E6700
:10DA0000ED323C6BF6EB3E67ED48AF813E67ED478C
:10DA1000AF803C1DFBB384023E67ED3D3C7E011EA2
:10DA20003E67ED6E3E6002903E67ED53AE083C1DD2
:10DA3000FBA7AE0884043E07ED954402C9BC3C0E2A
:10DA4000012A4402CA8C3C0E012B4402CCA83C0E95
:10DA5000012C4402CEC03C0E012D440000463C087F
:10DA600003C83C0803CC4402CE9C3E67ED543C6F97
:10DA7000FBA33E67ED803E77ED7A3C6BF6FB3C6B9B
:10DA8000F6F63E67ED463C0E01E54402CE703C0FD3
:10DA9000FBAE840A3E07EEA02E07C9CB3E67EEB46C
:10DAA0003E07CAFD80063E67EEA13E67EEA23E60DD
:10DAB00002673C6FFBBA3C6FFBB43C6FFBAC3C6F46
:10DAC000FB9E3C6FFBB03C6FFB9D3C6FFBBC3C6F17
:10DAD000FBB13C6FFB943C6FFB9949FF9539800784
:10DAE00049FF9536800649FF95413C0E014B800762
:10DAF00049FF953C3C0E014C840249FF95373C0E92
:10DB0000014D840349FF95323C0E014E840449FFC8
:10DB1000952D3C0E014F840549FF95283C0E015080
:10DB2000840649FF95233C0E0151840749FF951E49
:10DB30003C0E0152840849FF95193C0E01533C03E9
:10DB4000E4ED3C13E5FA3C0BE5F83C03E4EE3C6EF7
:10DB500000A33C0BE6613C03E5FB3E60028840000D
:10DB60001C0C88013C0BE5FC3C03E6643C13E663BB
:10DB700040001C0C88013C0BE66549FF9FDF3C0F11
:10DB8000FBB749FF9FB34402CFF43C0E0218440296
:10DB9000B4843E67EEE13E67EEE03E67EEE23E6053
:10DBA000085C3C6E02193C0FFBBB845F3C0DFBB76D
:10DBB000843F382018088CC65A683CFA3C0DFBB7E5
:10DBC00084C03C6E00A01010003C1010003D3C6E64
:10DBD00000A13E6002943E6002933E6002953E606A
:10DBE00002963E67EE5C3E67EE5E3E67EE5D3E6728
:10DBF000EDA03E67ED643E67ED873E67ED783E67DA
:10DC0000ED8B3E67ED433E67ED743E67ED9E3E67EC
:10DC1000ED813E67ED4C3E67EDA73E67EDA63E67A2
:10DC2000ED6B3E60029A49FFDB5144027B703E6718
:10DC3000ED573E67ED773E67ED5A3E67ED9749FF3A
:10DC4000AD202E07CA645A08010449FFB0A7840119
:10DC500084C03E0002923E07ED7B4402CD443E6705
:10DC6000ED4F49FFF27B49FFF2743E67ED843E675A
:10DC7000ED3E3E67EDA53E67ED4B3E67ED4D3E67E1
:10DC8000ED523E67ED923E67ED673E67ED3F3E67C2
:10DC9000ED853E67EEE73E67EEE63E67EEE43E6703
:10DCA000EEE5EC043A6FAA84DD9E3A6F9CBC4462B8
:10DCB0009028EFF4800649FFC98150037F48F08126
:10DCC000490012869C3449001286500300784900AE
:10DCD0001609500300A849001281500300CC49FFE7
:10DCE000943150037F48F08149FF942F500300B0D6
:10DCF00049FFDC4C50037F48F08149FFDC4A500368
:10DD00007F48F08149FFD6A65003011849FFFB6701
:10DD100050037F48F08149FFFB6549FFFB815003B9
:10DD2000012C49FFD759507303D050037F48F0812D
:10DD300049FFD755800749FFD75550037F48F081E9
:10DD400049FFAB8F5003017049FFAA8350030318AA
:10DD500049FF98F750037F48F08149FF98F5500339
:10DD6000037C49FF950D50037F48F08149FF950BD7
:10DD70005003038C49FFA1F950037F48F08149FF0C
:10DD8000A1F7800749FF9EAC50037F48F08149FF0F
:10DD90009EAA3C0DFB9B49FFCA1E5003040049008C
:10DDA000210150037F48F081490020FF50030048C3
:10DDB00049FFB3A750037F48F08149FFEFDB5003D1
:10DDC0007F48F081EC0C3A6F9C8448FFDA7C440079
:10DDD00000A23A6F98BC490019003C0DFB98A601BF
:10DDE0005A080C128400847F3C2DFBB7843F3831E5
:10DDF00000088C065A083CFA3C0DFBB71010003C9A
:10DE00001010003D49FFFAF13E0002752E07C9D3FC
:10DE100084C0520000013E67ED3C49FFF17F840160
:10DE20003E07ED603E07ED7D3E07ED423E67ED8922
:10DE30003E67ED3E3E60027649FFDBBA2E07CA64BC
:10DE40003E67ED9A5A0801063A6F988448FFC6EA81
:10DE50003A6F9884DD9E3A6FA6BCEFE044012C50E7
:10DE6000B1843A20140044012C603A2F94203A20C7
:10DE700014002E07CA6480FF3A2314205A08013F79
:10DE80002E00026FC82C2E07ED9149FFF3515A085E
:10DE9000010D2E07ED835A0801093E07ED3E49FFAB
:10DEA000AB80C0FE8402D53E4402451044121B9054
:10DEB00049FFF39685203803A602381326028D21E8
:10DEC00049FFF38E5A9804F949FFC46A5A080204BC
:10DED00049FFCFAB84013E07ED69D5102E07ED69F0
:10DEE000C80D2E07ED8449FFF35D2E17ED84380F22
:10DEF00086023813060249FFF37344021B90441252
:10DF0000451049FFF36D84C144021B904412400048
:10DF10003E67ED7B49FFF3643E67ED713E67EDAA16
:10DF20008401EC203A6FA684DD9E4402519B44128A
:10DF3000519AA600A64840002008FE0FDD9E44022C
:10DF4000519D4412519CA600A64840002008FE0F97
:10DF5000441FAE6088205CF0805AE903440051A061
:10DF6000DD9E44025198A60092019606DD9E440271
:10DF70005198A60092029606DD9E44025199A60091
:10DF8000DD9E4412519EA6089600C00EA60896007B
:10DF90005A00010BA60896005A000207A608960030
:10DFA0005A0003038400DD9E4412519F9600AE0880
:10DFB000DD9EFC0044625198AE704412CF78B601E9
:10DFC0008401A98910208009100080081030800A7F
:10DFD0001000800B8001802449FFC302A630FC8022
:10DFE000FC0084418420806280824400B10049FFAB
:10DFF000FFE284003C0FFBCA3E000264FC80B420B8
:10E00000922696465A180109B44092459686CA044B
:10E010003C1E0074DD9EB420922696465A180109D3
:10E02000B400920596065A0801048402D5028400C1
:10E030003C0E0074DD9EFC0280A1F281B421A0A9F7
:10E04000F382F48349FFC6628401F10149FFC6826D
:10E05000F00249FFC69284C08006842049FFC69A18
:10E060008006F1038CC149FFC6BD5A6808F78400D9
:10E0700049FFC68749FFC65D840149FFC68249FF43
:10E08000C658840349FFC67D49FFC65349FFC67180
:10E09000FC82FC40AE888440A708E244E81AA10153
:10E0A00038520901D214A1059592956A99E688859E
:10E0B000A7FA00F20002E2EFE802AFE2A1C588C7CA
:10E0C00088A7A733A7ABE2C4E802AF2B8C41D5E504
:10E0D0009DD984A092E1506080258125D736A688FD
:10E0E000E2A2E82EA081382115014C22C02A50F06E
:10E0F0000014B50F94AA8902990D00A400030084AE
:10E1000000028D418B4810A20025B54F894200A521
:10E11000000210A20037B54F884AA693102200498A
:10E12000A08338A11501502280349491884112A116
:10E130000003A084382115001022005BD503109342
:10E1400000008CA18CC1D5CB8C2184A0849FD30FDF
:10E15000B440382115005A28FF04AF08D505A18125
:10E1600038230901AE888CA18C21D5F2FCC0FC4A71
:10E170002E77C9CB5CF100248120B63F2E67C9CA37
:10E1800050A3FFFFE909FA133C0BF6DF40830408B4
:10E1900080298400D5043C2BF6DFD5F9E207E80896
:10E1A000B0C23820A005382181098C01D5F8B43FD0
:10E1B00080473C33F6DF44400055B00249FFFF3D45
:10E1C000F0814412C6E4B41FF201806749FFFF6387
:10E1D0004014A0008400E207E8090220FFFFB0C25B
:10E1E0008828382181098C01D5F7B43F80473C331A
:10E1F000F6DF44400055B00249FFFF1FF081441292
:10E20000C650B41FF201806749FFFF458400E20653
:10E21000E80838148101B082381101098C01D5F861
:10E22000B43F80463C33F6DF44400032B00249FF41
:10E23000FF04F0814412C5BCB41FF201806649FF9F
:10E24000FF2A429428738400E206E808381481010A
:10E25000B082381101098C01D5F8B43F80464440A2
:10E260000032B0023C33F6DF49FFFEE7F081441292
:10E27000C528B41FF201806649FFFF0DFCCAFC46A9
:10E2800083C02E07C9CAF385F486F0812EA7C9CBB7
:10E29000C907406088068401C20984FFD508C2040A
:10E2A00084C3841FD5FB84C2841F84E1F301FED4A0
:10E2B000808388819521F384403F10003C43F6DF42
:10E2C00022918000F387E0894EF200F59710F488E0
:10E2D0009708F489F308F4058883A6E1F38AF40A21
:10E2E000F305888320320025F409F382F30688833E
:10E2F000A6E1F38BF40BF306888320320025384225
:10E300009800F383C404848438429808F30242934B
:10E310008824E06AE903F3028E618923F301424312
:10E320008824FEFC048F80018C8141C184088141D6
:10E3300042321C2442A1A073806A94D9850040AF68
:10E340000C00B71FE124E90B38F520114EF700054A
:10E35000B47F886FB67F8C81891CD5F5B47FCB03E1
:10E360008461B67FF303F40142A00424E064E8036F
:10E370008943D504F4038E81894495014290042495
:10E380008D218064F4044244807395218780408FFE
:10E390001000809CE149E90A38F470114EF700033F
:10E3A000888F8D2141CE0C00D5F6CC028481F301FB
:10E3B0008847FE9C4080800040912000854A39CFEC
:10E3C00025113CFC0074E91FB43FF2054230A8243B
:10E3D000F10A40319076501080349449884144903D
:10E3E000005AA513F204441000508848FF0C429EC6
:10E3F00024244410006440420496382F09114094AC
:10E400008536D520B47F4242282440320C76F40B66
:10E41000049F80065042003495218924882202F40A
:10E42000800344400050382F05114410005A449096
:10E43000006442479024421E0424404224964090A7
:10E44000A536F10722F08000E08FE840F102E423D6
:10E45000E804F103E423E93AE122E838E4753832CC
:10E460009800E8035A380433F103F2098E21422060
:10E4700004739652F202F4088E4142438873852455
:10E4800096A238929808992ECB03AEA4D5102032CC
:10E49000000442F38824FFDCE0EFE802AEA420226F
:10E4A000000842F00424FE14E00FE81010120008E7
:10E4B000D50D8E84E12438029800E804C0078E014F
:10E4C000D503C004840438029808FCC6FC46F189D0
:10E4D0002E17C9CB8383F182F48AF58B2E37C9CAF4
:10E4E000843FC802842194D943E080243C43F6DF72
:10E4F000F387423F0424F3818A608E8494D9F484A4
:10E50000F38895018540F302E143E862F30A38316C
:10E51000A8005A38014DF309886AA6D95A30FF3449
:10E52000B4BC383290005A30FF2FBE01BF05B6DFB1
:10E5300038630D0197AFC80594F28867A7D9D50352
:10E5400038739A0042338424F383F308813E88644D
:10E550008865F38684A08060F703E0E9E915F70198
:10E5600088E5F785F70638F39500B4FF3883BD01D9
:10E570005484003F4C8340055AF0FF03F3058D217E
:10E5800088A1D5EB80602051002442608C24FF4C90
:10E59000E0C5E809A750E6A3E9038EA1AF50A75054
:10E5A000E6A3E811103100248464D50CF30B1001AC
:10E5B0000024F50438319011E065E805A6D0C303C6
:10E5C0008E61AED0F3078D418C418883D59DFCC60A
:10E5D000FC422EA7C9CAF2812E77C9CBCD61B08388
:10E5E0008122B181C00451C07FFFD50283809EBAD1
:10E5F000E241E8038EE1D5029DC944200032FF14B8
:10E6000044200064F083404208978500F503E2252A
:10E61000E91004F48000B44642253C7338F18911B6
:10E62000E28FE903D003D1028D0A8CA1F583D5EFE7
:10E63000F083B4A9B44642251473382189114E27BA
:10E640000004E282E80284404C00800FF18304F46D
:10E650008000B4A642553C73385195114E570005C1
:10E66000E285E902884515CF80034DC0000CB4A9AE
:10E67000B4064205147338018111E408E9038E07DA
:10E680008840F7834C708012B429B40642050473A5
:10E6900038018111E408E9098E078840D506B08168
:10E6A00080EA8122B183D59F840AFE1440401097EE
:10E6B00040022000FCC2FC5FF088F2818141FA54E4
:10E6C0008420B01A490022908420FA54B0234900D3
:10E6D000228B8420FA54B02C49002286B035842045
:10E6E000FA54490022812E07C9CAB61F2E07C9CB8A
:10E6F000F08C3C03E4EDF0932E07ECFD5CF000C8D9
:10E70000E8048C013E07ECFD2E07ECFC5CF000C831
:10E71000E8048C013E07ECFC2E07ECFB5CF000C823
:10E72000E8048C013E07ECFB2E07ECFA5CF000C815
:10E73000E8048C013E07ECFA84208041F001443269
:10E74000C6E44442C5BC4452C3FC49FFFD9AF00CE8
:10E7500084209F8197B28046F0014432C6E444424F
:10E76000C5284452C3FC49FFFD8CB41F84408E0170
:10E770009602F08FF10FF0014432C6504442C5BCFE
:10E780004452C3FC49FFFD7DF0018046F10F443245
:10E79000C6504442C5284452C3FC49FFFD7244029E
:10E7A000C4E08520F083B01A149F8004149F800277
:10E7B000F0864462C6E4149F800580E68500080365
:10E7C0008025F0875063006EF007E300E826080319
:10E7D0008001C02000038011F205F0820003802335
:10E7E000F301F084F104F002A53084A049FFFEF2A9
:10E7F0005CF0005B4EF205F0F003F1028801F103DA
:10E80000F2049A41E241E90608100001C1F948000A
:10E8100005E38D018CC2D5D95A90010EB41F446214
:10E82000C6508E01F085B023F0864402C498F08370
:10E830008521D5C484004412C6E44422C4E0806A21
:10E84000B11AF50149FFFE44F00F4412C6504422AC
:10E85000C498806AB123F50149FFFE3A2E07C9D159
:10E860002E17C9FBF0963C0C0074F083F008F0867C
:10E87000B41FF6069401F0978400F087F088F092B8
:10E8800044000032FE0CF099F012F116E2014EF253
:10E89000054EB406F0904E0205435A0805044800A0
:10E8A000053F5A08040448000480804A0003001809
:10E8B000A054F08A9401880104730015A6410090C9
:10E8C0000000F185000F80141093007C1003007D80
:10E8D000F00AA05594028820F094A609F095A608A5
:10E8E000F091B41F8E01CF0EF211C2238100B41F2C
:10E8F00084FF8E02F08E4402C408F08B4402C6509E
:10E90000D5275A70010D8100B41F84FF8E02F08E4E
:10E910004402C408F08B4402C650D5084402C450D7
:10E92000F08BF78E85004402C6E4F211CA11D50AB5
:10E930004402C45084E1F08BF78E048F80114402AE
:10E94000C6E4B45FF5158E41DA0748000083B45F72
:10E95000F5158E41DA7EA68AA74BB43F8068423017
:10E96000887394D98420E2A2E974B48A88813842F9
:10E970000C005A40FF2404F5000138F79101990278
:10E98000A7215A40FF1C05EF800A4CFF4018802445
:10E990008820F48D0020805BF289002080370010F1
:10E9A0008049F282F1845012003494498801A50311
:10E9B0008002C208F0028E01D505F4178C4188242C
:10E9C000D5D3F088F00CF1048E02E201E804F00CDB
:10E9D0008E01D503F0048C01F087F1048048F30127
:10E9E00084A0F00249FFFDF6B45FF108F508FE547B
:10E9F0004030A000F20194D98843F298F20E8822A8
:10EA0000F201944941E10400844080228082F307AE
:10EA1000E065E910F31838F188114EF70003888F8C
:10EA200038FF08114EF70003882FF3178CA1884395
:10EA3000D5EF8043F3088A43FE93846742110C7339
:10EA40004E1600038421844AFEA440110436D509E1
:10EA50008400441000FFF18D14030015F08980201C
:10EA6000003300160423001596C6C375FA6E1033E2
:10EA7000007EC22484411023006184431423001CBF
:10EA800084401023006BF202C205F20CF5048E41A3
:10EA9000DA04FA581023007E002F8024F309B49F73
:10EAA00010230091804842219073F301382189118D
:10EAB0001203003312230049D50E443FFFC8103320
:10EAC000006184611433001C1033006B1223004971
:10EAD0001223003322330006505300808440A8E9FB
:10EAE000B62584801233003AA4F710430065102342
:10EAF000006A124300311233003BF40A043500036C
:10EB0000383191011023006C1233003484601023DB
:10EB10000088102300891023008A1023008B102303
:10EB2000008C1023008D1023008E1023008F1023E3
:10EB30000090A8ED8461103300982E37ECFDE66359
:10EB4000E9732E37ECFCE663E96F2E37ECFAE663E7
:10EB5000E86CD56AC220F202C205F20CF5048E41BF
:10EB6000DA04FA581023007E00230091B49F8068D5
:10EB7000423110738043F301382189112233004957
:10EB8000E062E8031223004902230033E240E80375
:10EB900012030033002300615CF100C8E80E50430B
:10EBA00000808C4110230061B444A0E18841B64448
:10EBB000222300068843A8A1F2105A280108A4B411
:10EBC0001223003AA4B51223003BF30A04250003E4
:10EBD00038210D0102330034E262E80312230034CD
:10EBE0002223003A224300069B144E440003FF22D6
:10EBF0002233003B222300079A9A4E240003FE9200
:10EC0000043300258844E262E803142300252E27FC
:10EC1000ECFDE643E9092E27ECFCE643E9052E2747
:10EC2000ECFAE643E8048441102300998440102361
:10EC30000060F203CA2304230015C2205A200103F6
:10EC400084434432C3FC38418800C4188843F40527
:10EC50002031000842F39024FFDCE0EFE90F20218F
:10EC6000000452348000FE92E043E908022300339E
:10EC7000E65FE90484411023006000230060C207BE
:10EC8000042300154E2300B048000188042300151A
:10EC9000C24D0423000B5A20024AF215F3118C4195
:10ECA0008A430433001C96905A3803070443001724
:10ECB0004E4203A8D50E5A38023AE642E937E42814
:10ECC000E81242F080245CF7813CE91E5A380308C0
:10ECD00004330017C306F303CB04D5285A380227A0
:10ECE000E642E9245EF0802EE82142F080245CF7C1
:10ECF00087EAE81C022300335CF1002EE8170023AA
:10ED00000061E644E8130023006BCA08002300B149
:10ED10005A280105844A1023006A84411423001CE8
:10ED20001023006B84401423001504230015C2A98E
:10ED30000423000B5A2002A60423001C5A200505B8
:10ED40008E42E642E89E2233003B222300079A9A35
:10ED50004E240003FE9202330033F41944F003E81A
:10ED6000FEE44031BC77E262E88C5CF10033E98973
:10ED7000B49F0033009184A242819073F40138F271
:10ED800021112243004940421496E08FE80CF40818
:10ED9000E064E905F407E0834EF2FF745CF1012DB5
:10EDA0004EF3FF700023006BCA08002300B15A28FD
:10EDB0000105844A1023006A8441F30BF4081423EC
:10EDC000001C1023006B8440142300158864F40B8E
:10EDD000F5079B1CE2A44EF3FF551821800110217A
:10EDE0008023D5F60423001C5A200304480000EEBB
:10EDF000003300610023007EE2434EF300870443AA
:10EE00000016CC0B002300658C4110230065002305
:10EE1000008E8C411023008E003300605A38010CA4
:10EE2000002300658C41102300650023008F8C4176
:10EE30001023008F5EF0812DE80642F080245CF7FD
:10EE4000B4BDE90B002300658C411023006500234D
:10EE500000908C4110230090E682E80B02230031E1
:10EE60008C4112230031002300888C41102300883C
:10EE70005A38010C022300318C4112230031002347
:10EE800000898C41102300895EF08029E805FE0C82
:10EE90005CF00709E90B020300318C011203003119
:10EEA0000003008A8C011003008A020300335CF027
:10EEB0000047E90DF003C80B020300318C01120377
:10EEC00000310003008C8C011003008C040300252A
:10EED0005CF00065E90DF003C80B020300318C0102
:10EEE000120300310003008D8C011003008D040318
:10EEF00000178E01E602E869F003C8672E07ECFBF5
:10EF0000E6038405E934D5610423002040210C5731
:10EF10005CF10038E815FE145CF009ACE8118A4198
:10EF20008C4AE655E80D020300335CF00033E80834
:10EF3000020300310023008A8A0212030031040315
:10EF4000002140000C16E40BE90DF21350F17FF59F
:10EF5000E00FE80802030031002300888A02120350
:10EF6000003102030031E606E90584021403001CA7
:10EF7000D52C0003006BC808000300B15A08010536
:10EF8000840A1003006A84011403001C1003006B40
:10EF9000840014030015D5190403000B5A0002164F
:10EFA0000403001C8E02E604E8100003006BC8088E
:10EFB000000300B15A080105840A1003006A8401A5
:10EFC0001403001C1003006B04030015C01A440254
:10EFD000C4E038202400C2088809F205200000247B
:10EFE000E0024EF202044402C49838202400C24FCA
:10EFF000880920F00024F005E00F4EF201F8D54713
:10F00000F00D5A00FF454402C4E038002400C00B54
:10F01000F005C80904050005F2148802A741B41FD1
:10F020008E01D8104402C49838002400C030B41FA8
:10F03000F5058E01D82C04050005F20A38000A00F7
:10F04000C02684041403001CF0054E0301D884017B
:10F05000002F802414030015102300915A08010486
:10F06000480001CAB41F8E01F209B47F42010C733B
:10F07000F2013801011112030049A4361203003ACB
:10F08000A4371203003B840012030033F003C8527C
:10F090000403001C8E04E602E94DF00D5A00FF4BFC
:10F0A000F005C80E4402C45038002400C00904050D
:10F0B0000005F2148802A741B41F8E01D810B41FB6
:10F0C000F5058E01D8374402C40838002400C03248
:10F0D00004050005F20A38000A00C02CE42DE92AD4
:10F0E0000413001584021403001CC924F105C9028D
:10F0F000840114030015000F802410030091040301
:10F1000000155A000105B41F8E01D5028400F109D3
:10F11000B45F42008873F101380081111203004985
:10F12000A4361203003AA4371203003B84001203F2
:10F130000033B46684005A380213220300042223E9
:10F14000003C9A824E240003FE9222130005220303
:10F15000003D9A084E040003FE02880214030027B3
:10F160000403001C5A0801178E61E662E80C0013C4
:10F17000009884003E07ECFB5A1801061003009823
:10F180003E07ECFD04030027E61AE90484003E076D
:10F19000ECFAA4341203003CA4351203003D4400F1
:10F1A0000032480000A70003001696164E0200B277
:10F1B0000453001C5A58010584003E07ECFC8400EF
:10F1C000100300640003007EE61E8080E802FA8ED1
:10F1D0000073007DB45F0013007C800742008873D9
:10F1E000F201972038F101110203003484439401A5
:10F1F00040000816E00F8401E80584021003006453
:10F20000840003E300335CFF0047E907F203CA050B
:10F210008403100300648002003300610423002192
:10F2200040210C565EF17FFDE90D049F80138D2275
:10F23000E122E908009300650083008E8B2810937B
:10F24000006500930065E726E80650818001910182
:10F25000E109E8058404100300648400E283E90303
:10F26000E662E80584051003006484004432C4505B
:10F2700038418400C40A886120318024E067E905B0
:10F2800084061003006484004432C40838418400BA
:10F29000C40A882320F08024E0EFE90584071003E6
:10F2A000006484005A58050A001300995A18010690
:10F2B0008408100300648400041300255CF080655A
:10F2C000E907F103C90584091003006480012E17C2
:10F2D000ECFBE62BE811F103C90F5CFF0038E808EE
:10F2E0005EF17FFEE905F1138C21E022E805840A36
:10F2F00010030064D5145A5001135A080111041365
:10F30000002B1403001C5A18010B1003006CD507C6
:10F31000A4341203003CA4351203003DF0125063E4
:10F3200000DC8C01F09248FFFAB18420B0B5846112
:10F33000B12CF016E220E83AF006B4008E01E603A4
:10F34000E82FF0060450001C0060007E5A500204B2
:10F350005A58050CE6DE8006E802FA0EF60696001C
:10F3600000630061E206E9035A58041BF0060455E5
:10F3700000050000001894028805A742A783E2C593
:10F38000E90FF006040000155A080105380290083C
:10F39000D5055A080204383288088CA1D5F1F00648
:10F3A0008C21500000DCF086D5C5806AB12CF501B7
:10F3B00084004412C6E44422C45049FFF889F00F87
:10F3C0004412C6504422C408806AB135F50149FF91
:10F3D000F87FFCDFF002F104E0204EF3FA1CF106A6
:10F3E0008441382080088C01D5F784041403001C64
:10F3F00048FFFEA1840048FFFE39840248FFFE2A30
:10F40000E6424EF3FC67E4284EF3FC5D48FFFC62E5
:10F41000FC4B81012E17C9CBF283F1873C13E4EE3C
:10F420002E97C9CAF1892E17ECF93C23E4ED5CF064
:10F4300080C8E8048C213E17ECF92E17ECF85CF03C
:10F4400080C8E8048C213E17ECF82E17ECF75CF02E
:10F4500080C8E8048C213E17ECF72E17ECF65CF020
:10F4600080C8E8048C213E17ECF62E17ECF55CF012
:10F4700080C8E8048C213E17ECF52E17ECF45CF004
:10F4800080C8E8048C213E17ECF42E17ECF35CF0F6
:10F4900080C8E8048C213E17ECF32E17ECF25CF0E8
:10F4A00080C8E8048C213E17ECF22E17C9D13CAC81
:10F4B0000074F191F10950357FFE9021F18B5015C8
:10F4C0007FFFF1858420E22314FF80142E37C9FAD0
:10F4D00080C0440000329041FE1CF28CB63FF186A1
:10F4E000F184F182F18DF095F00DF111E2014EF20F
:10F4F0000488B4064E0204765A08050448000472D3
:10F500005A080404480003E5804800430018A0544A
:10F510009421880104730028A641A600F192A05509
:10F52000F09394228820A60BF08FA60AF08AF007A9
:10F530008E01CF0BF20AC21BF081F00784FF8E020E
:10F54000F0884432C528D51E5A70010AF081F007B0
:10F5500084FF8E02F0884432C528D5068400F788DF
:10F56000F0814432C5BCF00AC80DD507F00A84E129
:10F57000F788F0814432C5BCF007F50F8E01D8063C
:10F58000D572F007F50F8E01D86EF001A688420003
:10F590002424A649F090E222E966F010B4A888027B
:10F5A000380281005A00FF1F0454000138528101C3
:10F5B000981AA6015A00FF17DC159858500000341D
:10F5C0000020805B94018803F28E002080370010B9
:10F5D0008049A503F282F1848002C206F0028E0106
:10F5E000D5038C41D5D9F104F0865004FFFEE20129
:10F5F000E8045004FFFFD503F0048C01B61FF104AA
:10F60000F201F30384A1F00249FFF7E4F110F203E1
:10F61000944941E10400F10880A294494250A47346
:10F620008420F2068061B49FE082E90D384F091111
:10F630004E4700038864384289114E4700038824EE
:10F640008C41D5F28044F4068A44FE9384874211AB
:10F65000107380414E1600038441842AFE5C4010E2
:10F660008836D5068420141300288001F18E0033DB
:10F6700000160423002896C6C367FA6E103300BE36
:10F68000C2238441102300B084431423002B844000
:10F69000102300B1F202C205F5045024FFFFDA0482
:10F6A000FA58102300BE002F8038F301102300B851
:10F6B000F20E4221A473F303382189111203005B77
:10F6C0001223005DD50E443FFFC8103300B08461A3
:10F6D0001433002B103300B11223005D1223005BA2
:10F6E0002E47ECF9223300078440E68314330030C0
:10F6F00012230059102300B4102300C4102300C5A6
:10F70000102300C6102300C7102300C8102300C90F
:10F71000102300CA102300CB102300CCE802844140
:10F72000102300BC2E27ECF8E6438441E902844014
:10F73000102300BD8441102300D88440102300D939
:10F74000F20BE043D540C21EF202C205F50450247C
:10F75000FFFFDA04FA58102300BEF301002300B8BB
:10F760004221A473F303382189112233005DE06242
:10F77000E8031223005D0223005BE240E80312036A
:10F78000005B002300B05CF100C8E80B8C4104333F
:10F790000030102300B022230007884314230030D8
:10F7A0002E27ECF9E643E8048441102300BC2E2701
:10F7B000ECF8E643E8048441102300BD22F300077F
:10F7C000F20BE04FE90C2E27ECF7E643E9142E2765
:10F7D000ECF6E643E9102E27ECF5D50B2E27ECF4DA
:10F7E000E643E9092E27ECF3E643E9052E27ECF280
:10F7F000E643E8048441102300D9F205E642E91308
:10F80000442FFFC8102300B00433002B8441102381
:10F8100000B1845DFE9E5A2801071423002B84400A
:10F8200014230028844010230060F205E642E831EA
:10F8300004230028C22E5A2801075AA8010C845F0D
:10F840008462D50C5A2802095AA80107845F846390
:10F85000D505F314D503844180624442C3FC385279
:10F860000C00C5178864F51220418008FF54FEA4DF
:10F87000E045E90FF21320318004FEBCFFDCE0E23A
:10F88000E9080223005BE65FE9048441102300607D
:10F89000003300604E3300C004230028C2630423F9
:10F8A000000B5A200260F20FF40A8C418A44044390
:10F8B000002B96905A4803070453002AE6A2E81149
:10F8C000D5055A48025048000294E642E90AE42865
:10F8D000E80842F080245CF7813CE9325A48031D75
:10F8E0000443002A5A4003105A40050E04530034C2
:10F8F00084FDFF7E5A5001045AA001115A40023380
:10F900005A400431044300345A40022D5A40042B1B
:10F910005AA80229D5035A480226E642E923E435CB
:10F92000E82142F080245CF78385E81C0223005B19
:10F930005CF1002EE817002300B0E644E813002332
:10F94000006B5A280108002300B1CA04844A10231E
:10F95000006A84411423002B102300B18440142337
:10F96000002804430028C4570423000B5A200254E3
:10F970000423002B9F55E6A2E9048E42E642E84BA1
:10F980005A480105002300BCD5055A48024500230A
:10F9900000BDCA412243003A222300068A824E4417
:10F9A0000003FF220223005BF51544F003E8FEACE0
:10F9B00040213C57E244E82F5CF20033E92C00235D
:10F9C00000B8F70180A24253A473F70338F39511EE
:10F9D0002253005D84E240529CB6E0AFE80AF5068F
:10F9E000E045E904B4BFE0A2E8165CF2012DE9139A
:10F9F0000023006B5A280108002300B1CA04844A7E
:10FA00001023006A84411423002B102300B184408A
:10FA100014230028044300280423002B4E42010E27
:10FA20005A20030448000123002300B0005300BE05
:10FA3000E2A24EF300BA04230029CA0B005300B41B
:10FA40008CA1105300B4005300CA8CA1105300CAFB
:10FA50005EF0812DE80642F080245CF7B4BDE90B2E
:10FA6000005300B48CA1105300B4005300CC8CA1FF
:10FA7000105300CC5A380119005300B4E6428CA14F
:10FA8000105300B4005300CB8CA1105300CBE90EEF
:10FA9000022300598C4112230059002300C58C41D8
:10FAA000102300C5D52DE642E82B5A4801155AA867
:10FAB000010722F30006F20CE04FD5075AA8021FF7
:10FAC00022230006F40CE044E90F22230007E44B54
:10FAD000E815D50A5A480213F2092243000750F1EB
:10FAE0007FF5E08FE90B022300598C411223005966
:10FAF000002300C48C41102300C45A3001CB5EF0B7
:10FB00008029E805FE0C5CF00709E90B02030059A7
:10FB10008C0112030059000300C68C01100300C6BB
:10FB20000203005B5CF0003DE90EF005E602E80B25
:10FB3000020300598C0112030059000300C88C0114
:10FB4000100300C8040300255CF00065E90FF00510
:10FB5000E6024EF2008C020300598C011203005998
:10FB6000000300C98C01100300C95AA8020B04034A
:10FB7000002A5A0002145A08047A2E07ECF8D5100D
:10FB80005AA801750403002A5A0805072E17ECF835
:10FB9000E623E86CD53C5A08036A2E07ECF9E60325
:10FBA0008405E935D56304030030400008165A483F
:10FBB000020FF10950F0FFF5E00FE82402030059AD
:10FBC000001300C48A0112030059D51C5A48011BB6
:10FBD0005AA8010722F30006F10CE02FD5075AA816
:10FBE000021222130006F20CE02202130059E8036D
:10FBF000E41FD502E40BE906000300C48A201213B7
:10FC0000005902030059E606E90584021403002B9B
:10FC1000D52D0003006B5A080108000300B1C80489
:10FC2000840A1003006A84011403002B100300B13E
:10FC3000840014030028D51A0403000B5A0002178D
:10FC40009E12E602E9048E45E642E8100003006BCE
:10FC50005A080108000300B1C804840A1003006AAE
:10FC600084011403002B100300B10403002B5A0875
:10FC7000012DB4068E01E602E828F00B22F30007FE
:10FC8000001300D8E00F8400E9113E07ECF95A1880
:10FC90000106100300D83E07ECF704030027E61A1C
:10FCA000E91484003E07ECF5D5103E07ECF85A182D
:10FCB0000106100300D83E07ECF404030027E61AFF
:10FCC000E90484003E07ECF244000032D57B0003D7
:10FCD000001696164E0200860433002B5A38010D8A
:10FCE000F00B22F30007E00F8400E9043E07ECF676
:10FCF000D5033E07ECF38400100300BF000300BEF1
:10FD0000E61E8040E802FA4E96905A38050A000333
:10FD100000D95A080106100300BF8400D5028401EF
:10FD20000043007C0013007D42122473F40338F278
:10FD30000511021300348483944940109036E02F5B
:10FD4000E8058402100300BF84000213005B5CF02E
:10FD5000803DE908F105E622E8058403100300BFB1
:10FD60008400004300B004130030401090365EF071
:10FD7000FFFFE90BF509E0A1E908001300B4005307
:10FD800000CA8A25101300B4005300B4E6A6E805A3
:10FD90009C619021E025E8058404100300BF8400E5
:10FDA000E244E903E682E8058405100300BF84000D
:10FDB000041300255CF08065E908F105E622E805FA
:10FDC0008406100300BFD50D5A30010C5A08010AF1
:10FDD0000413001C1403002B5A1801041003006CB8
:10FDE000F00D506300DC8C01F08D48FFFB7FE64294
:10FDF0004EF3FDB9E4284EF3FD6E48FFFD92FCCBB7
:10FE00008E61E6643C53E4ED3C43E4EEE826FC00FE
:10FE10002260000044F0FD2438378C0040F1BC0023
:10FE20004A003C000410181CE026E91922100001C9
:10FE3000E041D5108EA19A69E0C1D5F8E026D5043D
:10FE40008EA19A69E0C1E90B221000018E819A22ED
:10FE5000E02056078001D5048400DD9E8400FC80EC
:10FE6000FC4383813C13E4ED5090000C8400B61FEA
:10FE70009C0A2E27C9CAF0825000FFF52E37C9D13F
:10FE8000F0835000FFD7F0849E11F385854284E310
:10FE9000850184C0F081B41FF105E2014EF20088B3
:10FEA0000014800A0404FFFD9646C113C012040426
:10FEB0008003B90594028801A640A741F001C90555
:10FEC000D02614848012D525D82214A48012D521DE
:10FED0008E01E603E85A040480125A08010D040456
:10FEE0008003B90594028801A640C911A741F00119
:10FEF000D810D50D5A08020E04048003B9059402E7
:10FF00008801A640C104A741F001D0031464801207
:10FF100004048012C80414748013D5355A080114DF
:10FF2000221480005EF0FFFDE80414648013D534D1
:10FF3000E42BE9065EF08029800A4003BC1A140411
:10FF40008013D52A5A08022222148000F202E041CE
:10FF5000E80414648013D50DF203E022E90414844C
:10FF60008013D507F204E0224003BC1B1404801365
:10FF700080094410006444200096846449FFFF42D5
:10FF80004005001B14048014B41F509480DC8C01C5
:10FF9000B61F48FFFF828009441000644420009689
:10FFA000846349FFFF2F4004001BD5EDFCC3FC42D6
:10FFB0003CA3E4EE2E37C9D14025040AF281442047
:10FFC00000DC51C0000C420188738C0C81012E179B
:10FFD000C9CBF08350057FE184E1F08284C050906A
:10FFE000FFFFF0034DC000F3001E000A040E7FFD6A
:10FFF0009646C14FC04EB803041400059402880110
:020000021000EC
:10000000A642A743C9074C54800CBFA5101E00C1CF
:10001000D50B4C54C0068402B8A58400D503BEA5F8
:100020008401100E00C1B825C80A8422B9A622FE98
:100030000001F101E02F4003BC1BD5275A08010E37
:10004000221E00015EF0FFFFE803BEA6D514E43FC8
:10005000E9028402B8A6D50F5A080219221E00012F
:10006000E141E803BEA6D56CF202E0224003BC1ACF
:10007000B8A6D566801C441001C2442000FA8461F1
:1000800049FFFEC0C0758402B8A7BEB1BEB2D55448
:100090008E01E603E851B8255A08010DB80304148F
:1000A000000594028801A642C911A7434C54C0130D
:1000B000D50D5A080210B8030414000594028801F3
:1000C000A642C104A7434C5480068401BEA5100E6D
:1000D00000C1B825C80A8422B9A622FE0001F10198
:1000E000E02F4003BC1BD5275A08010E221E000139
:1000F0005EF0FFFFE803BEA6D514E43FE9028402E8
:10010000B8A6D50F5A080219221E0001E141E803E2
:10011000BEA6D539F202E0224003BC1AB8A6D533F8
:10012000801C441001C2442000FA846149FFFE6A29
:10013000C0428402B8A751CE00DC48FFFF54801CA7
:10014000441001C2442000FA846349FFFE5BC003EF
:100150008404D59B441001C2801C442000FA8464AE
:1001600049FFFE5084254013801A8001D58E801CE3
:10017000441001C2442000FA846249FFFE43C08556
:100180008403D583801C441001C2442000FA846398
:1001900049FFFE38C0038404D5CE441001C2801C40
:1001A000442000FA846449FFFE2D84254013801A00
:1001B0008001D5C1801C441001C2442000FA846231
:1001C00049FFFE20C0B88403D5B6FCC23C0FFB93A8
:1001D000DD9E3C0FFB91DD9E3C0FFB92DD9E3A6F56
:1001E0009C3CA6903C43E549C2028441A882A0827F
:1001F000A00396863C5DFB9296D99606CA12C83338
:10020000A6A888448843AC882E27C9CAE202E83CE5
:10021000A6A8A18988448843382301098C01D5F513
:10022000C012A62A844088048803AC082E07C9CAD5
:10023000E240E82AA62AA18988048803380309092C
:100240008C41D5F5A6A988448843AC882E27C9CA15
:10025000E202E81AA6A9A189884488433823010943
:100260008C01D5F5A62B88048803AC0880022E27C4
:10027000C9CAE202E809A6ABA189884488433823A9
:1002800001098C01D5F53A6F9C04DD9E3A6FA6BC3E
:10029000EFF880C080E2B041B400FA40846349FFC7
:1002A000E20A020F8002A470B6073C0DFBA4449240
:1002B0008F70FA400200001184648A010014800FDC
:1002C00092014000043710138010B406B04149FF7A
:1002D000E1F2020F8002A470A8393C0DFBA43C3D62
:1002E000FB918481020000118A010014800F9201A9
:1002F0004000043710138011B406A072A0B600317C
:10030000800C49FFE231840B120F8003501F8006DE
:10031000A036844349FFE20AEC083A6FA684DD9ECA
:100320003A6FA8BCEFD880C184208144121F800D91
:100330005A48040504800006D503048000050231F4
:1003400000650001001084E0509F801C0051000FE8
:100350008083B61F149F8004800880288445F7811D
:10036000F782F78349FFAF75020F800E501F801A86
:10037000AC300204800180478463AC31800849FFBF
:10038000E19A020F800D40940013AC3349FFE191D4
:100390008A099201AC34501F801A80088047846417
:1003A00049FFE189020F800DAC3249FFE1828A09E1
:1003B0009201AC355AA00410221300033C03E88CD0
:1003C0003E77ED77E020E8072E000267C80484013D
:1003D0003E07ED77EC283A6FA884DD9E3A6FAABC01
:1003E000EF44810084008121A6CAB11C8020B16540
:1003F000B18E9680E243E80CB093381201093811AF
:10040000010938128109381018088C01D5F34410FD
:10041000100084C084E1040400068786F188B0538C
:100420004201F0738041B67FFA9080A7F781F6828F
:10043000F683F684F685F686F687F689F78A49FF0D
:10044000E1B9003480020404000650AF8070441FFC
:10045000F0004201F073B67FF189804A802AFA9059
:1004600080A7F781F682F683F684F685F686F6870E
:10047000F688F78A49FFE19E841F120F801B8408CB
:10048000F08744001000F088440FF0000034800230
:10049000F089501F8036800A804A808780A7B6DFA7
:1004A000F681F682F683F684F685F686F68A49FFAB
:1004B000E1810034800200448003040400064011FE
:1004C0009C0C8E818820B67FF382442232E89720EC
:1004D00080A7F781F683F684F685F686F787F68897
:1004E000F689F68A49FFE1664400008000448003F3
:1004F000F083440FFFE700348002F088FA09F089A6
:100500008E81440232E88040B67F501F80369720AB
:1005100080A7F681F682F684F685F786F687F68A56
:10052000126F801B49FFE146003480024400040042
:10053000945A508F8094F088440232E888018048B1
:100540008028B67FF781F682F683F684F685F686F4
:10055000F687F689F78AFA9080A749FFE12B0024F5
:100560008002B04E9630E202E813B0133800190151
:100570005CF00501E806380519015CF00501E906A3
:1005800038041901C803387304088CC1D5EC404104
:1005900004098420B0CE9608E204E80D38008C00EF
:1005A0005A0801089A11880300007FFF5A000105CC
:1005B0008C21D5F28400ECBC3A6FAA84DD9E3A6FA0
:1005C000AABCEFAC80E0F28D80C1FA42B00F84206B
:1005D000812349001309840084A03E0002B1B5477D
:1005E0000483800205E38006804580854430051041
:1005F0004005140040141400A400A4488A01964346
:10060000400F140002F0000040F7801140F0BC01E0
:100610004EF4000452F78000E08FE808A50097230D
:100620009B0C4E440003FF229721A40096039A08D6
:100630004E040003FE025EF00033E9038C41969104
:100640008CA2DBD75CF10065E8045CF20079E90478
:1006500084013E0002B1F20D8007802649FFFE189A
:100660008029800749FFFEBC3E00026700348002FB
:100670008400843100448003120F801DF1888400BF
:10068000441FFC18F189B67FF081F082F083F0847A
:10069000F085F086F087F08AA03E501F803A442211
:1006A00032E884A149FFE0863C0DFBA40200000E65
:1006B00096035EF00065E90484213E10024C2E1082
:1006C000024C5A180107E41EE80484003E00024C64
:1006D0008007846080268049848449FFFE2344008B
:1006E0007FA6120F801DA430A0FEC836A431C034EE
:1006F0002E00024AC81E9441882322FF801DA48830
:100700009693E04FE806A4483C080124121F801D80
:100710008C015A0A88F23C00012494018803A40049
:1007200096035EF07FC4E81D84013E00024AD5199D
:100730003C10012494498823A448964B5EF0FFC4E2
:10074000E80B8C019600E6153E00024AE90A840196
:100750003E00024BD50684003E00024A3E00024B9A
:100760002E07ED475A08010722130003440251984F
:10077000AC402E67EDA5B08F8480449004A49421F2
:1007800084A05070004850A00024983D8803A440E5
:10079000400514008803964BA40096034080800116
:1007A0008D185CF40031E80E4E140003FE4AE43F5D
:1007B000E9094E040003FE02E415E904A6108C01C9
:1007C000AE10505280244C54FFE208010001E613A1
:1007D000E902FACE8C815A4812D43E67EDA5EC545A
:1007E0003A6FAA84DD9E3A6FA8BC80E08400AE38E0
:1007F0008400AC088121AC108024A01D814280C4FB
:10080000442000328067848049FF7F0984A0A63895
:10081000E2A0E81AA031946938001501D813A0327B
:100820000224800038001501E240E8031204800031
:10083000A0333800040102150000E220E80312058D
:1008400000008CA1D5E53A6FA884DD9E3A6FAABC62
:100850003C0C01ECEFEC8420F08180A14402CDBC83
:1008600045E2B2AC84C34472B2A8FB2285494482FB
:10087000C9A841C09857382F0800B61F9CD3AD4077
:10088000F383F303E243E8183833F0009D1BF4824E
:10089000F402E264E80F80824241A47304FF800105
:1008A0009521888F8C6102F20000A500888FAD0031
:1008B000D5F08C41D5E722200000402128564E2556
:1008C0000004AC80D502AD40B45F8C02A490382403
:1008D00005098C215A1809CFEC143A6FAA84DD9EC1
:1008E0003C0E0075DD9E383185118803E004E91364
:1008F0002E00024C5A080113E642E810FA02421197
:1009000000733C0C01ED94498820A40896035EF026
:100910000064E80444008000DD9E8400DD9E3C1CF1
:1009200000752E07ED7BA68EC8162E07CA645A08DE
:1009300001139411AE0AA6098E01FE1484424000F0
:1009400008168E01940196033C0BF6E1FE033C0B66
:10095000F6E0D50FA609AE8A8E01FE14844240004F
:1009600008168E0196033C0BF6E1FE033C0BF6E005
:100970002E07EDA52E200267C8083C0DFB9BB40096
:10098000920296065A080112CA10A60A3C23F6E102
:100990009401AE0A8403FE843C2BF6E13C23F6E08E
:1009A000FE143C0BF6E0D50D5A28010C3C03F6E191
:1009B00094033C0BF6E13C03F6E094033C0BF6E0B9
:1009C000A6093E07ED3A8C013E07ED3BDD9E3A6FEE
:1009D000AABC51FFFAAC2E37C9D72E47C9D884C05C
:1009E0008521F18D83829459442000808E81882056
:1009F000B67FF382F2839720442232E880A9149FC5
:100A00008001F684F685F686149F8007F688F689BD
:100A1000F68A814049FFDECE2E37C9D72E47C9D886
:100A2000440000804021A40C448232E8F083B1D01D
:100A300084038E82F08797204001200080A9B67F32
:100A4000149F8001F382F684F685F686F688F6898F
:100A5000F68A8028884749FFDEAD126F801F8088A4
:100A600080A62E37C9D796B3E0438CC197B1E81A58
:100A70004091040838049001380389092E07C9D829
:100A80009E414201842498428A038802380201016F
:100A900038038509F00D892012548000385E090959
:100AA000D5E1840184C0120F801FB010B67FF6819B
:100AB000F682F683F684F685F686F687F688F6895A
:100AC000F68A501F803E80402E47C9D884A149FF36
:100AD000DE712E37C9D73C0C007584E1B67FF681F4
:100AE000F682F683F684F685F786F687A602501F0F
:100AF000803E8C02F088B010F689F68A804080A78C
:100B00002E47C9D8126F801F49FFDE543C07F6E01C
:100B10002E37C9D7F0883C07F6E144900080B67FB5
:100B2000F681F682149F8003F684F685F786F687B1
:100B3000F089F68A800A501F803E80A72E47C9D8C8
:100B4000442232E8126F801F49FFDE342E37C9D7A6
:100B5000440232E8B67FF681F682149F8003F68461
:100B6000F685F686F787F688F689F68A501F803E66
:100B7000804080A72E47C9D8127F801F49FFDE1A08
:100B80002E37C9D7B0508528B67FF781F382F68318
:100B9000F684F685F686149F8007F688F689F68A2D
:100BA000804180A72E47C9D8440232E849FFDE02BF
:100BB0002E37C9D7F781B67FF682F683F684F6859D
:100BC000F686F687F688F689F78AB010803C805C56
:100BD00080A72E47C9D849FFDDED2E37C9D7B050C1
:100BE000B67FF781F382F683F684F685F686149F46
:100BF0008007F688F689F68A800A804180A72E470A
:100C0000C9D849FFDDD7F10D2E37C9D7F781F68254
:100C1000F683F684F685F686F687F688F689F78AEF
:100C2000B67FB01080A72E47C9D8804149FFDDC2EA
:100C300051FF85543A6FAA84DD9E3A6FA4BCEF9CA5
:100C4000B1CF804780C0A006F18D49FFFEC28480ED
:100C50003C2C0075F50D81242E37C9D7E283E812AC
:100C600038039111A654E020E808A468964B401080
:100C70008036964BAC68D503129280008C818CA292
:100C8000D5EC842084A1F182F183F184F185F18691
:100C9000F188F189F18AB67FF581F587A036F10DEB
:100CA000A0B52E47C9D849FFDD85EC643A6FA4840E
:100CB000DD9E3BFFFCBCEFF4B61FF18149FFFE3126
:100CC000B41FF101EC0C3BFFFC8448FFFFB82E1071
:100CD00001F500300009101004482E1001F45020D6
:100CE000040D101004462E1001F34442C784101066
:100CF00004472E1001F2101004452E1001F11010BF
:100D000004882E1001F0101004892E1001EF10102D
:100D1000048A2E1001EE1010048B2E1001ED10101D
:100D200000A52E1001EC101000AB2E1001EB1010DE
:100D3000009A8420E223E807385204008C211851DD
:100D40000001D5F92E1001D8101000A48420101035
:100D500000B73C0C008010100051DD9EFC0049FFE4
:100D6000D9CB84203C0E0080101000501010005190
:100D7000101000521010005310100060101000618D
:100D8000FC80FC005A0806048401D5045A080706B2
:100D900084003E07ED48D51C5A080D0784003E0725
:100DA000ED488421D5075A080E0B84013E07ED4813
:100DB00084203E17ED833E07ED75D50A5A081004CE
:100DC0008401D5045A08110584003E07ED47FC80D4
:100DD0008E01E60EE85AFC0080C144F10CE83807A9
:100DE000800040F03C00DD0F0E1830383E464C5479
:100DF0009A5C6676868EB40158000002B601D50969
:100E0000B421841DFE0EB60649FFE2EF3E000275D6
:100E1000800649FFB1E0D538B40158000001D53053
:100E2000B421841ED52CB40158000008D529B42162
:100E30008417D525B40158000010D522B421440FE1
:100E4000FFEFD51DB421440FFFBFFE0ED50CB4013A
:100E500058000040B601B421440FFFDFD510B401A3
:100E600058000040B606B40658000020D509B40169
:100E700058002000D505B421440FDFFFFE0EB60652
:100E8000D5038402AE10FC808402AE10DD9E920079
:100E9000FC004433F04A444000553C2DFBB3A6907F
:100EA000CA03AF18D5FB3C2C008010010053C904C5
:100EB000440FFFA0D503440FFFA1100100512E07DE
:100EC000ED915A080305440FFFB1D503440FFFB05D
:100ED00010010052443000554423F04A3C1C00806D
:100EE000000080515A00BB04AED0D5F98400100038
:100EF0008051100080522E1002AF5A1801163E0089
:100F000002AF3C0C01ED3C17F72AAC403C17F72B25
:100F1000121000113C0C01EC3C17F72CAC403C17B4
:100F2000F72D121000112E0002AE5A08010E840097
:100F30003E0002AE3C0C01E73C13F76CAC403C13A6
:100F4000F76D121000112E0002AD5A08010E840038
:100F50003E0002AD3C0C01E93C13F764AC403C138D
:100F6000F76512100011FC804413F04A442000552C
:100F70003C0C0080000000515A00BB04AE88D5F93B
:100F8000DD9EFC003C0C0080000000515A08BB04B0
:100F900049FFAFAB2E0002735A08A005440240007F
:100FA000D5085A08A10544021B90D50344020C60E1
:100FB0004412451049FFDB143C0C0080441FFFA085
:100FC00010100051FC8084003E07ED883E07ED5C68
:100FD0003E07ED6CDD9E3C1C008010008060DD9EB5
:100FE0003C0C008000000060DD9E3C1C0080100076
:100FF00080613C1DFB431000803EDD9E3C1C008058
:101000000000805050007FDFE602E90484001000F9
:101010008050DD9EFC003C0C0080441FFFCC44202F
:101020000055101000514413F04A3C0C00800000A1
:1010300000515A00BB04AE88D5F94400007849FF3E
:10104000C0F384003C0FFBC8FC8084213E17ED599F
:101050003C1C00808801002000523C2BF6F500105B
:1010600000534010A00888223C1BF6F500100054E5
:101070003C1BF6F3000000554000200888013C0BA3
:10108000F6F3DD9E3C1C008084003C0BF6ED002056
:101090008052840AFE143C0BF6EC000080515A0882
:1010A000AB07FC00840249FFFFD2FC80DD9EFC0000
:1010B00080C049FFFE6884015A68030549FF93B761
:1010C000800650137FF3E622E9035A6802163C0DAE
:1010D000FB98A6415A10030D842049FFDC6549FFA7
:1010E000AB5F5A0802063C0DFB988423AE41840195
:1010F0003E00029B8402FC804000040E9606DD9EAA
:10110000FC003C0C0080441FFFAA101000513C0C56
:101110000080000000515A08AA074400007849FFE7
:10112000C083D5F65A00DD048401D5028403FC8017
:101130005A08031F000080A284413E0001FD000008
:1011400080A1102080B63E0001FC0000809C3E0083
:1011500001FB0000809A3E0001FA8400100080A28A
:10116000100080A11000809C1000809AD5165A08AB
:1011700004192E0001FD100080A22E0001FC1000B9
:1011800080A12E0001FB1000809C2E0001FA1000AF
:10119000809A8400100080B63C1C008010008051B2
:1011A000DD9EFC005A08016D000084485030840D1B
:1011B0003E0001F500008446004080093E0001F435
:1011C0000000844780433E0001F300008445445200
:1011D000C7843E0001F2000084883E0001F1000057
:1011E00084893E0001F00000848A3E0001EF000087
:1011F000848B3E0001EE000080A53E0001ED000062
:1012000080AB3E0001EC0000809A3E0001EB8400C0
:10121000E204E80708610001386280088C01D5F912
:10122000000080A484413E0001D88400102084483E
:1012300010208446102084471000844510008488C4
:10124000100084891000848A1020848B100080A5EF
:10125000100080AB1000809A844A8400E204E80504
:10126000182180018C01D5FB84008441100080A4EA
:10127000102080B73C1C008010008051D5065A0811
:101280000205800149FFFD25FC800000FC018E2144
:101290008401E62B100F80074EF200C844F111AC18
:1012A0003817850140F0BC004A003C0016002A00B7
:1012B0007C017C017C017C017C017C017C01800142
:1012C0008001840A100F80073C0C008084201010DD
:1012D0000051480000AD3C6C0080840A100F80076C
:1012E000000300528E01E6094EF2009D44F111FC0C
:1012F0003807810140F03C004A003C0012001E000B
:101300002800660026017800BC00DC00140184017E
:1013100044128F7049FFFF47D52A44028F7049FF5E
:10132000FCD8D5252E07CA6A84213E0001FD2E0770
:10133000CA693E17CA7E3E0001FC2E07CA643E0001
:1013400001FB2E07CA623E0001FA84003E07CA6A0A
:101350003E07CA693E07CA643E07CA6210030051CD
:10136000D507840444128F7049FFFEE48400100303
:101370000052D55D8400804084C03C1DFB984432FF
:10138000B32C3E67CAF63E67ED7549FF94B63C073D
:10139000F6FC49FF9C742E07ED9144128F70442295
:1013A000B31D503F80073C4C008049FF9C233C0C00
:1013B000008010600052D53B84013E07CAF68400CD
:1013C00080403C1DFB984432B32C49FF94963C0767
:1013D000E56549FF9C54D510800649FF9BDFC8276F
:1013E00084033E07CAF63C0C008044128F70000054
:1013F000005349FF9B622E07ED9144128F704422E7
:10140000B31D503F80073C4C008049FF9BF3D50F34
:1014100044029072802649FF97288401100F8007AC
:10142000D5068401100F80078402AE10000F8007DC
:101430005A080A0D49FFFE663C1DFBB3100F8007DA
:101440008401AE083C1DFBA7AE08000F8007FC819D
:101450005A0001085A08030BB40158000004D504CF
:10146000B441841BFE16B601DD9E8402AE10DD9EE3
:10147000FC409F01E68F4EF20083800144F1138C03
:101480003847900040F23C004A003C001014188697
:10149000B6BCF0C4D2E0E4E8F0F4F4008406D572FF
:1014A0008407D5704473F04A4490005549FFE56BBA
:1014B00080C05A00020510938000D5F9840149FFCD
:1014C000E57549FFE5343C0E027449FFE53A3C0EF0
:1014D000027549FFE5483E0009D949FFE5503E0045
:1014E00009D849FFE5463E0009DA84214402CF7855
:1014F00049FFA876800649FFE5594463F04A4470E5
:10150000005549FFE540C003AFF0D5FC49FFE54E6B
:10151000D5383C2C0080842DAE418426AE408420FA
:10152000101100504423F010AE50842149FFDA3CE2
:101530008420840280418461808180A149FFD67229
:10154000D5208401AE10D5118401AE10840ED51AB9
:101550008401AE10840149FF917D8402D51384017A
:10156000AE10840049FF9176840DD50CFA00D50A9F
:10157000FA01D508840049FFACE6D5038402AE1811
:101580008401FCC0FC005A0007044800007D8E2145
:10159000E62F4EF200D544F114A43817850140F02F
:1015A000BC00DD0F1E00280032003C004600500049
:1015B0006E00780082008C005A0064009801980147
:1015C0009600B40258001000480000B8B422440F3E
:1015D000EFFF480000B2B40258000080480000AE9F
:1015E000B422440FFF7F480000A8B4025800010055
:1015F000480000A4B422440FFEFF4800009EB4023D
:10160000580008004800009AB422440FF7FF480031
:101610000094B4025800020048000090B422440F25
:10162000FDFF4800008AB40258000400480000860C
:10163000B422440FFBFF480000803C1C00800000E7
:101640008052001080515A1005055A100610D577A7
:101650005A000103C8033E0002B049FFA8A15A0086
:10166000027384003E0002B0D56E5A000103C80325
:101670003E0002A549FFA8945A00026684003E007D
:1016800002A5D5615A080B4D8E21E62EE85844F18B
:10169000159C3817840040F0BC00DD0F0E161C248A
:1016A0002A323840A0485262727AB40258000002CE
:1016B000D544B422841DD540B40258000001D53D64
:1016C000B422841ED539B40258000008D536B4229D
:1016D0008417D532B40258000010D52FB422440F1D
:1016E000FFEFD52AB422440FFFBFFE0ED50CB40283
:1016F00058000040B602B422440FFFDFD51DB402EB
:1017000058000040B602B40258000020D516B402BA
:1017100058002000D512B422440FDFFFD50D5A081F
:1017200005135A1001085A18030BB402580000049C
:10173000D504B422841BFE0EB602D50544022D50FA
:10174000843BAE40FC809200FC41812144122D502C
:10175000B61FF281A608A78844122D519204A7C88B
:10176000979F97F85A0801249E31E602E90F5A60C4
:1017700003045A68053C3C0C0080000000605A00DD
:10178000A1062E0002925A0001324402B2E4441231
:10179000B37A49FFD6404402B3054412B30B49FF64
:1017A000D5F7FD03B45F49FFA05FD5205A000B06B3
:1017B0005410000D5A18051B44722D508420AE7829
:1017C000F201802649FFFEE0A6385A00FB0584019D
:1017D000100480002E07ED885A0801092E07ED5CE1
:1017E000C0053C1C008010008050FCC1FC0044106F
:1017F00004383C1BF6D7441009243C1BF6D83C1C8B
:10180000008084003C0BF6D93C0BF6DA10008062B5
:1018100010008063100080641000806510008066F6
:10182000100080671000806810008069FC80FC0058
:101830003C6C0080004300630023006200330067BB
:10184000404220088882002300664031A008886258
:1018500000230065005300644021200888450053A0
:101860000069006300684052A00888A6972196D9B5
:10187000969197693C4BF6D93C3BF6D73C2BF6E367
:101880003C5BF6E45A180121B46058319000B66010
:101890005A28D22D44000852D8292E07ED283E1789
:1018A000ED295A08011D3C13F6DA5CF080D2800164
:1018B0003C13F6D840013C1B5CF088533C0BF6DA35
:1018C0008001E94BD5105A1802532E17ED295A21E1
:1018D000012F84403E27ED285A180143440000D2CE
:1018E0003C0BF6DA44000852D53884013E07ED2857
:1018F0002E07ED295A0801135CF100D28002E8039B
:10190000440000D25CF288533C0BF6DA8005E90310
:10191000440008523C0BF6D8D5053C2BF6DA3C5B6C
:10192000F6D83C2BF6E23C5BF6E5D5215A5901D3BB
:101930005A4901D15A3901CFC9033E17ED288420F5
:101940003E17ED292E17ED285A18010B3C03F6E23D
:101950003C0BF6DA3C03F6E53C0BF6D8D508B44070
:10196000441FEFFFFE56B62049FFFF423C03F6D866
:101970005CF00925E90349FFFF3BFC80FC2080C1A6
:101980008420AE40B40280E24E040007B42646082C
:101990000000FE0FB606B4074E050006B40694011B
:1019A0009201B606B427922C96465A180105800675
:1019B00049FFFF3FB407920C9606C80580068422B3
:1019C00049FFFF37B407920896065A080106B40685
:1019D00058000100B606B40792089606C806B42659
:1019E000440FFEFFFE0EB606B407B44654100800BE
:1019F000440FF7FFFE16FE0FB606B407B4465410A8
:101A00000080440FFF7FFE16FE0FB606B407B446F3
:101A100054100200440FFDFFFE16FE0FB606B40779
:101A2000B44654100400440FFBFFFE16FE0FB6062A
:101A3000B407920196065A080109B406580000023C
:101A4000B606800649FFABC7B40792019606C80CDC
:101A5000B426841DFE0EB60649FFDCC73E000275A3
:101A6000800649FFABB8B40796065A080106B406CB
:101A700058000001B606B4079606C805B426841EB1
:101A8000FE0EB606B407920296065A080106B40680
:101A900058000004B606B40792029606C805B4269C
:101AA000841BFE0EB606B407920396065A0801067A
:101AB000B40658000008B606B40792039606C80597
:101AC000B4268417FE0EB606B407920496065A088A
:101AD0000106B40658000010B606B4079204960634
:101AE000C806B426440FFFEFFE0EB606B4079205F3
:101AF0009606C806B426440FFFDFFE0EB606B407EE
:101B0000920596065A080106B40658000020B6064B
:101B1000B40792069606C806B426440FFFBFFE0E11
:101B2000B606B407920696065A080106B40658008F
:101B30000040B606FCA00000FC009EC1E66FE8690C
:101B4000800144F11A5038378C0040F1BC00DD0FA1
:101B500010141C243038505860684048C0C07000D1
:101B60008421D502842249FFFE64D555B421581042
:101B70008080D505B441441FFF7FFE56B620D54B6B
:101B8000B42158108100D5FBB441441FFEFFD5F6A7
:101B9000B42158108800D5F3B441441FF7FFD5EEA7
:101BA000B42158108200D5EBB441441FFDFFD5E6A7
:101BB000B42158108400D5E3B441441FFBFFD5DEA7
:101BC0003C1C008000008052001080515A10050516
:101BD0005A100610D51B5A000103C8033E0002B07C
:101BE00049FFA5DE5A00021884003E0002B0D5135A
:101BF0005A000103C8033E0002A549FFA5D15A00BF
:101C0000020B84003E0002A5D5068402AE10D50367
:101C10008402AE10FC809200FC42A7493C6C00801C
:101C20005A5804112E07EDA05A00010D0003005070
:101C3000540000F05A001007440000553E07ED998B
:101C4000D51800030050812480E3B65FF181C00302
:101C50005A08FB1349FFF9B9B41F4412B30B49FFEB
:101C6000D3CB440000553E07ED9984003E07ED8C30
:101C70008401480001955A50010949FFA5915A086D
:101C80000205840149FFA7DFB41F4412B30B49FFCB
:101C9000D37F3C8C008084003E07ED9C0004005004
:101CA00084215460000F92048E018440E60B00A44E
:101CB0000052101F800F3C2FFBC74EF2013C44F135
:101CC0001BCC3807810140F03C00DD0F16004000BE
:101CD000E20004011A02340248026602660254025B
:101CE0005A024402B2E44412B37A49FFD394B41FB7
:101CF0004412B30B49FFD34C49FFF9678006802A91
:101D0000F20149FF9DB18400480001168EC1E6CA68
:101D10003E17ED9CE84844F11C243867990140F3D4
:101D20003C00DD0F14003200500080005C00800099
:101D300080008000800014028400100F800F840156
:101D40003E07ED8C2E07ED484E0300FA841F3C0E33
:101D500000A0480000F58400100F800F84013E07AA
:101D6000ED8C2E07ED484E0300ED841F3C0E00A0C5
:101D7000480000E884013E07ED8C84C2480000E57D
:101D80008400100F800F84013E07ED8C0004005585
:101D9000001400544000200888013C0BF6EBFAC206
:101DA000480000D384003E07ED9C480000C449FF72
:101DB000F90C84023E07ED3080268401502F800FFD
:101DC00049FFFA6680C084053E07ED30480000BD3B
:101DD00049FFF8FB84002E17ED43100F800F84019C
:101DE0003E07ED9C5A180104480000AE3E07ED4343
:101DF0003E07ED309E31E60CE86144F11D083807DE
:101E0000800040F03C00DD0F0CB24AB24AB290B202
:101E1000B2B21C1484013E07ED8BD55384013E07FA
:101E2000ED74D54F840184C03E07EDA73E67ED48B1
:101E300049FFF92A3C1DFB9B3E600290B40158000B
:101E40000010B6013C0DFBB5580000103C0FFBB56F
:101E5000D538000400518026502F800F49FFCFD184
:101E6000000F800F5A00022E3C2C0080000100550C
:101E70000031005440002008001100528803443211
:101E80000000FEC70001005180463E17ED653C3F53
:101E9000FBA649FFCFCAD515000400518427502F57
:101EA000800F49FFCFAE000F800F5A00020B840154
:101EB0003E07ED8149FFF8E8D5048402100F800F3A
:101EC000000F800F84C95A08020C3C1C008084005B
:101ED0003E07ED9C3E07ED431000805184C1840015
:101EE0003C0FFBD6D531FD03502F800F49FFFAB2CE
:101EF000000F800F5A000222B40784CBB609D52404
:101F00008006F1014422B344503F800F49FFFAB2EA
:101F10009780D51AFD03502F800F49FFFE0FD5E99A
:101F20005A600113D507FD03502F800F49FFF75268
:101F3000D5E08402100F800F84C1D50684C4D50477
:101F400084C5D50284C9000F800F5A0801133C1CB8
:101F500000808400100080502E07ED885A0801117F
:101F60002E27ED5CC20D102080503E07ED9CD50859
:101F70005A0802073C0C0080843B101000502E07CA
:101F8000ED9CC80C4402B2E44412B37A49FFD24338
:101F9000B41F4412B30B49FFD22F8006FCC292003B
:101FA0003C0E0091DD9E3C0E0090DD9EFC203C6CC2
:101FB000009084E1A772A7B3C20284FFC9089E699A
:101FC000FF4442510473B6A388A7D50B9E71FE8CC3
:101FD000802042111473884742011473B62380A0F5
:101FE000B6A4FCA0FC4484C0810583808141F282B8
:101FF000F38180E480A38126E2E5E9148005F110F5
:10200000F202B0C4B105F58349FFFFD2F004F50335
:10201000380E01118CA18920F005380E011188C0FD
:10202000D5ECF00180468AE0FFFB840542238073F3
:102030004E26000384418029800A49FFB9530014C9
:1020400000005A10FF058C21880192011004000045
:10205000B046B08749FFB9B1F00638150111F00755
:102060003825011184024000801642048873400024
:102070000416FCC4FC4780E13C1C0090F2845060D4
:10208000001C0020803200808002F2870020803314
:102090008400F28820208039F085F2892020803A5F
:1020A000A64BF28A80018E01F183F086200F800C0E
:1020B00044A2C7ACF08D3C0C0090F1050000000973
:1020C000E2204EF2010604037FF94E0200EF8E0477
:1020D000E6024EF300EBA0345A080204480000E682
:1020E00004937FFF40048808F08BF10BA03D88012A
:1020F000A6C0CB29A642E622E9029EC9A703F003A7
:102100008E02E080E8038C81D502F4068440B65F3D
:102110003C1C0091F00480A649FFFF66A07EF207F8
:102120003810A6028A20FE54042380083821260293
:10213000880240008016F109880122137FF496037B
:10214000E001D536A74150147FFFD935A6C240140F
:102150000010E662F18CE9038E61D5028460A7036A
:10216000F0038E02E080E8038C81D502F4063C1C6B
:1021700000918400B61F501080A28441F00480A614
:1021800049FFFF32A07EF20C3810A6024211007304
:10219000F207FE54042380083821260288024000FA
:1021A0008016F109880122137FF49603E020400095
:1021B000BC1AD505841FAE3002037FF412037FF8EA
:1021C000F10BA03D8801A6C2CB2DA640E622E90274
:1021D0009EC9A70150047FFEE080E8038C81D503EF
:1021E00050447FFF3C1C00918401B61F5010814475
:1021F0008440F0049D7149FFFEF7A07FF20838107B
:10220000A6028A20FE540423800838212602880270
:1022100040008016F10A880122137FF59603E00141
:10222000D532A743F106D932A6C0E662E9038E6132
:10223000D5028460A70150047FFEE080E8038C8112
:10224000D50350447FFF3C1C00918441B65F501081
:1022500081E69972F00449FFFEC7A07FF20D3810A5
:10226000A60242110073F208FE54042380083821AC
:102270002602880240008016F10A880122137FF5A9
:102280009603E0204000BC1AD505841FAE3102033E
:102290007FF512037FF922037FF812050000220365
:1022A0007FF912050001D50C2205000012037FF80A
:1022B0002205000112037FF9841FAE30AE31F00514
:1022C0008D448C01F085506300DC48FFFEF6FCC7AE
:1022D000FC004462D8D84402B2D084209AB04900AD
:1022E0000483440FFFAAAE31FC80FC0084003C0F45
:1022F000FBBF3C0FFBC73C0FFBCB3C0FFBCF3C0FA6
:10230000FBD83C0FFBDC3C0FFBC53C0FFBD03C0F6C
:10231000FBCC3C0FFBD53C0FFBCD3C0FFBC93C0F6E
:10232000FBC63C0FFBC13C0FFBDA3C0FFBDE3C0F56
:10233000FBD33C0FFBD43C0FFBD13C0FFBBD3C0F50
:10234000FBDB3C0FFBCE3C0FFBC43C0FFBC03C0F48
:10235000FBBE3C0FFBC33C0FFBDD3C0FFBD23C0F35
:10236000FBD93C0FFBCA3C0FFBC2640300036403B0
:102370000403641224029646C1036403000344006C
:10238000400064022403641200028419FE0E6402F9
:10239000000364000008640304024616F78050102E
:1023A000807CFE0F640304036402000258000001F5
:1023B00064020003FC804403F0EDA6405A180104B7
:1023C0008420AE404413F0DAA608540000F0AE08B2
:1023D0008404640304034403F0498425AE404403A9
:1023E000F04A44100053AE40DD9EDD9E4443F110A0
:1023F0008E41B46492784031E008FE1F4433F114FA
:10240000B604B403921840006008FE474403F13854
:10241000B6239651AC4092504403F13A9690AE8068
:102420004403F10C8421AE404423F04A443000556B
:10243000A640C103AED0D5FDDD9E4443F114B46483
:1024400092784031E008FE1FB6044403F13844306E
:102450000055AC404403F13A8420AE404403F104FB
:102460008421B6404403F1364423F04AAE40A640EE
:102470009646C103AED0D5FC4413F134A6089606A7
:10248000C8FEDD9E924284A0D20738301602383052
:10249000960A8CA1D5FADD9E3A6F9EBC84008020FE
:1024A00049FFA41C840049FFA66284006405E4037C
:1024B0004403F00EA440964EC90FA4409656C90C92
:1024C000A440965EC909A4409666C906A4005400BB
:1024D00001004E02008E4413F00EA408960EC810A0
:1024E000A40854000100C80C49FFFEF484013E001A
:1024F00002724403F00EA440964EC121D527441227
:102500002D508400AC0844122CF03E07ED62AE085A
:1025100044122CF1AE0844122CF2AE0844122CF3F3
:10252000AE0844122CF4AE0844122CF5AE08441246
:102530002CF6AE0844122CF7AE08D5D7A440966608
:10254000C905A40054000100C00349FFCD50441246
:102550002D6044622D788400AC0844200100AC302A
:102560004412704084003C0FFBC83C1FFBA13C0F91
:10257000FBD73C0FFBD649FFFF3B4400019049FFCE
:10258000B6533C2DFBA1503100F0A019A09B9E44F6
:102590009649B40349FFFF5344028F708026FA54D2
:1025A00049FFFF723C0DFBA144322D7C44222D7D5E
:1025B00004000009401020093E07C9E53E17C9E69E
:1025C0004010400992183E17C9E73E07C9E8A6180F
:1025D000A6509602964AAE58AE1044322D7E442242
:1025E0002D7FA618A6509602964AAE58AE104413F8
:1025F000F00E3C0DFB43A6481010003C4413F00FB6
:10260000A6481010003D49FFCD6F9E81E6483C0F63
:10261000FBAAE80C84214010880C5410808FC1065E
:1026200050007FE0960049FFCD04490002753A6FE3
:102630009E84DD9E84013C0FFBBFDD9E3C0DFBC7ED
:102640008C013C0FFBC7DD9E3A6F9ABCEFFC3C0D42
:10265000FBCB8C013C0FFBCB3C0DFB98A6008E0105
:10266000E602E8322E07ED685A0055062E07ED5EA9
:102670005A0855213C03F6E98C019601E60A3C0B09
:10268000F6E9E91B840449FFCCD484013E0002959D
:10269000840049FF87A03C0DFB98A6005A0801075B
:1026A0004400006949FFA415D5088E02E602E9003E
:1026B000D50484003C0BF6E9440000553E07ED6864
:1026C0003E07ED5ED50484003C0BF6E9EC043A6F5E
:1026D0009A84DD9E3BFFFCBCEFFCFA1049FFCCA9BD
:1026E00084013C0FFBCF49FF9FF049FF876D3C0DF4
:1026F000FB98842249FFD15849FF878484208402B3
:1027000084468061808180A149FFCD8CEC043BFF31
:10271000FC84DD9E3A6F9ABCEFFC49FFA3A5C01272
:10272000840049FFA3A549FFA3C25A08010C3C0F2E
:10273000FBC84412B3453C0DFB984422B47C49FFCE
:10274000F80549FFA388C00784013C0FFBD784002C
:1027500049FFA38549FFA3E4C00A840049FFA3E41D
:1027600049FFA3A55A0801043C0FFBBE49FFA3CFB4
:10277000C022840049FFA3CF84013C0FFBC03C0D65
:10278000FB9BB400920B96065A0801168400443253
:10279000C9A83C1C01FC382180008820AE883C2C54
:1027A00001FC9C418822382180018C029248AE882D
:1027B0005A0812F1EC043A6F9A84DD9E3A6F9ABC83
:1027C000EFFC3C0DFBB384213C1FFBD8AE40440F13
:1027D000FFAA3E07ED6884003C0FFBD63C0DFB983A
:1027E000A681542100FD5A20040449FFD0DD49FF91
:1027F00086DEC80A2E17ED583E07EDAC5A18010EBA
:102800003E07EDAAD50AFA1849FFB50E840249FF22
:10281000A0F884013E07ED862E07ED9E5A000106C2
:102820002E07ED4C5A0801072E07EDA98C013E0733
:10283000EDA9EC043A6F9A84DD9E3BFFFCBC840159
:102840003C0FFBDCEFFCFA1149FFCBF34403F082B1
:10285000A600C0054400006949FFA33BEC043BFF10
:10286000FC84DD9E84013C0FFBC5DD9E84013C0F92
:10287000FBD0DD9E84013C0FFBCCDD9E84013C0F30
:10288000FBD5DD9E3BFFFCBCEFFCFA1249FFCBD130
:10289000EC0484013C0FFBCD3BFFFC84DD9E8401F6
:1028A0003C0FFBC9DD9E3BFFFCBCEFFCFA1349FF6C
:1028B000CBC0EC043BFFFC84DD9E3BFFFCBCEFFC8B
:1028C000FA1449FFCBB6EC0484013C0FFBC13BFF7B
:1028D000FC84DD9E3A6F9EBC84013C0FFBD68400D5
:1028E0003C0FFBDA3E07ED413C0DFB98A6015A0078
:1028F000040B49FF86565A08010749FFA4BB3E074F
:10290000ED6FD51D49FF864DC81A2E67ED43CE17D2
:1029100084213E17ED4149FF865E49FFA4AB3E0787
:10292000ED6F4403F04A441000553C6FFBDBAE40B2
:10293000840A49FFB479840149FF864D3A6F9E8429
:10294000DD9E3C0DFBDA8C013C0FFBDADD9E840141
:102950003C0FFBCA3E0002644403F07E3BFFFCBC1C
:10296000A640EFFC5A10010FA6405A10020CA640D8
:102970005A100309A6405A100406A6405A10100324
:10298000A60084418420806280824400B10149FF16
:10299000DB1249FFDB27EC043BFFFC84DD9E840156
:1029A0003C0FFBDEDD9E84013C0FFBD34403F0644F
:1029B000A6409646C9044403F010D507A6409646A3
:1029C000C105A640541080FEAE40DD9E3BFFFCBC1E
:1029D000EFFCFA1549FFCB2DEC0484013C0FFBD42E
:1029E0003BFFFC84DD9E3BFFFCBCEFFCFA1649FF7D
:1029F000CB20EC0484013C0FFBD13BFFFC84DD9E2B
:102A00003BFFFCBCEFFCFA1749FFCB1384013C0FE2
:102A1000FBBD49FFF2E75A08A1064400005549FFF3
:102A2000A258EC043BFFFC84DD9E3A6F9ABCEFFC9D
:102A300049FF9EB65A0802143C5DFBDB2E000A1AC1
:102A4000D0063C0DFB98A6015A08040A49FFA412BF
:102A50003E07ED4E49FFCEF53E07ED4184013C0FA8
:102A6000FBD93C0DFBDB8C013C0FFBDBEC043A6F2C
:102A70009A84DD9E3BFFFCBCFA18EFFC49FFCAD9E3
:102A800084013C0FFBCE2E07EDAC8C019600E603D3
:102A90003E07EDACE9054400005549FFA21AEC04DD
:102AA0003BFFFC84DD9E84013C0FFBC4DD9EDD9E6C
:102AB00084013C0FFBC3DD9EDD9E3BFFFCBCEFFCB5
:102AC000FA1949FFCAB684013C0FFBDD49FF9D2F6F
:102AD00049FF8567C80449FF8577D50349FF9CED09
:102AE000EC043BFFFC84DD9E84013C0FFBD2DD9EA9
:102AF00084013C0FFBC2DD9E3BFFFCBCEFFCFA1ADD
:102B000049FFCA974400006949FFA1E3EC043BFF79
:102B1000FC84DD9EFC0049FFCC9F49FFB9CA5A00E6
:102B2000081149FFB9EB4413F5728400AE08441351
:102B3000F573AE0849FF9CC149FFC68E49FFB9F83D
:102B400049FFBEFE5A0003EF5A0002FA5A0013FA78
:102B500049FFC6565A0002F45A08130549FFBACB7A
:102B6000D5F03C0DFBA7A78097B0CEEB3E60029E50
:102B700049FFBA132E07ED8E5A08120E3C03F6EBEE
:102B8000802649FFF2BB5A08010780062E10029EDC
:102B900049FFF1802E07ED8E5A0004125A081904DD
:102BA00049FFF1F149FFBA5949FFC0045A0002C870
:102BB0002E07ED8E5A08050A49FFBAC8440000FFE7
:102BC0002E10029E49FFF16649FFBAA1D5BA000056
:102BD0008060C207994A0840800118418001D9FCF1
:102BE000DD9E92008060995AD30418118001D5FDB2
:102BF000DD9E9200F2F900070E0000000AFBF6FBD2
:102C00000A00000004050607020202020303030390
:102C100004040404000000000C0C00555071020074
:102C2000D873020060760200E8780200600C0200AF
:102C3000A020020000400200604C020000010203DC
:102C40007011020080160200E0510200F0560200EE
:102C5000FFFF0000EDEEEFFF000111121300000076
:102C60006464646464646464646464646464646424
:102C700064640000000A0A0C0C0C0C0C0C0C0B0B0E
:102C80000B0B0B0B0B000000003C050000000000CC
:102C900000003C36302A241E1400000000373C009F
:102CA000000000000000060C12181E283C00000066
:102CB00000365A6464646464646464646464646272
:102CC0003A0000006036646464646464646464644C
:102CD0006464646464610000636464646464646480
:102CE000646464646464646464630000395F64649D
:102CF0006464646464646464646464645F3900008C
:102D0000402B0200D02B0200B03E0200403F0200E8
:102D1000202A0200B02A0200903D0200203E02005C
:102D200050710200D873020060760200E878020059
:102D30007011020080160200E0510200F0560200FD
:102D4000600C0200A020020000400200604C020063
:102D5000600C0200A020020000400200604C020053
:102D60007011020080160200E0510200F0560200CD
:102D70000000000000000000000000000000000053
:102D80000000000000000000000000000000000043
:102D90000000000000000000000000000000000033
:102DA0000000000000000000000000000000000023
:102DB0000000000000000000000000000000000013
:102DC0000000000000000000000000000000000003
:102DD00000000000000000000000000000000000F3
:102DE00000000000000000000000000000000000E3
:102DF00000000000000000000000000000000000D3
:102E000000000000000000000000000000000000C2
:102E100000000000000000000000000000000000B2
:102E200000000000000000000000000000000000A2
:102E30000000000000000000000000000000000092
:102E40000000000000000000000000000000000082
:102E50000000000000000000000000000000000072
:102E60000000000000000000000000000000000062
:102E70000000000000000000000000000000000052
:102E80000000000000000000000000000000000042
:102E90000000000000000000000000000000000032
:102EA0000000000000000000000000000000000022
:102EB0000000000000000000000000000000000012
:102EC0000000000000000000000000000000000002
:102ED00000000000000000000000000000000000F2
:102EE00000000000000000000000000000000000E2
:102EF00000000000000000000000000000000000D2
:102F000000000000000000000000000000000000C1
:102F100000000000000000000000000000000000B1
:102F200000000000000000000000000000000000A1
:102F30000000000000000000000000000000000091
:102F40000000000000000000000000000000000081
:102F50000000000000000000000000000000000071
:102F60000000000000000000000000000000000061
:102F70000000000000000000000000000000000051
:102F80000000000000000000000000000000000041
:102F90000000000000000000000000000000000031
:102FA0000000000000000000000000000000000021
:102FB0000000000000000000000000000000000011
:102FC0000000000000000000000000000000000001
:102FD00000000000000000000000000000000000F1
:102FE00000000000000000000000000000000000E1
:102FF00000000000000000000000000000000000D1
:1030000000000000000000000000000000000000C0
:1030100000000000000000000000000000000000B0
:1030200000000000000000000000000000000000A0
:103030000000000000000000000000000000000090
:103040000000000000000000000000000000000080
:103050000000000000000000000000000000000070
:103060000000000000000000000000000000000060
:103070000000000000000000000000000000000050
:103080000000000000000000000000000000000040
:103090000000000000000000000000000000000030
:1030A0000000000000000000000000000000000020
:1030B0000000000000000000000000000000000010
:1030C0000000000000000000000000000000000000
:1030D00000000000000000000000000000000000F0
:1030E00000000000000000000000000000000000E0
:1030F00000000000000000000000000000000000D0
:1031000000000000000000000000000000000000BF
:1031100000000000000000000000000000000000AF
:10312000000000000000000000000000000000009F
:10313000000000000000000000000000000000008F
:10314000000000000000000000000000000000007F
:10315000000000000000000000000000000000006F
:10316000000000000000000000000000000000005F
:10317000000000000000000000000000000000004F
:10318000000000000000000000000000000000003F
:10319000000000000000000000000000000000002F
:1031A000000000000000000000000000000000001F
:1031B000000000000000000000000000000000000F
:1031C00000000000000000000000000000000000FF
:1031D00000000000000000000000000000000000EF
:1031E00000000000000000000000000000000000DF
:1031F00000000000000000000000000000000000CF
:1032000000000000000000000000000000000000BE
:1032100000000000000000000000000000000000AE
:10322000000000000000000000000000000000009E
:10323000000000000000000000000000000000008E
:10324000000000000000000000000000000000007E
:10325000000000000000000000000000000000006E
:10326000000000000000000000000000000000005E
:10327000000000000000000000000000000000004E
:10328000000000000000000000000000000000003E
:10329000000000000000000000000000000000002E
:1032A000000000000000000000000000000000001E
:1032B000000000000000000000000000000000000E
:1032C00000000000000000000000000000000000FE
:1032D00000000000000000000000000000000000EE
:1032E00000000000000000000000000000000000DE
:1032F00000000000000000000000000000000000CE
:1033000000000000000000000000000000000000BD
:1033100000000000000000000000000000000000AD
:10332000000000000000000000000000000000009D
:10333000000000000000000000000000000000008D
:10334000000000000000000000000000000000007D
:10335000000000000000000000000000000000006D
:10336000000000000000000000000000000000005D
:10337000000000000000000000000000000000004D
:10338000000000000000000000000000000000003D
:10339000000000000000000000000000000000002D
:1033A000000000000000000000000000000000001D
:1033B000000000000000000000000000000000000D
:1033C00000000000000000000000000000000000FD
:1033D00000000000000000000000000000000000ED
:1033E00000000000000000000000000000000000DD
:1033F00000000000000000000000000000000000CD
:1034000000000000000000000000000000000000BC
:1034100000000000000000000000000000000000AC
:10342000000000000000000000000000000000009C
:10343000000000000000000000000000000000008C
:10344000000000000000000000000000000000007C
:10345000000000000000000000000000000000006C
:10346000000000000000000000000000000000005C
:10347000000000000000000000000000000000004C
:10348000000000000000000000000000000000003C
:10349000000000000000000000000000000000002C
:1034A000000000000000000000000000000000001C
:1034B000000000000000000000000000000000000C
:1034C00000000000000000000000000000000000FC
:1034D00000000000000000000000000000000000EC
:1034E00000000000000000000000000000000000DC
:1034F00000000000000000000000000000000000CC
:1035000000000000000000000000000000000000BB
:1035100000000000000000000000000000000000AB
:10352000000000000000000000000000000000009B
:10353000000000000000000000000000000000008B
:10354000000000000000000000000000000000007B
:10355000000000000000000000000000000000006B
:10356000000000000000000000000000000000005B
:10357000000000000000000000000000000000004B
:10358000000000000000000000000000000000003B
:10359000000000000000000000000000000000002B
:1035A000000000000000000000000000000000001B
:1035B000000000000000000000000000000000000B
:1035C00000000000000000000000000000000000FB
:1035D00000000000000000000000000000000000EB
:1035E00000000000000000000000000000000000DB
:1035F00000000000000000000000000000000000CB
:1036000000000000000000000000000000000000BA
:1036100000000000000000000000000000000000AA
:10362000000000000000000000000000000000009A
:10363000000000000000000000000000000000008A
:10364000000000000000000000000000000000007A
:10365000000000000000000000000000000000006A
:10366000000000000000000000000000000000005A
:10367000000000000000000000000000000000004A
:10368000000000000000000000000000000000003A
:10369000000000000000000000000000000000002A
:1036A000000000000000000000000000000000001A
:1036B000000000000000000000000000000000000A
:1036C00000000000000000000000000000000000FA
:1036D00000000000000000000000000000000000EA
:1036E00000000000000000000000000000000000DA
:1036F00000000000000000000000000000000000CA
:1037000000000000000000000000000000000000B9
:1037100000000000000000000000000000000000A9
:103720000000000000000000000000000000000099
:103730000000000000000000000000000000000089
:103740000000000000000000000000000000000079
:103750000000000000000000000000000000000069
:103760000000000000000000000000000000000059
:103770000000000000000000000000000000000049
:103780000000000000000000000000000000000039
:103790000000000000000000000000000000000029
:1037A0000000000000000000000000000000000019
:1037B0000000000000000000000000000000000009
:1037C00000000000000000000000000000000000F9
:1037D00000000000000000000000000000000000E9
:1037E00000000000000000000000000000000000D9
:1037F00000000000000000000000000000000000C9
:1038000000000000000000000000000000000000B8
:1038100000000000000000000000000000000000A8
:103820000000000000000000000000000000000098
:103830000000000000000000000000000000000088
:103840000000000000000000000000000000000078
:103850000000000000000000000000000000000068
:103860000000000000000000000000000000000058
:103870000000000000000000000000000000000048
:103880000000000000000000000000000000000038
:103890000000000000000000000000000000000028
:1038A0000000000000000000000000000000000018
:1038B0000000000000000000000000000000000008
:1038C00000000000000000000000000000000000F8
:1038D00000000000000000000000000000000000E8
:1038E00000000000000000000000000000000000D8
:1038F00000000000000000000000000000000000C8
:1039000000000000000000000000000000000000B7
:1039100000000000000000000000000000000000A7
:103920000000000000000000000000000000000097
:103930000000000000000000000000000000000087
:103940000000000000000000000000000000000077
:103950000000000000000000000000000000000067
:103960000000000000000000000000000000000057
:103970000000000000000000000000000000000047
:103980000000000000000000000000000000000037
:103990000000000000000000000000000000000027
:1039A0000000000000000000000000000000000017
:1039B0000000000000000000000000000000000007
:1039C00000000000000000000000000000000000F7
:1039D00000000000000000000000000000000000E7
:1039E00000000000000000000000000000000000D7
:1039F00000000000000000000000000000000000C7
:103A000000000000000000000000000000000000B6
:103A100000000000000000000000000000000000A6
:103A20000000000000000000000000000000000096
:103A30000000000000000000000000000000000086
:103A40000000000000000000000000000000000076
:103A50000000000000000000000000000000000066
:103A60000000000000000000000000000000000056
:103A70000000000000000000000000000000000046
:103A80000000000000000000000000000000000036
:103A90000000000000000000000000000000000026
:103AA0000000000000000000000000000000000016
:103AB0000000000000000000000000000000000006
:103AC00000000000000000000000000000000000F6
:103AD00000000000000000000000000000000000E6
:103AE00000000000000000000000000000000000D6
:103AF00000000000000000000000000000000000C6
:103B000000000000000000000000000000000000B5
:103B100000000000000000000000000000000000A5
:103B20000000000000000000000000000000000095
:103B30000000000000000000000000000000000085
:103B40000000000000000000000000000000000075
:103B50000000000000000000000000000000000065
:103B60000000000000000000000000000000000055
:103B70000000000000000000000000000000000045
:103B80000000000000000000000000000000000035
:103B90000000000000000000000000000000000025
:103BA0000000000000000000000000000000000015
:103BB0000000000000000000000000000000000005
:103BC00000000000000000000000000000000000F5
:103BD00000000000000000000000000000000000E5
:103BE00000000000000000000000000000000000D5
:103BF00000000000000000000000000000000000C5
:103C000000000000000000000000000000000000B4
:103C100000000000000000000000000000000000A4
:103C20000000000000000000000000000000000094
:103C30000000000000000000000000000000000084
:103C40000000000000000000000000000000000074
:103C50000000000000000000000000000000000064
:103C60000000000000000000000000000000000054
:103C70000000000000000000000000000000000044
:103C80000000000000000000000000000000000034
:103C90000000000000000000000000000000000024
:103CA0000000000000000000000000000000000014
:103CB0000000000000000000000000000000000004
:103CC00000000000000000000000000000000000F4
:103CD00000000000000000000000000000000000E4
:103CE00000000000000000000000000000000000D4
:103CF00000000000000000000000000000000000C4
:103D000000000000000000000000000000000000B3
:103D100000000000000000000000000000000000A3
:103D20000000000000000000000000000000000093
:103D30000000000000000000000000000000000083
:103D40000000000000000000000000000000000073
:103D50000000000000000000000000000000000063
:103D60000000000000000000000000000000000053
:103D70000000000000000000000000000000000043
:103D80000000000000000000000000000000000033
:103D90000000000000000000000000000000000023
:103DA0000000000000000000000000000000000013
:103DB0000000000000000000000000000000000003
:103DC00000000000000000000000000000000000F3
:103DD00000000000000000000000000000000000E3
:103DE00000000000000000000000000000000000D3
:103DF00000000000000000000000000000000000C3
:103E000000000000000000000000000000000000B2
:103E100000000000000000000000000000000000A2
:103E20000000000000000000000000000000000092
:103E30000000000000000000000000000000000082
:103E40000000000000000000000000000000000072
:103E50000000000000000000000000000000000062
:103E60000000000000000000000000000000000052
:103E70000000000000000000000000000000000042
:103E80000000000000000000000000000000000032
:103E90000000000000000000000000000000000022
:103EA0000000000000000000000000000000000012
:103EB0000000000000000000000000000000000002
:103EC00000000000000000000000000000000000F2
:103ED00000000000000000000000000000000000E2
:103EE00000000000000000000000000000000000D2
:103EF00000000000000000000000000000000000C2
:103F000000000000000000000000000000000000B1
:103F100000000000000000000000000000000000A1
:103F20000000000000000000000000000000000091
:103F30000000000000000000000000000000000081
:103F40000000000000000000000000000000000071
:103F50000000000000000000000000000000000061
:103F60000000000000000000000000000000000051
:103F70000000000000000000000000000000000041
:103F80000000000000000000000000000000000031
:103F90000000000000000000000000000000000021
:103FA0000000000000000000000000000000000011
:103FB0000000000000000000000000000000000001
:103FC00000000000000000000000000000000000F1
:103FD00000000000000000000000000000000000E1
:103FE00000000000000000000000000000000000D1
:103FF00000000000000000000000000000000000C1
:1040000000000000000000000000000000000000B0
:1040100000000000000000000000000000000000A0
:104020000000000000000000000000000000000090
:104030000000000000000000000000000000000080
:104040000000000000000000000000000000000070
:104050000000000000000000000000000000000060
:104060000000000000000000000000000000000050
:104070000000000000000000000000000000000040
:104080000000000000000000000000000000000030
:104090000000000000000000000000000000000020
:1040A0000000000000000000000000000000000010
:1040B0000000000000000000000000000000000000
:1040C00000000000000000000000000000000000F0
:1040D00000000000000000000000000000000000E0
:1040E00000000000000000000000000000000000D0
:1040F00000000000000000000000000000000000C0
:1041000000000000000000000000000000000000AF
:10411000000000000000000000000000000000009F
:10412000000000000000000000000000000000008F
:10413000000000000000000000000000000000007F
:10414000000000000000000000000000000000006F
:10415000000000000000000000000000000000005F
:10416000000000000000000000000000000000004F
:10417000000000000000000000000000000000003F
:10418000000000000000000000000000000000002F
:10419000000000000000000000000000000000001F
:1041A000000000000000000000000000000000000F
:1041B00000000000000000000000000000000000FF
:1041C00000000000000000000000000000000000EF
:1041D00000000000000000000000000000000000DF
:1041E00000000000000000000000000000000000CF
:1041F00000000000000000000000000000000000BF
:1042000000000000000000000000000000000000AE
:10421000000000000000000000000000000000009E
:10422000000000000000000000000000000000008E
:10423000000000000000000000000000000000007E
:10424000000000000000000000000000000000006E
:10425000000000000000000000000000000000005E
:10426000000000000000000000000000000000004E
:10427000000000000000000000000000000000003E
:10428000000000000000000000000000000000002E
:10429000000000000000000000000000000000001E
:1042A000000000000000000000000000000000000E
:1042B00000000000000000000000000000000000FE
:1042C00000000000000000000000000000000000EE
:1042D00000000000000000000000000000000000DE
:1042E00000000000000000000000000000000000CE
:1042F00000000000000000000000000000000000BE
:1043000000000000000000000000000000000000AD
:10431000000000000000000000000000000000009D
:10432000000000000000000000000000000000008D
:10433000000000000000000000000000000000007D
:10434000000000000000000000000000000000006D
:10435000000000000000000000000000000000005D
:10436000000000000000000000000000000000004D
:10437000000000000000000000000000000000003D
:10438000000000000000000000000000000000002D
:10439000000000000000000000000000000000001D
:1043A000000000000000000000000000000000000D
:1043B00000000000000000000000000000000000FD
:1043C00000000000000000000000000000000000ED
:1043D00000000000000000000000000000000000DD
:1043E00000000000000000000000000000000000CD
:1043F00000000000000000000000000000000000BD
:1044000000000000000000000000000000000000AC
:10441000000000000000000000000000000000009C
:10442000000000000000000000000000000000008C
:10443000000000000000000000000000000000007C
:10444000000000000000000000000000000000006C
:10445000000000000000000000000000000000005C
:10446000000000000000000000000000000000004C
:10447000000000000000000000000000000000003C
:10448000000000000000000000000000000000002C
:10449000000000000000000000000000000000001C
:1044A000000000000000000000000000000000000C
:1044B00000000000000000000000000000000000FC
:1044C00000000000000000000000000000000000EC
:1044D00000000000000000000000000000000000DC
:1044E00000000000000000000000000000000000CC
:1044F00000000000000000000000000000000000BC
:1045000000000000000000000000000000000000AB
:10451000000000000000000000000000000000009B
:10452000000000000000000000000000000000008B
:10453000000000000000000000000000000000007B
:10454000000000000000000000000000000000006B
:10455000000000000000000000000000000000005B
:10456000000000000000000000000000000000004B
:10457000000000000000000000000000000000003B
:10458000000000000000000000000000000000002B
:10459000000000000000000000000000000000001B
:1045A000000000000000000000000000000000000B
:1045B00000000000000000000000000000000000FB
:1045C00000000000000000000000000000000000EB
:1045D00000000000000000000000000000000000DB
:1045E00000000000000000000000000000000000CB
:1045F00000000000000000000000000000000000BB
:1046000000000000000000000000000000000000AA
:10461000000000000000000000000000000000009A
:10462000000000000000000000000000000000008A
:10463000000000000000000000000000000000007A
:10464000000000000000000000000000000000006A
:10465000000000000000000000000000000000005A
:10466000000000000000000000000000000000004A
:10467000000000000000000000000000000000003A
:10468000000000000000000000000000000000002A
:10469000000000000000000000000000000000001A
:1046A000000000000000000000000000000000000A
:1046B00000000000000000000000000000000000FA
:1046C00000000000000000000000000000000000EA
:1046D00000000000000000000000000000000000DA
:1046E00000000000000000000000000000000000CA
:1046F00000000000000000000000000000000000BA
:1047000000000000000000000000000000000000A9
:104710000000000000000000000000000000000099
:104720000000000000000000000000000000000089
:104730000000000000000000000000000000000079
:104740000000000000000000000000000000000069
:104750000000000000000000000000000000000059
:104760000000000000000000000000000000000049
:104770000000000000000000000000000000000039
:104780000000000000000000000000000000000029
:104790000000000000000000000000000000000019
:1047A0000000000000000000000000000000000009
:1047B00000000000000000000000000000000000F9
:1047C00000000000000000000000000000000000E9
:1047D00000000000000000000000000000000000D9
:1047E00000000000000000000000000000000000C9
:1047F00000000000000000000000000000000000B9
:1048000000000000000000000000000000000000A8
:104810000000000000000000000000000000000098
:104820000000000000000000000000000000000088
:104830000000000000000000000000000000000078
:104840000000000000000000000000000000000068
:104850000000000000000000000000000000000058
:104860000000000000000000000000000000000048
:104870000000000000000000000000000000000038
:104880000000000000000000000000000000000028
:104890000000000000000000000000000000000018
:1048A0000000000000000000000000000000000008
:1048B00000000000000000000000000000000000F8
:1048C00000000000000000000000000000000000E8
:1048D00000000000000000000000000000000000D8
:1048E00000000000000000000000000000000000C8
:1048F00000000000000000000000000000000000B8
:1049000000000000000000000000000000000000A7
:104910000000000000000000000000000000000097
:104920000000000000000000000000000000000087
:104930000000000000000000000000000000000077
:104940000000000000000000000000000000000067
:104950000000000000000000000000000000000057
:104960000000000000000000000000000000000047
:104970000000000000000000000000000000000037
:104980000000000000000000000000000000000027
:104990000000000000000000000000000000000017
:1049A0000000000000000000000000000000000007
:1049B00000000000000000000000000000000000F7
:1049C00000000000000000000000000000000000E7
:1049D00000000000000000000000000000000000D7
:1049E00000000000000000000000000000000000C7
:1049F00000000000000000000000000000000000B7
:104A000000000000000000000000000000000000A6
:104A10000000000000000000000000000000000096
:104A20000000000000000000000000000000000086
:104A30000000000000000000000000000000000076
:104A40000000000000000000000000000000000066
:104A50000000000000000000000000000000000056
:104A60000000000000000000000000000000000046
:104A70000000000000000000000000000000000036
:104A80000000000000000000000000000000000026
:104A90000000000000000000000000000000000016
:104AA0000000000000000000000000000000000006
:104AB00000000000000000000000000000000000F6
:104AC00000000000000000000000000000000000E6
:104AD00000000000000000000000000000000000D6
:104AE00000000000000000000000000000000000C6
:104AF00000000000000000000000000000000000B6
:104B000000000000000000000000000000000000A5
:104B10000000000000000000000000000000000095
:104B20000000000000000000000000000000000085
:104B30000000000000000000000000000000000075
:104B40000000000000000000000000000000000065
:104B50000000000000000000000000000000000055
:104B60000000000000000000000000000000000045
:104B70000000000000000000000000000000000035
:104B80000000000000000000000000000000000025
:104B90000000000000000000000000000000000015
:104BA0000000000000000000000000000000000005
:104BB00000000000000000000000000000000000F5
:104BC00000000000000000000000000000000000E5
:104BD00000000000000000000000000000000000D5
:104BE00000000000000000000000000000000000C5
:104BF00000000000000000000000000000000000B5
:104C000000000000000000000000000000000000A4
:104C10000000000000000000000000000000000094
:104C20000000000000000000000000000000000084
:104C30000000000000000000000000000000000074
:104C40000000000000000000000000000000000064
:104C50000000000000000000000000000000000054
:104C60000000000000000000000000000000000044
:104C70000000000000000000000000000000000034
:104C80000000000000000000000000000000000024
:104C90000000000000000000000000000000000014
:104CA0000000000000000000000000000000000004
:104CB00000000000000000000000000000000000F4
:104CC00000000000000000000000000000000000E4
:104CD00000000000000000000000000000000000D4
:104CE00000000000000000000000000000000000C4
:104CF00000000000000000000000000000000000B4
:104D000000000000000000000000000000000000A3
:104D10000000000000000000000000000000000093
:104D20000000000000000000000000000000000083
:104D30000000000000000000000000000000000073
:104D40000000000000000000000000000000000063
:104D50000000000000000000000000000000000053
:104D60000000000000000000000000000000000043
:104D70000000000000000000000000000000000033
:104D80000000000000000000000000000000000023
:104D90000000000000000000000000000000000013
:104DA0000000000000000000000000000000000003
:104DB00000000000000000000000000000000000F3
:104DC00000000000000000000000000000000000E3
:104DD00000000000000000000000000000000000D3
:104DE00000000000000000000000000000000000C3
:104DF00000000000000000000000000000000000B3
:104E000000000000000000000000000000000000A2
:104E10000000000000000000000000000000000092
:104E20000000000000000000000000000000000082
:104E30000000000000000000000000000000000072
:104E40000000000000000000000000000000000062
:104E50000000000000000000000000000000000052
:104E60000000000000000000000000000000000042
:104E70000000000000000000000000000000000032
:104E80000000000000000000000000000000000022
:104E90000000000000000000000000000000000012
:104EA0000000000000000000000000000000000002
:104EB00000000000000000000000000000000000F2
:104EC00000000000000000000000000000000000E2
:104ED00000000000000000000000000000000000D2
:104EE00000000000000000000000000000000000C2
:104EF00000000000000000000000000000000000B2
:104F000000000000000000000000000000000000A1
:104F10000000000000000000000000000000000091
:104F20000000000000000000000000000000000081
:104F30000000000000000000000000000000000071
:104F40000000000000000000000000000000000061
:104F50000000000000000000000000000000000051
:104F60000000000000000000000000000000000041
:104F70000000000000000000000000000000000031
:104F80000000000000000000000000000000000021
:104F90000000000000000000000000000000000011
:104FA0000000000000000000000000000000000001
:104FB00000000000000000000000000000000000F1
:104FC00000000000000000000000000000000000E1
:104FD00000000000000000000000000000000000D1
:104FE00000000000000000000000000000000000C1
:104FF00000000000000000000000000000000000B1
:1050000000000000000000000000000000000000A0
:105010000000000000000000000000000000000090
:105020000000000000000000000000000000000080
:105030000000000000000000000000000000000070
:105040000000000000000000000000000000000060
:105050000000000000000000000000000000000050
:105060000000000000000000000000000000000040
:105070000000000000000000000000000000000030
:105080000000000000000000000000000000000020
:105090000000000000000000000000000000000010
:1050A0000000000000000000000000000000000000
:1050B00000000000000000000000000000000000F0
:1050C00000000000000000000000000000000000E0
:1050D00000000000000000000000000000000000D0
:1050E00000000000000000000000000000000000C0
:1050F00000000000000000000000000000000000B0
:10510000000000000000000000000000000000009F
:10511000000000000000000000000000000000008F
:10512000000000000000000000000000000000007F
:10513000000000000000000000000000000000006F
:10514000000000000000000000000000000000005F
:10515000000000000000000000000000000000004F
:10516000000000000000000000000000000000003F
:10517000000000000000000000000000000000002F
:10518000000000000000000000000000000000001F
:10519000000000000000000000000000000000000F
:1051A00000000000000000000000000000000000FF
:1051B00000000000000000000000000000000000EF
:1051C00000000000000000000000000000000000DF
:1051D00000000000000000000000000000000000CF
:1051E00000000000000000000000000000000000BF
:1051F00000000000000000000000000000000000AF
:10520000000000000000000000000000000000009E
:10521000000000000000000000000000000000008E
:10522000000000000000000000000000000000007E
:10523000000000000000000000000000000000006E
:10524000000000000000000000000000000000005E
:10525000000000000000000000000000000000004E
:10526000000000000000000000000000000000003E
:10527000000000000000000000000000000000002E
:10528000000000000000000000000000000000001E
:10529000000000000000000000000000000000000E
:1052A00000000000000000000000000000000000FE
:1052B00000000000000000000000000000000000EE
:1052C00000000000000000000000000000000000DE
:1052D00000000000000000000000000000000000CE
:1052E00000000000000000000000000000000000BE
:1052F00000000000000000000000000000000000AE
:10530000000000000000000000000000000000009D
:10531000000000000000000000000000000000008D
:10532000000000000000000000000000000000007D
:10533000000000000000000000000000000000006D
:10534000000000000000000000000000000000005D
:10535000000000000000000000000000000000004D
:10536000000000000000000000000000000000003D
:10537000000000000000000000000000000000002D
:10538000000000000000000000000000000000001D
:10539000000000000000000000000000000000000D
:1053A00000000000000000000000000000000000FD
:1053B00000000000000000000000000000000000ED
:1053C00000000000000000000000000000000000DD
:1053D00000000000000000000000000000000000CD
:1053E00000000000000000000000000000000000BD
:1053F00000000000000000000000000000000000AD
:10540000000000000000000000000000000000009C
:10541000000000000000000000000000000000008C
:10542000000000000000000000000000000000007C
:10543000000000000000000000000000000000006C
:10544000000000000000000000000000000000005C
:10545000000000000000000000000000000000004C
:10546000000000000000000000000000000000003C
:10547000000000000000000000000000000000002C
:10548000000000000000000000000000000000001C
:10549000000000000000000000000000000000000C
:1054A00000000000000000000000000000000000FC
:1054B00000000000000000000000000000000000EC
:1054C00000000000000000000000000000000000DC
:1054D00000000000000000000000000000000000CC
:1054E00000000000000000000000000000000000BC
:1054F00000000000000000000000000000000000AC
:10550000000000000000000000000000000000009B
:10551000000000000000000000000000000000008B
:10552000000000000000000000000000000000007B
:10553000000000000000000000000000000000006B
:10554000000000000000000000000000000000005B
:10555000000000000000000000000000000000004B
:10556000000000000000000000000000000000003B
:10557000000000000000000000000000000000002B
:10558000000000000000000000000000000000001B
:10559000000000000000000000000000000000000B
:1055A00000000000000000000000000000000000FB
:1055B00000000000000000000000000000000000EB
:1055C00000000000000000000000000000000000DB
:1055D00000000000000000000000000000000000CB
:1055E00000000000000000000000000000000000BB
:1055F00000000000000000000000000000000000AB
:10560000000000000000000000000000000000009A
:10561000000000000000000000000000000000008A
:10562000000000000000000000000000000000007A
:10563000000000000000000000000000000000006A
:10564000000000000000000000000000000000005A
:10565000000000000000000000000000000000004A
:10566000000000000000000000000000000000003A
:10567000000000000000000000000000000000002A
:10568000000000000000000000000000000000001A
:10569000000000000000000000000000000000000A
:1056A00000000000000000000000000000000000FA
:1056B00000000000000000000000000000000000EA
:1056C00000000000000000000000000000000000DA
:1056D00000000000000000000000000000000000CA
:1056E00000000000000000000000000000000000BA
:1056F00000000000000000000000000000000000AA
:105700000000000000000000000000000000000099
:105710000000000000000000000000000000000089
:105720000000000000000000000000000000000079
:105730000000000000000000000000000000000069
:105740000000000000000000000000000000000059
:105750000000000000000000000000000000000049
:105760000000000000000000000000000000000039
:105770000000000000000000000000000000000029
:105780000000000000000000000000000000000019
:105790000000000000000000000000000000000009
:1057A00000000000000000000000000000000000F9
:1057B00000000000000000000000000000000000E9
:1057C00000000000000000000000000000000000D9
:1057D00000000000000000000000000000000000C9
:1057E00000000000000000000000000000000000B9
:1057F00000000000000000000000000000000000A9
:105800000000000000000000000000000000000098
:105810000000000000000000000000000000000088
:105820000000000000000000000000000000000078
:105830000000000000000000000000000000000068
:105840000000000000000000000000000000000058
:105850000000000000000000000000000000000048
:105860000000000000000000000000000000000038
:105870000000000000000000000000000000000028
:105880000000000000000000000000000000000018
:105890000000000000000000000000000000000008
:1058A00000000000000000000000000000000000F8
:1058B00000000000000000000000000000000000E8
:1058C00000000000000000000000000000000000D8
:1058D00000000000000000000000000000000000C8
:1058E00000000000000000000000000000000000B8
:1058F00000000000000000000000000000000000A8
:105900000000000000000000000000000000000097
:105910000000000000000000000000000000000087
:105920000000000000000000000000000000000077
:105930000000000000000000000000000000000067
:105940000000000000000000000000000000000057
:105950000000000000000000000000000000000047
:105960000000000000000000000000000000000037
:105970000000000000000000000000000000000027
:105980000000000000000000000000000000000017
:105990000000000000000000000000000000000007
:1059A00000000000000000000000000000000000F7
:1059B00000000000000000000000000000000000E7
:1059C00000000000000000000000000000000000D7
:1059D00000000000000000000000000000000000C7
:1059E00000000000000000000000000000000000B7
:1059F00000000000000000000000000000000000A7
:105A00000000000000000000000000000000000096
:105A10000000000000000000000000000000000086
:105A20000000000000000000000000000000000076
:105A30000000000000000000000000000000000066
:105A40000000000000000000000000000000000056
:105A50000000000000000000000000000000000046
:105A60000000000000000000000000000000000036
:105A70000000000000000000000000000000000026
:105A80000000000000000000000000000000000016
:105A90000000000000000000000000000000000006
:105AA00000000000000000000000000000000000F6
:105AB00000000000000000000000000000000000E6
:105AC00000000000000000000000000000000000D6
:105AD00000000000000000000000000000000000C6
:105AE00000000000000000000000000000000000B6
:105AF00000000000000000000000000000000000A6
:105B00000000000000000000000000000000000095
:105B10000000000000000000000000000000000085
:105B20000000000000000000000000000000000075
:105B30000000000000000000000000000000000065
:105B40000000000000000000000000000000000055
:105B50000000000000000000000000000000000045
:105B60000000000000000000000000000000000035
:105B70000000000000000000000000000000000025
:105B80000000000000000000000000000000000015
:105B90000000000000000000000000000000000005
:105BA00000000000000000000000000000000000F5
:105BB00000000000000000000000000000000000E5
:105BC00000000000000000000000000000000000D5
:105BD00000000000000000000000000000000000C5
:105BE00000000000000000000000000000000000B5
:105BF00000000000000000000000000000000000A5
:105C00000000000000000000000000000000000094
:105C10000000000000000000000000000000000084
:105C20000000000000000000000000000000000074
:105C30000000000000000000000000000000000064
:105C40000000000000000000000000000000000054
:105C50000000000000000000000000000000000044
:105C60000000000000000000000000000000000034
:105C70000000000000000000000000000000000024
:105C80000000000000000000000000000000000014
:105C90000000000000000000000000000000000004
:105CA00000000000000000000000000000000000F4
:105CB00000000000000000000000000000000000E4
:105CC00000000000000000000000000000000000D4
:105CD00000000000000000000000000000000000C4
:105CE00000000000000000000000000000000000B4
:105CF00000000000000000000000000000000000A4
:105D00000000000000000000000000000000000093
:105D10000000000000000000000000000000000083
:105D20000000000000000000000000000000000073
:105D30000000000000000000000000000000000063
:105D40000000000000000000000000000000000053
:105D50000000000000000000000000000000000043
:105D60000000000000000000000000000000000033
:105D70000000000000000000000000000000000023
:105D80000000000000000000000000000000000013
:105D90000000000000000000000000000000000003
:105DA00000000000000000000000000000000000F3
:105DB00000000000000000000000000000000000E3
:105DC00000000000000000000000000000000000D3
:105DD00000000000000000000000000000000000C3
:105DE00000000000000000000000000000000000B3
:105DF00000000000000000000000000000000000A3
:105E00000000000000000000000000000000000092
:105E10000000000000000000000000000000000082
:105E20000000000000000000000000000000000072
:105E30000000000000000000000000000000000062
:105E40000000000000000000000000000000000052
:105E50000000000000000000000000000000000042
:105E60000000000000000000000000000000000032
:105E70000000000000000000000000000000000022
:105E80000000000000000000000000000000000012
:105E90000000000000000000000000000000000002
:105EA00000000000000000000000000000000000F2
:105EB00000000000000000000000000000000000E2
:105EC00000000000000000000000000000000000D2
:105ED00000000000000000000000000000000000C2
:105EE00000000000000000000000000000000000B2
:105EF00000000000000000000000000000000000A2
:105F00000000000000000000000000000000000091
:105F10000000000000000000000000000000000081
:105F20000000000000000000000000000000000071
:105F30000000000000000000000000000000000061
:105F40000000000000000000000000000000000051
:105F50000000000000000000000000000000000041
:105F60000000000000000000000000000000000031
:105F70000000000000000000000000000000000021
:105F80000000000000000000000000000000000011
:105F90000000000000000000000000000000000001
:105FA00000000000000000000000000000000000F1
:105FB00000000000000000000000000000000000E1
:105FC00000000000000000000000000000000000D1
:105FD00000000000000000000000000000000000C1
:105FE00000000000000000000000000000000000B1
:105FF00000000000000000000000000000000000A1
:106000000000000000000000000000000000000090
:106010000000000000000000000000000000000080
:106020000000000000000000000000000000000070
:106030000000000000000000000000000000000060
:106040000000000000000000000000000000000050
:106050000000000000000000000000000000000040
:106060000000000000000000000000000000000030
:106070000000000000000000000000000000000020
:106080000000000000000000000000000000000010
:106090000000000000000000000000000000000000
:1060A00000000000000000000000000000000000F0
:1060B00000000000000000000000000000000000E0
:1060C00000000000000000000000000000000000D0
:1060D00000000000000000000000000000000000C0
:1060E00000000000000000000000000000000000B0
:1060F00000000000000000000000000000000000A0
:10610000000000000000000000000000000000008F
:10611000000000000000000000000000000000007F
:10612000000000000000000000000000000000006F
:10613000000000000000000000000000000000005F
:10614000000000000000000000000000000000004F
:10615000000000000000000000000000000000003F
:10616000000000000000000000000000000000002F
:10617000000000000000000000000000000000001F
:10618000000000000000000000000000000000000F
:1061900000000000000000000000000000000000FF
:1061A00000000000000000000000000000000000EF
:1061B00000000000000000000000000000000000DF
:1061C00000000000000000000000000000000000CF
:1061D00000000000000000000000000000000000BF
:1061E00000000000000000000000000000000000AF
:1061F000000000000000000000000000000000009F
:10620000000000000000000000000000000000008E
:10621000000000000000000000000000000000007E
:10622000000000000000000000000000000000006E
:10623000000000000000000000000000000000005E
:10624000000000000000000000000000000000004E
:10625000000000000000000000000000000000003E
:10626000000000000000000000000000000000002E
:10627000000000000000000000000000000000001E
:10628000000000000000000000000000000000000E
:1062900000000000000000000000000000000000FE
:1062A00000000000000000000000000000000000EE
:1062B00000000000000000000000000000000000DE
:1062C00000000000000000000000000000000000CE
:1062D00000000000000000000000000000000000BE
:1062E00000000000000000000000000000000000AE
:1062F000000000000000000000000000000000009E
:10630000000000000000000000000000000000008D
:10631000000000000000000000000000000000007D
:10632000000000000000000000000000000000006D
:10633000000000000000000000000000000000005D
:10634000000000000000000000000000000000004D
:10635000000000000000000000000000000000003D
:10636000000000000000000000000000000000002D
:10637000000000000000000000000000000000001D
:10638000000000000000000000000000000000000D
:1063900000000000000000000000000000000000FD
:1063A00000000000000000000000000000000000ED
:1063B00000000000000000000000000000000000DD
:1063C00000000000000000000000000000000000CD
:1063D00000000000000000000000000000000000BD
:1063E00000000000000000000000000000000000AD
:1063F000000000000000000000000000000000009D
:10640000000000000000000000000000000000008C
:10641000000000000000000000000000000000007C
:10642000000000000000000000000000000000006C
:10643000000000000000000000000000000000005C
:10644000000000000000000000000000000000004C
:10645000000000000000000000000000000000003C
:10646000000000000000000000000000000000002C
:10647000000000000000000000000000000000001C
:10648000000000000000000000000000000000000C
:1064900000000000000000000000000000000000FC
:1064A00000000000000000000000000000000000EC
:1064B00000000000000000000000000000000000DC
:1064C00000000000000000000000000000000000CC
:1064D00000000000000000000000000000000000BC
:1064E00000000000000000000000000000000000AC
:1064F000000000000000000000000000000000009C
:10650000000000000000000000000000000000008B
:10651000000000000000000000000000000000007B
:10652000000000000000000000000000000000006B
:10653000000000000000000000000000000000005B
:10654000000000000000000000000000000000004B
:10655000000000000000000000000000000000003B
:10656000000000000000000000000000000000002B
:10657000000000000000000000000000000000001B
:10658000000000000000000000000000000000000B
:1065900000000000000000000000000000000000FB
:1065A00000000000000000000000000000000000EB
:1065B00000000000000000000000000000000000DB
:1065C00000000000000000000000000000000000CB
:1065D00000000000000000000000000000000000BB
:1065E00000000000000000000000000000000000AB
:1065F000000000000000000000000000000000009B
:10660000000000000000000000000000000000008A
:10661000000000000000000000000000000000007A
:10662000000000000000000000000000000000006A
:10663000000000000000000000000000000000005A
:10664000000000000000000000000000000000004A
:10665000000000000000000000000000000000003A
:10666000000000000000000000000000000000002A
:10667000000000000000000000000000000000001A
:10668000000000000000000000000000000000000A
:1066900000000000000000000000000000000000FA
:1066A00000000000000000000000000000000000EA
:1066B00000000000000000000000000000000000DA
:1066C00000000000000000000000000000000000CA
:1066D00000000000000000000000000000000000BA
:1066E00000000000000000000000000000000000AA
:1066F000000000000000000000000000000000009A
:106700000000000000000000000000000000000089
:106710000000000000000000000000000000000079
:106720000000000000000000000000000000000069
:106730000000000000000000000000000000000059
:106740000000000000000000000000000000000049
:106750000000000000000000000000000000000039
:106760000000000000000000000000000000000029
:106770000000000000000000000000000000000019
:106780000000000000000000000000000000000009
:1067900000000000000000000000000000000000F9
:1067A00000000000000000000000000000000000E9
:1067B00000000000000000000000000000000000D9
:1067C00000000000000000000000000000000000C9
:1067D00000000000000000000000000000000000B9
:1067E00000000000000000000000000000000000A9
:1067F0000000000000000000000000000000000099
:106800000000000000000000000000000000000088
:106810000000000000000000000000000000000078
:106820000000000000000000000000000000000068
:106830000000000000000000000000000000000058
:106840000000000000000000000000000000000048
:106850000000000000000000000000000000000038
:106860000000000000000000000000000000000028
:106870000000000000000000000000000000000018
:106880000000000000000000000000000000000008
:1068900000000000000000000000000000000000F8
:1068A00000000000000000000000000000000000E8
:1068B00000000000000000000000000000000000D8
:1068C00000000000000000000000000000000000C8
:1068D00000000000000000000000000000000000B8
:1068E00000000000000000000000000000000000A8
:1068F0000000000000000000000000000000000098
:106900000000000000000000000000000000000087
:106910000000000000000000000000000000000077
:106920000000000000000000000000000000000067
:106930000000000000000000000000000000000057
:106940000000000000000000000000000000000047
:106950000000000000000000000000000000000037
:106960000000000000000000000000000000000027
:106970000000000000000000000000000000000017
:106980000000000000000000000000000000000007
:1069900000000000000000000000000000000000F7
:1069A00000000000000000000000000000000000E7
:1069B00000000000000000000000000000000000D7
:1069C00000000000000000000000000000000000C7
:1069D00000000000000000000000000000000000B7
:1069E00000000000000000000000000000000000A7
:1069F0000000000000000000000000000000000097
:106A00000000000000000000000000000000000086
:106A10000000000000000000000000000000000076
:106A20000000000000000000000000000000000066
:106A30000000000000000000000000000000000056
:106A40000000000000000000000000000000000046
:106A50000000000000000000000000000000000036
:106A60000000000000000000000000000000000026
:106A70000000000000000000000000000000000016
:106A80000000000000000000000000000000000006
:106A900000000000000000000000000000000000F6
:106AA00000000000000000000000000000000000E6
:106AB00000000000000000000000000000000000D6
:106AC00000000000000000000000000000000000C6
:106AD00000000000000000000000000000000000B6
:106AE00000000000000000000000000000000000A6
:106AF0000000000000000000000000000000000096
:106B00000000000000000000000000000000000085
:106B10000000000000000000000000000000000075
:106B20000000000000000000000000000000000065
:106B30000000000000000000000000000000000055
:106B40000000000000000000000000000000000045
:106B50000000000000000000000000000000000035
:106B60000000000000000000000000000000000025
:106B70000000000000000000000000000000000015
:106B80000000000000000000000000000000000005
:106B900000000000000000000000000000000000F5
:106BA00000000000000000000000000000000000E5
:106BB00000000000000000000000000000000000D5
:106BC00000000000000000000000000000000000C5
:106BD00000000000000000000000000000000000B5
:106BE00000000000000000000000000000000000A5
:106BF0000000000000000000000000000000000095
:106C00000000000000000000000000000000000084
:106C10000000000000000000000000000000000074
:106C20000000000000000000000000000000000064
:106C30000000000000000000000000000000000054
:106C40000000000000000000000000000000000044
:106C50000000000000000000000000000000000034
:106C60000000000000000000000000000000000024
:106C70000000000000000000000000000000000014
:106C80000000000000000000000000000000000004
:106C900000000000000000000000000000000000F4
:106CA00000000000000000000000000000000000E4
:106CB00000000000000000000000000000000000D4
:106CC00000000000000000000000000000000000C4
:106CD00000000000000000000000000000000000B4
:106CE00000000000000000000000000000000000A4
:106CF0000000000000000000000000000000000094
:106D00000000000000000000000000000000000083
:106D10000000000000000000000000000000000073
:106D20000000000000000000000000000000000063
:106D30000000000000000000000000000000000053
:106D40000000000000000000000000000000000043
:106D50000000000000000000000000000000000033
:106D60000000000000000000000000000000000023
:106D70000000000000000000000000000000000013
:106D80000000000000000000000000000000000003
:106D900000000000000000000000000000000000F3
:106DA00000000000000000000000000000000000E3
:106DB00000000000000000000000000000000000D3
:106DC00000000000000000000000000000000000C3
:106DD00000000000000000000000000000000000B3
:106DE00000000000000000000000000000000000A3
:106DF0000000000000000000000000000000000093
:106E00000000000000000000000000000000000082
:106E10000000000000000000000000000000000072
:106E20000000000000000000000000000000000062
:106E30000000000000000000000000000000000052
:106E40000000000000000000000000000000000042
:106E50000000000000000000000000000000000032
:106E60000000000000000000000000000000000022
:106E70000000000000000000000000000000000012
:106E80000000000000000000000000000000000002
:106E900000000000000000000000000000000000F2
:106EA00000000000000000000000000000000000E2
:106EB00000000000000000000000000000000000D2
:106EC00000000000000000000000000000000000C2
:106ED00000000000000000000000000000000000B2
:106EE00000000000000000000000000000000000A2
:106EF0000000000000000000000000000000000092
:106F00000000000000000000000000000000000081
:106F10000000000000000000000000000000000071
:106F20000000000000000000000000000000000061
:106F30000000000000000000000000000000000051
:106F40000000000000000000000000000000000041
:106F50000000000000000000000000000000000031
:106F60000000000000000000000000000000000021
:106F70000000000000000000000000000000000011
:106F80000000000000000000000000000000000001
:106F900000000000000000000000000000000000F1
:106FA00000000000000000000000000000000000E1
:106FB00000000000000000000000000000000000D1
:106FC00000000000000000000000000000000000C1
:106FD00000000000000000000000000000000000B1
:106FE00000000000000000000000000000000000A1
:106FF0000000000000000000000000000000000091
:107000000000000000000000000000000000000080
:107010000000000000000000000000000000000070
:107020000000000000000000000000000000000060
:107030000000000000000000000000000000000050
:107040000000000000000000000000000000000040
:107050000000000000000000000000000000000030
:107060000000000000000000000000000000000020
:107070000000000000000000000000000000000010
:107080000000000000000000000000000000000000
:1070900000000000000000000000000000000000F0
:1070A00000000000000000000000000000000000E0
:1070B00000000000000000000000000000000000D0
:1070C00000000000000000000000000000000000C0
:1070D00000000000000000000000000000000000B0
:1070E00000000000000000000000000000000000A0
:1070F0000000000000000000000000000000000090
:10710000000000000000000000000000000000007F
:10711000000000000000000000000000000000006F
:10712000000000000000000000000000000000005F
:10713000000000000000000000000000000000004F
:10714000000000000000000000000000000000003F
:10715000000000000000000000000000000000002F
:10716000000000000000000000000000000000001F
:10717000000000000000000000000000000000000F
:1071800000000000000000000000000000000000FF
:1071900000000000000000000000000000000000EF
:1071A00000000000000000000000000000000000DF
:1071B00000000000000000000000000000000000CF
:1071C00000000000000000000000000000000000BF
:1071D00000000000000000000000000000000000AF
:1071E000000000000000000000000000000000009F
:1071F000000000000000000000000000000000008F
:10720000000000000000000000000000000000007E
:10721000000000000000000000000000000000006E
:10722000000000000000000000000000000000005E
:10723000000000000000000000000000000000004E
:10724000000000000000000000000000000000003E
:10725000000000000000000000000000000000002E
:10726000000000000000000000000000000000001E
:10727000000000000000000000000000000000000E
:1072800000000000000000000000000000000000FE
:1072900000000000000000000000000000000000EE
:1072A00000000000000000000000000000000000DE
:1072B00000000000000000000000000000000000CE
:1072C00000000000000000000000000000000000BE
:1072D00000000000000000000000000000000000AE
:1072E000000000000000000000000000000000009E
:1072F000000000000000000000000000000000008E
:10730000000000000000000000000000000000007D
:10731000000000000000000000000000000000006D
:10732000000000000000000000000000000000005D
:10733000000000000000000000000000000000004D
:10734000000000000000000000000000000000003D
:10735000000000000000000000000000000000002D
:10736000000000000000000000000000000000001D
:10737000000000000000000000000000000000000D
:1073800000000000000000000000000000000000FD
:1073900000000000000000000000000000000000ED
:1073A00000000000000000000000000000000000DD
:1073B00000000000000000000000000000000000CD
:1073C00000000000000000000000000000000000BD
:1073D00000000000000000000000000000000000AD
:1073E000000000000000000000000000000000009D
:1073F000000000000000000000000000000000008D
:10740000000000000000000000000000000000007C
:10741000000000000000000000000000000000006C
:10742000000000000000000000000000000000005C
:10743000000000000000000000000000000000004C
:10744000000000000000000000000000000000003C
:10745000000000000000000000000000000000002C
:10746000000000000000000000000000000000001C
:10747000000000000000000000000000000000000C
:1074800000000000000000000000000000000000FC
:1074900000000000000000000000000000000000EC
:1074A00000000000000000000000000000000000DC
:1074B00000000000000000000000000000000000CC
:1074C00000000000000000000000000000000000BC
:1074D00000000000000000000000000000000000AC
:1074E000000000000000000000000000000000009C
:1074F000000000000000000000000000000000008C
:10750000000000000000000000000000000000007B
:10751000000000000000000000000000000000006B
:10752000000000000000000000000000000000005B
:10753000000000000000000000000000000000004B
:10754000000000000000000000000000000000003B
:10755000000000000000000000000000000000002B
:10756000000000000000000000000000000000001B
:10757000000000000000000000000000000000000B
:1075800000000000000000000000000000000000FB
:1075900000000000000000000000000000000000EB
:1075A00000000000000000000000000000000000DB
:1075B00000000000000000000000000000000000CB
:1075C00000000000000000000000000000000000BB
:1075D00000000000000000000000000000000000AB
:1075E000000000000000000000000000000000009B
:1075F000000000000000000000000000000000008B
:10760000000000000000000000000000000000007A
:10761000000000000000000000000000000000006A
:10762000000000000000000000000000000000005A
:10763000000000000000000000000000000000004A
:10764000000000000000000000000000000000003A
:10765000000000000000000000000000000000002A
:10766000000000000000000000000000000000001A
:10767000000000000000000000000000000000000A
:1076800000000000000000000000000000000000FA
:1076900000000000000000000000000000000000EA
:1076A00000000000000000000000000000000000DA
:1076B00000000000000000000000000000000000CA
:1076C00000000000000000000000000000000000BA
:1076D00000000000000000000000000000000000AA
:1076E000000000000000000000000000000000009A
:1076F000000000000000000000000000000000008A
:107700000000000000000000000000000000000079
:107710000000000000000000000000000000000069
:107720000000000000000000000000000000000059
:107730000000000000000000000000000000000049
:107740000000000000000000000000000000000039
:107750000000000000000000000000000000000029
:107760000000000000000000000000000000000019
:107770000000000000000000000000000000000009
:1077800000000000000000000000000000000000F9
:1077900000000000000000000000000000000000E9
:1077A00000000000000000000000000000000000D9
:1077B00000000000000000000000000000000000C9
:1077C00000000000000000000000000000000000B9
:1077D00000000000000000000000000000000000A9
:1077E0000000000000000000000000000000000099
:1077F0000000000000000000000000000000000089
:107800000000000000000000000000000000000078
:107810000000000000000000000000000000000068
:107820000000000000000000000000000000000058
:107830000000000000000000000000000000000048
:107840000000000000000000000000000000000038
:107850000000000000000000000000000000000028
:107860000000000000000000000000000000000018
:107870000000000000000000000000000000000008
:1078800000000000000000000000000000000000F8
:1078900000000000000000000000000000000000E8
:1078A00000000000000000000000000000000000D8
:1078B00000000000000000000000000000000000C8
:1078C00000000000000000000000000000000000B8
:1078D00000000000000000000000000000000000A8
:1078E0000000000000000000000000000000000098
:1078F0000000000000000000000000000000000088
:107900000000000000000000000000000000000077
:107910000000000000000000000000000000000067
:107920000000000000000000000000000000000057
:107930000000000000000000000000000000000047
:107940000000000000000000000000000000000037
:107950000000000000000000000000000000000027
:107960000000000000000000000000000000000017
:107970000000000000000000000000000000000007
:1079800000000000000000000000000000000000F7
:1079900000000000000000000000000000000000E7
:1079A00000000000000000000000000000000000D7
:1079B00000000000000000000000000000000000C7
:1079C00000000000000000000000000000000000B7
:1079D00000000000000000000000000000000000A7
:1079E0000000000000000000000000000000000097
:1079F0000000000000000000000000000000000087
:107A00000000000000000000000000000000000076
:107A10000000000000000000000000000000000066
:107A20000000000000000000000000000000000056
:107A30000000000000000000000000000000000046
:107A40000000000000000000000000000000000036
:107A50000000000000000000000000000000000026
:107A60000000000000000000000000000000000016
:107A70000000000000000000000000000000000006
:107A800000000000000000000000000000000000F6
:107A900000000000000000000000000000000000E6
:107AA00000000000000000000000000000000000D6
:107AB00000000000000000000000000000000000C6
:107AC00000000000000000000000000000000000B6
:107AD00000000000000000000000000000000000A6
:107AE0000000000000000000000000000000000096
:107AF0000000000000000000000000000000000086
:107B00000000000000000000000000000000000075
:107B10000000000000000000000000000000000065
:107B20000000000000000000000000000000000055
:107B30000000000000000000000000000000000045
:107B40000000000000000000000000000000000035
:107B50000000000000000000000000000000000025
:107B60000000000000000000000000000000000015
:107B70000000000000000000000000000000000005
:107B800000000000000000000000000000000000F5
:107B900000000000000000000000000000000000E5
:107BA00000000000000000000000000000000000D5
:107BB00000000000000000000000000000000000C5
:107BC00000000000000000000000000000000000B5
:107BD00000000000000000000000000000000000A5
:107BE0000000000000000000000000000000000095
:107BF0000000000000000000000000000000000085
:107C00000000000000000000000000000000000074
:107C10000000000000000000000000000000000064
:107C20000000000000000000000000000000000054
:107C30000000000000000000000000000000000044
:107C40000000000000000000000000000000000034
:107C50000000000000000000000000000000000024
:107C60000000000000000000000000000000000014
:107C70000000000000000000000000000000000004
:107C800000000000000000000000000000000000F4
:107C900000000000000000000000000000000000E4
:107CA00000000000000000000000000000000000D4
:107CB00000000000000000000000000000000000C4
:107CC00000000000000000000000000000000000B4
:107CD00000000000000000000000000000000000A4
:107CE0000000000000000000000000000000000094
:107CF0000000000000000000000000000000000084
:107D00000000000000000000000000000000000073
:107D10000000000000000000000000000000000063
:107D20000000000000000000000000000000000053
:107D30000000000000000000000000000000000043
:107D40000000000000000000000000000000000033
:107D50000000000000000000000000000000000023
:107D60000000000000000000000000000000000013
:107D70000000000000000000000000000000000003
:107D800000000000000000000000000000000000F3
:107D900000000000000000000000000000000000E3
:107DA00000000000000000000000000000000000D3
:107DB00000000000000000000000000000000000C3
:107DC00000000000000000000000000000000000B3
:107DD00000000000000000000000000000000000A3
:107DE0000000000000000000000000000000000093
:107DF0000000000000000000000000000000000083
:107E00000000000000000000000000000000000072
:107E10000000000000000000000000000000000062
:107E20000000000000000000000000000000000052
:107E30000000000000000000000000000000000042
:107E40000000000000000000000000000000000032
:107E50000000000000000000000000000000000022
:107E60000000000000000000000000000000000012
:107E70000000000000000000000000000000000002
:107E800000000000000000000000000000000000F2
:107E900000000000000000000000000000000000E2
:107EA00000000000000000000000000000000000D2
:107EB00000000000000000000000000000000000C2
:107EC00000000000000000000000000000000000B2
:107ED00000000000000000000000000000000000A2
:107EE0000000000000000000000000000000000092
:107EF0000000000000000000000000000000000082
:107F00000000000000000000000000000000000071
:107F10000000000000000000000000000000000061
:107F20000000000000000000000000000000000051
:107F30000000000000000000000000000000000041
:107F40000000000000000000000000000000000031
:107F50000000000000000000000000000000000021
:107F60000000000000000000000000000000000011
:107F70000000000000000000000000000000000001
:107F800000000000000000000000000000000000F1
:107F900000000000000000000000000000000000E1
:107FA00000000000000000000000000000000000D1
:107FB00000000000000000000000000000000000C1
:107FC00000000000000000000000000000000000B1
:107FD00000000000000000000000000000000000A1
:107FE0000000000000000000000000000000000091
:107FF0000000000000000000000000000000000081
:108000000000000000000000000000000000000070
:108010000000000000000000000000000000000060
:108020000000000000000000000000000000000050
:108030000000000000000000000000000000000040
:108040000000000000000000000000000000000030
:108050000000000000000000000000000000000020
:108060000000000000000000000000000000000010
:108070000000000000000000000000000000000000
:1080800000000000000000000000000000000000F0
:1080900000000000000000000000000000000000E0
:1080A00000000000000000000000000000000000D0
:1080B00000000000000000000000000000000000C0
:1080C00000000000000000000000000000000000B0
:1080D00000000000000000000000000000000000A0
:1080E0000000000000000000000000000000000090
:1080F0000000000000000000000000000000000080
:1081000006F0F15506F0F15506F0F15506F0F1557F
:10811000403C37393A38373536363C3B3A3A3B3CC7
:10812000314034332E3839383533323236363535FE
:1081300035353735363A35373736353332333233EE
:1081400034323334363A39393337353434343235DE
:1081500034333434353635333436333536353334D9
:1081600033333232323435333338393733343434CD
:10817000333331302F302F2F3030303031363334ED
:1081800031323131303131303132313331383733CE
:1081900031353331302F2F2E302F2F312F2F3030DC
:1081A00031312F3232302F2E2F2F2E2F302F2F2FD5
:1081B000313534313030302F2E2D2D302E2E302EC3
:1081C0002F2F302F2F2F2E2F2F2E2D2D2C2C2B2CD1
:1081D0002D2D2E2E303333312B2E2F2E2D2B2C2BBD
:1081E0002B2A2B2C2D2D2F2E2A2D2C2D2C2C2B2BCE
:1081F0002A292A292A2A2A2B2C302E2B2A2C2A29D2
:108200002A29282B2A2A292729282725292C292ADF
:108210002B282828282929282725292A28272B2BD5
:10822000282A2A2826272728282827272A2A2B29C8
:108230002829292A292827262726282625262929C4
:108240002A2D2929282928272726242526262727B5
:1082500028272828252727282826282624242524B7
:1082600027282728292C26262628262626252424A2
:1082700024232526252628252425242626262525AB
:10828000242424232525262728282525242523259D
:1082900025252323242223252425252422242323A2
:1082A000212424232222232122232423262624239B
:1082B0002223232424232221222121232223252295
:1082C0002021222122232221202222212223232392
:1082D000252522212122222222212020201E202188
:1082E0002122232220202122222222201F1F201F80
:1082F000202021222325211F20202020211F1F1F75
:108300001E1E1F1F1F2022201E1E1F1F1E1F1F1E7E
:108310001E1E1E1E1E1F202021221F1E1F1F1E206C
:108320001F1E1D1D1D1D1E1E1F1F211F1C1D1F1E6C
:108330001E1F1E1D1C1D1D1E1E1E1F2022211C1D5A
:108340001E1C1D1E1D1C1C1D1D1D1D1D1D1F201E58
:108350001C1C1D1D1C1D1C1C1C1C1C1D1C1D1E1E54
:108360001F1F1C1C1D1C1C1C1C1B1C1B1B1B1C1C4A
:108370001D1D1F1E1B1C1D1D1C1D1C1C1C1B1C1B36
:108380001C1C1E1E1F1D1C1B1B1B1A1B1C1C1B1B2D
:108390001B1C1E1D1D1F1E1D40111111111111113D
:1083A0001111111111111111104010101011111192
:1083B00010111010101010101011110F11111111B7
:1083C00011111110101010111110101011111111A4
:1083D000101111111111111111121111121212118A
:1083E0001011111111111111111110111111101180
:1083F0001111101111111111111110101010101074
:108400001010100F0F10101010101010101010106E
:10841000101010100F10101010111010101010105C
:1084200010101010100F1010100F101010100F0F50
:10843000101010100F0F101010111110101010103C
:108440001010101010100F0F100F10111010100F2F
:108450000F1010100F10100F0F0F10101011101020
:108460000F0F0F0F0F0F0F0F0F0F0F0F0F0F10101A
:108470000E0F0F0F0F0F0F0F0F0F0F0F0F0F0F0F0D
:108480000F100F0E0F0F0E0E0E0E0F0F0F0F0E0E02
:108490000F0F0E0D0E0E0E0F0E0E0E0F0E0F0F0EF7
:1084A0000E0D0F0F0E0D0E0F0E0F0E0E0E0E0E0FE9
:1084B0000F0E0E0E0F0F100F0E0E0F0E0E0E0E0ED5
:1084C000100F0F0E0E0E0F100F110E0F0E0E0E0EC0
:1084D0000F0F0E0F0E0E0F0F0F0F0F100E0E0E0EB2
:1084E0000E0E0F0F0F0F0E0E0F0F0F0F10100E0EA0
:1084F0000E0E0E0E0F0F0E100E0E0E0F0F0F0F0F93
:108500000D0E0E0E0E0E0E0E0F100E0E0E0F0F0F86
:10851000100F0E0E0E0E0D0E0E0F0F0E0E0E0E0F76
:108520000E0F0F0E0D0D0E0D0D0E0E0E0F0F0E0D6C
:108530000E0E0E0E0F0F0D0E0E0D0D0E0E0E0E0F5B
:108540000E0D0E0E0E0F0F0E0D0E0E0D0D0E0D0E4E
:108550000F0F0E0D0E0E0E0F0F0F0D0E0D0D0D0D3C
:108560000E0D0E0F0E0D0E0E0E0E0F0E0D0D0D0D2F
:108570000D0D0E0E0E0F0E0E0E0E0E0F0F0F0D0E1A
:108580000D0D0E0E0E0E0F0F0E0D0E0E0E0E0E0E0C
:108590000D0D0D0D0C0D0D0D0E0F0E0D0E0E0E0E04
:1085A0000F0F0D0D0D0D0D0D0D0D0E0F0E0D0E0EF1
:1085B0000E0E0E0E0C0D0E0D0D0D0D0D0E0F0E0EE2
:1085C0000E0E0E0F0F0F0C0D0D0C0D0D0D0D0E10D0
:1085D0000F0F0F0F0F100F0F0D0D0D0D0D0D0D0EB9
:1085E0000F0F0E0E0E0E0E0F0E0F0E0E0D0D0D0EAA
:1085F0000E0E0F0F0E0D0E0E0E0E0E0E0E0D0D0E9C
:108600000E0E0E0F0F100F0F0F0F0F0F0E0E0D0D82
:108610000D0D0C0D0D0D0F12100F0F0F0E0F0E0E76
:108620004012111212121212121212121211111100
:1086300010401211111212121212121111111211F4
:108640001112111012121212121211111111111114
:108650001211111112121111111211111111111205
:1086600012111212121212111112111211121212EF
:1086700012121212121211121112121212121213DB
:1086800011121212101111111211101111121111D7
:1086900011111111111311121212111110121212C3
:1086A00011121111111112111212111111111111B6
:1086B00011111111111111111112121211111111A7
:1086C0001011121111111111111111111212111198
:1086D000111111111111111111101011101011118E
:1086E000111111111111121111111011101011107D
:1086F0001110101011111111101110101010101074
:108700001110101010101010101111101010100F67
:10871000101011111010100F11100F0E1011101059
:10872000100F101010101010100F10110F0E11114B
:108730001010101010101010101010101111111036
:108740001010111110101010111110101010121122
:108750001110101010101010111111111110111111
:1087600011111210101010101010111112111110FF
:1087700011111211111110101010101011111112ED
:10878000101011111111100F1010101010101011E5
:108790001112111011111112110F101010100F10D1
:1087A00010101110100F10101110100F0F10100FCB
:1087B0000E1010101111110F1010101011101010B8
:1087C0000F0F0F1010101111101010101010110FAA
:1087D000100F100F0F101010111211101010101098
:1087E0001010100F0F0F0F1010101111100F10108C
:1087F0001010100F0F0F0F0F0F101010111211107B
:10880000101010101010100F0F0F10101010121267
:10881000101010101010100F0F0F0F0F0E0F0F0F62
:108820001011101010101010100F0F0F0F0F0F0F4E
:108830000F0F1011100F100F0F10100F0E0F0F0E43
:108840000E0F0F0F1012111011111010100F0E0F2C
:108850000F0E0E0F0F0F1012121111121110101017
:108860000E0E0E0E0E0F0F0F10111110100F100F15
:108870000F0F0F0F0E0F0F0F10101112110F1010FE
:108880000F0F0F0E100E0F0F0E0F100F11131211EE
:1088900012111110100F0E0E0E0E0E0E0F0F1112E0
:1088A0001211111110100F0E401312121212121287
:1088B000121212121111111211401312121312126C
:1088C0001212121212121212121213121313121285
:1088D000121211111112111212111112131313127B
:1088E000121212121211111212121011121213136B
:1088F0001313121212131212121212121111111258
:10890000121213121112121212121111111110104F
:108910001011121211121111111211111212111142
:108920001010101212131211121212121111111131
:108930001112101010121212111211111111111125
:108940001111101111101011121312111111111116
:108950001111111010101110101113131211111107
:1089600011111111101010101010101112121212FA
:1089700011111111111111101011101010111212EA
:10898000101111111111111111101011100F1010DF
:10899000121310101111100F101010101011100FD1
:1089A00010101010111110101010101010101010C5
:1089B0000F0E1011100F1212111010100F101010B6
:1089C00010100F0F1111121210101111101011119F
:1089D000121110100F0F111112121010111111108D
:1089E000111111111010101010111112111111117B
:1089F0001110121211101010101010101213121169
:108A00001111111112121111101010101011141156
:108A1000111111111111111111111010101010114B
:108A2000121111111010101111111210100F10103D
:108A300010111111111111100F111111111110102C
:108A4000101010111211111110101011111111111B
:108A5000100F101010111210101010101011111111
:108A60001211100F101010111111111010101011FF
:108A700011111111100F10101011111010101010F1
:108A800010101111121110101010101111111010DE
:108A900010101011121112111010101010111110CD
:108AA0000F0F1010101010101111101010101011C5
:108AB00011100F0F0F0F0F10100F101110100F10BB
:108AC000100F10100F0F100F0F0F0F0F10111010AD
:108AD0001011101011100F0F0F0E0F100F0F10129A
:108AE00011111111111011100F0F100F0F0F0F0F87
:108AF0001011101010101110101010100F10101075
:108B000010111111100F1010100F1011110F100F64
:108B100010101011111212111111111110100F0F4C
:108B20000F0F0F0F10101215131212121111100F38
:108B300005020101F401D00700000000240210002A
:108B400001062972000000003A1551114733000058
:108B5000EB1E00000C1F00002D1F00004E1F000028
:108B60006F1F000000000000000000001B03000059
:108B70002088410AE6A00400000000000000000078
:108B800000000000002800002020202020202020BD
:108B90002020000000000000010000000000000094
:108BA000000000000000000000000000D21F3E2076
:108BB0006A20302105224E21F621F52200B8C30794
:108BC000D638000000000000000010055805A00580
:108BD000E80500001040040D0F0B0D0D10000E11E4
:108BE000A5BB031F7EF80F00130F130F0F430F4396
:108BF0001B0300000A00000000000000000000004D
:108C0000000000000000000000040000030000005D
:108C10000000000000000000000000000200000052
:108C20000000000000000000000000000000000044
:108C3000D21F3E206A20302105224E21F621F52246
:108C400000B8C307D6380000000000000000000094
:108C500048009000D80000001040040D0F0B0D0DCF
:108C600010000E11A5BB031F7EF80F00130F130F8A
:108C70000F430F431B0300002088410AE6A00400B5
:108C800000000000000000000000000000280000BC
:108C9000272727272727272727270000000000004E
:108CA00063666666660000000000000000000000C9
:108CB00000000000D21F3E206A20302105224E21F4
:108CC000F621F52200B8C307D638000000000000E6
:108CD000000010055805A005E80500001040040D2F
:108CE0000F0B0D0D10000E11A5BB031F7EF80F001A
:108CF000130F130F0F430F431B0300008B35F72097
:108D00000000000000000000000000000000000063
:108D100000180000202020000000000000000000DB
:108D20000000000011111100000000000000000010
:108D30000000000000000000D21F3E206A20302109
:108D400005224E21F621F52200B8C307D6380000CF
:108D5000000000000000000048009000D800000063
:108D60001040040D0F0B0D0D10000E11A5BB031FBD
:108D70007EF80F00130F130F0F430F431B03000068
:108D80008B35F7200A000000000000000000000002
:108D900000000000001C000027272703000000003F
:108DA0000000000000000000333333020000000028
:108DB000000000000000000000000000D21F3E2064
:108DC0006A20302105224E21F621F52200B8C30782
:108DD000D6380000000000000000000048009000AD
:108DE000D80000001040040D0F0B0D0D10000E11E7
:108DF000A5BB031F7EF80F00130F130F0F430F4384
:108E00000000000000000000000000000000000062
:108E10000000000000000000000000000000000052
:108E20000000000000000000000000000000000042
:108E30000000000000000000000000000000000032
:108E40000000000000000000000000000000000022
:108E50000000000000000000000000000000000012
:108E60000000000000000000000000000000000002
:108E700000000000000000000000000000000000F2
:108E800000000000000000000000000000000000E2
:108E900000000000000000000000000000000000D2
:108EA00000000000000000000000000000000000C2
:108EB00000000000000000000000000000000000B2
:108EC00000000000000000000000000000000000A2
:108ED0000000000000000000000000000000000092
:108EE0000000000000000000000000000000000082
:108EF0000000000000000000000000000000000072
:108F0000000000000000000000000000090901004E
:108F10000128000000D8030012000000A51D020077
:108F200000000000000003020228000000D8030037
:108F300011000000A61D0000000000000101030256
:108F40000328000000D8030010000100A71D000046
:108F500000000000020203030428000000D8030000
:108F60000F000200A81D0000000000000303030220
:108F70000528000000D803000E000300A91D000012
:108F800000000000040403020628000000D80300CB
:108F90000D000400AA1D00000000000005050302EA
:108FA0000728000000D803000C000500AB1D0000DE
:108FB00000000000060603020828000000D8030095
:108FC0000B000600AC1D00000000000007070302B4
:108FD0000928000000D803000A000700AD1D0000AA
:108FE00000000000080803020A28000000D803005F
:108FF00009000800AE1D0000000000000A09010081
:109000000028000000D8030092148014A51D000061
:1090100000000000090901000028000000D803003A
:1090200012000000A51D0200000000000909010057
:109030000028000000D80300A2009000A61D020036
:1090400000000000090901000028000000D803000A
:1090500032012001A71D02000000000009090100E3
:109060000028000000D80300C201B001A81D0200C2
:1090700000000000090901000028000000D80300DA
:1090800052024002A91D020000000000090901006F
:109090000028000000D80300E202D002AA1D02004E
:1090A00000000000090901000028000000D80300AA
:1090B00080149214000002000F00000005B40500A7
:1090C0005D4C1B00610000000C0000000500040066
:1090D0001529000060000000000000000D004000A5
:1090E000152900001E000000030000000DFC4300D5
:1090F000FFFE1B001F000000000000000DFC4300ED
:10910000FFFE1B001F000000030000000DB4410023
:109110005D4C1B001F000000000000000DB441006A
:109120005D4C1B001F0000000F00000001B4050093
:109130005D4C1B00E10001000C0000000100040078
:1091400015290000E0000100000000000D004000B3
:10915000152900001E0000000F00000005FC07009C
:10916000FFFE1B00610000001D1E1E1E1E1D1D1C9B
:109170001D1D1E1D1D1E1D1E1D1D1D1D1E1D1D1D1B
:109180001D1E1E1D1D1E1C1C1E1D1D1D1E1D1D1E0B
:109190001D1D1D1E1D1D1E1E1E1E1E1E1D1D1D1DF8
:1091A0001D1D1C1E1D1E1D1E1D1D1D1F1D1D1D1DEB
:1091B0001D1D1D1E1D1D1D1C1D1D1D1D1C1D1D1DE0
:1091C0001D1D1D1D1D1D1D1D1D1E1D1D1D1E1C1CCF
:1091D0001E1D1D1D1D1D1C1D1D1D1D1E1D1D1D1DBE
:1091E0001D1D1D1D1D1D1D1D1D1D1C1D1D1E1C1DB0
:1091F0001D1C1D1E1D1C1D1C1D1E1D1E1E1D1D1C9F
:109200001D1D1D1D1C1D1D1D1D1D1D1D1D1D1D1D8F
:109210001D1E1D1D1D1E1C1C1E1D1D1D1D1D1C1D7E
:109220001D1D1D1D1D1D1D1D1D1D1D1D1D1D1D1D6E
:109230001C1D1C1D1D1E1C1D1D1C1D1E1D1B1D1C63
:109240001D1D1D1E1E1D1D1C1D1D1D1D1C1D1D1D4E
:109250001D1D1C1D1D1D1D1D1D1E1D1D1D1E1C1C3F
:109260001E1D1D1D1D1D1C1D1D1D1D1E1D1D1D1D2D
:109270001D1D1D1D1D1D1D1D1D1D1C1D1D1E1C1D1F
:109280001D1C1D1E1D1B1D1D1D1E1D1E1D1D1D1C0F
:109290001D1D1D1D1C1D1D1D1D1D1C1D1D1D1D1D00
:1092A0001D1E1D1D1D1D1C1C1E1D1D1D1E1D1C1DEE
:1092B0001D1D1C1D1D1D1D1D1D1D1D1D1D1D1D1DDF
:1092C0001C1D1C1D1D1E1C1D1D1C1D1E1D1B1D1DD2
:1092D0001D1E1E1E1E1D1D1C1D1D1E1D1C1D1D1DBB
:1092E0001D1D1C1D1D1D1D1D1D1E1D1D1D1E1C1CAF
:1092F0001E1D1C1D1D1D1C1D1D1D1D1E1D1D1D1D9E
:109300001D1D1D1D1D1D1D1D1C1D1C1D1D1E1C1D8F
:109310001D1C1D1E1D1C1D1D1D1E1D1E1E1D1D1C7C
:109320001D1D1D1D1C1D1D1D1D1D1D1D1D1D1D1D6E
:109330001D1E1D1D1D1E1C1C1E1D1D1D1D1D1C1D5D
:109340001D1D1D1E1D1D1D1D1D1D1D1D1D1D1D1D4C
:109350001C1D1C1D1D1E1C1D1D1C1D1E1D1C1D1D40
:109360001E1E1D1E1E1D1D1C1D1D1D1D1D1D1D1D2A
:109370001D1D1D1D1E1D1D1D1D1E1D1D1D1E1C1C1C
:109380001E1D1D1D1E1D1D1D1D1D1D1E1D1D1E1D09
:109390001E1D1E1D1D1D1D1D1D1D1C1D1D1E1D1DFB
:1093A0001D1C1E1E1D1C1E1D1F1F1E1E1F1E1E1CE3
:1093B0001E1E1E1D1E1E1E1E1E1E1E1E1F1D1E1DCF
:1093C0001E1E1E1D1E1F1D1D1F1E1E1E1F1E1E1EBD
:1093D0001E1E1E1F1E1D1E1E1E1E1F1E1E1D1E1EAD
:1093E0001E1E1D1F1E1E1E1F1D1C1F1F1D1C1F1E9F
:1093F000000000000000000000000000000000006D
:10940000000000000000000000000000000000005C
:10941000000000000000000000000000000000004C
:10942000000000000000000000000000000000003C
:10943000000000000000000000000000000000002C
:10944000000000000000000000000000000000001C
:10945000000000000000000000000000000000000C
:1094600000000000000000000000000000000000FC
:1094700000000000000000000000000000000000EC
:10948000B66DB66DB605B60500000000B66DB66DDA
:10949000B60CB60C00000000B66DB66D960D960DBC
:1094A00000000000B66DB66DB20DB20D00000000F8
:1094B000B62DB62DB60DB60D00000000B665B6652A
:1094C000B60DB60D00000000B66CB66CB60DB60D4C
:1094D00000000000966D966DB60DB60D0000000000
:1094E000B26DB26DB60DB60D00000000922492244C
:1094F000920492040000000001100000000000002F
:1095000000000000FFFF3DDB38D4FC020200FF003A
:109510006C768A94DB060000040C0000B803570048
:1095200036EC0802010000005603EC00477EEC1404
:10953000FFFF00801C840C570380BBBB80442200CB
:109540006415641588398A3935003500011000002A
:109550000000000000000000FFFF3DDB38D4FC02EB
:109560000200FF006C768A94DB060000040C000009
:10957000B803570036EC0802410002005603EC0025
:10958000477EEC14FFFF00801C840C17E38EBBBBEE
:10959000805522006415641588398A3935003500F4
:1095A00001040000000000000000000000000000B6
:1095B000000000020200FF006C768A94DB060000C7
:1095C000040C0000B803570036EC0802010000004C
:1095D0005603EC00477EEC14FFFF00801C040C5780
:1095E0000380BBBB804522006415641588398A3925
:1095F00035003500AE0402000102030412F54CFDF3
:10960000FD2ABA94CF0304021E0600036C768A94E6
:10961000DB060000014500004013000000EC0802DA
:10962000410002000000EC00477EEC14FFFF0080C8
:109630001C5C11970080BBBB0057220064D164D131
:1096400088198A1935003500AE04020001010101B4
:1096500012F54CFDFD2ABA94CF030402020000006B
:109660006C768A94DB060000014500004013000080
:1096700000EC0802410002000000EC0087792F286E
:10968000FFFF00801C8C11BF0080BBBB0046220086
:1096900064D164D188398A3935003500AE040200BE
:1096A0000202020212F54CFDFD2ABA94CF03040215
:1096B000020600006C768A94DB060000014500007B
:1096C0004013000000EC0802410002000000EC0022
:1096D000EC7DF616FFFF00801C5C11BF0080BBBB59
:1096E0000046220064D164D188398A3935003500BA
:1096F000AE0402000303030312F54CFDFD2ABA94E5
:10970000CF030402020600006C768A94DB06000098
:10971000014500004013000000EC08024100020077
:109720000000EC00A07EB012FFFF00801C5C11BFA7
:109730000080BBBB0046220064D164D188398A39DD
:1097400035003500AE0402000404040412F54CFD9B
:10975000FD2ABA94CF030402020600006C768A94B4
:10976000DB060000014500004013000000EC080289
:10977000410002000000EC00D37E4A11FFFF008090
:109780001C5C11BF0080BBBB0046220064D164D1C9
:1097900088398A393500350000005D3F0000DA471E
:1097A000C0CED0C70000933D000090FB100D000814
:1097B0000000FD1900004449D0CFC0C50000B067CB
:1097C00000009452100F00040000AB7D0000060161
:1097D000100F00040004200003105000061C80003D
:1097E0000928B0000C34E0000F401001124C400179
:1097F000155870011864A0011B70D0011E7C000276
:109800002188300235D0300332C400032FB8D00293
:109810002CACA00229A070022694400223881002DA
:10982000207CE0011D70B0011A64800117585001BE
:10983000144C2001004840023620A1056CF80109B3
:10984000A2D0620CD8A8C30F0E81241344598516E8
:109850007A31E619B009471DE6E1A7201CBA0824B1
:10986000529269277692292540BAC8210AE2671EDA
:10987000D409071B9E31A617685945143281E4109C
:10988000FCA8830DC6D0220A90F8C1065A206103B5
:109890002448000086D2292650FAC8221A22681FBE
:1098A000E449071CAE71A6187899451542C1E41128
:1098B0000CE9830ED610230BA038C2076A6061043E
:1098C000348800017796392541BED8210BE6771EF2
:1098D000D50D171B9F35B617695D55143385F410E8
:1098E000FDAC930DC7D4320A91FCD1065B24710301
:1098F000254C100085CE19264FF6B822191E581F88
:10990000E345F71BAD6D96187795351541BDD4111C
:109910000BE5730ED50C130B9F34B207695C510431
:109920003384F000789A492542C2E8210CEA871E68
:10993000D611271BA039C6176A6165143489041132
:10994000FEB0A30DC8D8420A9200E2065C2881034B
:109950002650200084CA09264EF2A822181A481F51
:10996000E241E71BAC6986187691251540B9C41110
:109970000AE1630ED408030B9E30A2076858410425
:109980003280E000799E592543C6F8210DEE971EDE
:10999000D715371BA13DD6176B657514358D14117E
:1099A000FFB4B30DC9DC520A9304F2065D2C910397
:1099B0002754300083C6F9E54DEE98E21716381F9C
:1099C000E13DD71BAB6576D8758D15153FB5B41144
:1099D00009DD530ED304F30A9D2C9207675431041A
:1099E000317CD0007AA2692544CA08220EF2A71E53
:1099F000D819471BA241E6176C69851436912411CA
:109A000000B9C30DCAE0620A940802075E30A103E0
:109A10002858400082C2E9254CEA88221612281FE5
:109A2000E039C71BAA616618748905153EB1A411F7
:109A300008D9430ED200E30A9C288207665021040D
:109A40003078C0007BA6792545CE18220FF6B71EC8
:109A5000D91D571BA345F6176D6D95143795341115
:109A600001BDD30DCBE4720A950C12075F34B1032C
:109A7000295C500081BED9254BE67822150E181FAF
:109A8000DF35B71BA95D56187385F5143DAD9411EC
:109A900007D5330ED1FCD20A9B247207654C110402
:109AA0002F74B0007CAA892546D2282210FAC71E3E
:109AB000DA21671BA44906186E71A5143899441160
:109AC00002C1E30DCCE8820A961022076038C10378
:109AD0002A60600080BAC9254AE26822140A081F79
:109AE000DE31A71BA85946187281E5143CA98411E0
:109AF00006D1230ED0F8C20A9A20620764480104F6
:109B00002E70A0007DAE992547D6382211FED71EB3
:109B1000DB25771BA54D16186F75B514399D5411AB
:109B200003C5F30DCDEC920A97143207613CD103C3
:109B30002B6470007FB6B92549DE58221306F81E43
:109B4000DD2D971BA7553618717DD5143BA57411D3
:109B500005CD130ECFF4B20A991C52076344F103EA
:109B60002D6C90007EB2A92548DA48221202E81E28
:109B7000DC29871BA65126187079C5143AA16411F7
:109B800004C9030ECEF0A20A981842076240E1030E
:109B90002C688000000000000000000000000000B1
:109BA00000000000000000000000000000000000B5
:109BB00000000000000000000000000000000000A5
:109BC0000000000000000000000000000000000095
:109BD0000000000000000000000000000000000085
:109BE0000000000000000000000000000000000075
:109BF0000000000000000000000000000000000065
:109C00000000000000000000000000000000000054
:109C10000000000000000000000000000000000044
:109C20000000000000000000000000000000000034
:109C30000000000000000000000000000000000024
:109C40000000000000000000000000000000000014
:109C50000000000000000000000000000000000004
:109C600000000000000000000000000000000000F4
:109C700000000000000000000000000000000000E4
:109C800000000000000000000000000000000000D4
:109C900000000000000000000000000000000000C4
:109CA00000000000000000000000000000000000B4
:109CB00000000000000000000000000000000000A4
:109CC0000000000000000000000000000000000094
:109CD0000000000000000000000000000000000084
:109CE0000000000000000000000000000000000074
:109CF0000000000000000000000000000000000064
:109D00000000000000000000000000000000000053
:109D10000000000000000000000000000000000043
:109D20000000000000000000000000000000000033
:109D30000000000000000000000000000000000023
:109D40000000000000000000000000000000000013
:109D50000000000000000000000000000000000003
:109D600000000000000000000000000000000000F3
:109D700000000000000000000000000000000000E3
:109D800000000000000000000000000000000000D3
:109D900000000000000000000000000000000000C3
:109DA00000000000000000000000000000000000B3
:109DB00000000000000000000000000000000000A3
:109DC0000000000000000000000000000000000093
:109DD0000000000000000000000000000000000083
:109DE0000000000000000000000000000000000073
:109DF0000000000000000000000000000000000063
:109E00000000000000000000000000000000000052
:109E10000000000000000000000000000000000042
:109E20000000000000000000000000000000000032
:109E30000000000000000000000000000000000022
:109E40000000000000000000000000000000000012
:109E50000000000000000000000000000000000002
:109E600000000000000000000000000000000000F2
:109E700000000000000000000000000000000000E2
:109E800000000000000000000000000000000000D2
:109E900000000000000000000000000000000000C2
:109EA00000000000000000000000000000000000B2
:109EB00000000000000000000000000000000000A2
:109EC0000000000000000000000000000000000092
:109ED0000000000000000000000000000000000082
:109EE0000000000000000000000000000000000072
:109EF0000000000000000000000000000000000062
:109F00000000000000000000000000000000000051
:109F10000000000000000000000000000000000041
:109F20000000000000000000000000000000000031
:109F3000F40B1224380424090E0A00010101021254
:109F40002400380424090000040C01010000000072
:109F50000000297200000000000000000009010A52
:109F600000013C4188020000281E200000101C0057
:109F700000101C0000101C0000101C0000101C0031
:109F800000101C0000101C0000101C0000001C0031
:109F900000101C0000101C0000101C0000001C0021
:109FA00000101C0000101C0000101C00000000002D
:109FB000000101000000000000000000000000009F
:109FC000000000000000000000000100010101008D
:109FD0000001010101000101010100010000010077
:109FE00001000001000000000F0000000107010354
:109FF000020314000A0A4000000046003C00000072
:10A000000000000000000000000000000000000050
:10A010000000000000000000C800C8009600960084
:10A020000707800080000505000000000000000018
:10A0300006010000E5FF0000F6FF1E005A00F1FFD8
:10A04000F9FFECFFFF7FFF7FFF7FFF7F50002C01B8
:10A0500050004B000A04B4B4323223050000000063
:10A0600000070D0000240D00000000122424242409
:10A0700024242424242424242424242424240000E8
:10A0800000000000000000000000000000000000D0
:10A090000A05000A00000000170F0012101200004D
:10A0A00000000000000000000000000000000000B0
:10A0B000000000000F23283C465000006E696664D3
:10A0C0005050505008000000000000000F23283CB2
:10A0D000465000006E696664505050500F141E28A0
:10A0E000000000000A0A0A0A0A0A0A0A192D414653
:10A0F00000000000554B413C3C3C3C3C0000000053
:10A1000003031400C800F1FF21001E001B00BC0265
:10A1100000000000F8FF000050003200C0002800DE
:10A120000F000F0068012C01F401F8020000370451
:10A1300000002309F4010000370400002309321451
:10A14000021E1E3202009600130022001E001A0496
:10A150001E00060900000000380430002000010045
:10A16000220000003A00520070008F00AF00CF00C4
:10A17000EF000F012E014F016E018E01AD01CE01E6
:10A18000EC010F022D024D026D028D02AC02CC02D9
:10A19000EB020B032B034A036A038903AA03C903D7
:10A1A000E703FF0337040000000000000000000088
:10A1B000000000000000000000000000000000009F
:10A1C000000000000000000000000000000000008F
:10A1D000000000000000000000000000000000007F
:10A1E000000000000000000000000000000000006F
:10A1F000000000000000000000000000000000005F
:10A20000000000000000000000000000000000004E
:10A21000000000000000000000000000000000003E
:10A22000000000000000000000002409300046008B
:10A230000100480000003C00430066008500A900C2
:10A24000C800E90009012A0149016B018901AB013C
:10A25000C901EB0109022B024A026C028A02AC021C
:10A26000CA02EC020B032D034B036D038B03AE03F9
:10A27000CB03EE030C042F044C046F048B04AF04D7
:10A28000CC04EF040D0530054D0570058D05B005B6
:10A29000CD05F1050D0630064E0672068E06B10696
:10A2A000CE06F2060F073207500773079007B30771
:10A2B000D107F40711083408520875089108B1084D
:10A2C000C608E708000000000000000000000000D1
:10A2D000000000000000000000000000000000007E
:10A2E000000000000000000000000000000000006E
:10A2F000000000000000000000000000000000005E
:10A300000201050019450000F16C000084D9060027
:10A3100029B1010010270000C40900000101020357
:10A320000300000000000505050505000000000011
:10A33000014B0F008C000000000000000101010231
:10A3400003030000000000050505050500000000EE
:10A3500000000000194500000400000024F4000083
:10A360000000000014140A0A0800000000000000A9
:10A370001414181801010101010040003200E80323
:10A380000F000800C400190000005A000F00140F4D
:10A39000141E8C00B400146414005000000000006F
:10A3A000141E8C00B40014641400500028A03C005B
:10A3B0009001146428009600000000014101000093
:10A3C0000000000078000D0D0E0C32003200640019
:10A3D0000A003200020064002C010F02E8E8F800D5
:10A3E000F8000200410000006A00750081008E0044
:10A3F0009D00AC00BD00CF00E200F7000D0126017A
:10A4000040015C0179019901BC01E00106023002C2
:10A410005B028902BA02EE0224035D039A03D903A8
:10A420001B046004A904F40443059505E9054106ED
:10A430009C06FA065B07BE0724088D08F808650924
:10A44000D409450AB80A2D0BA20B190C900C080D63
:10A45000800DF80D6F0EE60E5C0FD00F4210B3109A
:10A4600021118C11F4115912BA1217137013C4135D
:10A4700013145D14A114E01418154B1577159C15D1
:10A48000BB15D415E515EF15F3156A0075008100AD
:10A490008E009D00AC00BD00CF00E200F7000D0172
:10A4A000260140015C0179019901BC01E00106022D
:10A4B00030025B028902BA02EE0224035D039A03B2
:10A4C000D9031B046004A904F40443059505E905B8
:10A4D00041069C06FA065B07BE0724088D08F808AB
:10A4E0006509D409450AB80A2D0BA20B190C900C6A
:10A4F000080D800DF80D6F0EE60E5C0FD00F4210A8
:10A50000B31021118C11F4115912BA1217137013D0
:10A51000C41313145D14A114E01418154B1577150A
:10A520009C15BB15D415E515EF15F315A500B30063
:10A53000C300D400E700FA000F0126013E015701D5
:10A5400072018F01AE01CF01F10116023C026502DA
:10A550009002BD02ED021E0352038903C203FE03F3
:10A560003C047C04BF0405054D059805E50535064A
:10A570008706DB0632078A07E5074208A1080109BA
:10A580006309C7092C0A920AF90A600BC80B310C3F
:10A590009A0C020D6B0DD20D390E9F0E040F670F32
:10A5A000C80F27108410DE1035118911DA11281216
:10A5B0007112B712F81235136D13A013CF13F813DD
:10A5C0001C143B145414681476147E1481149800DF
:10A5D000A600B500C500D700EA00FE0013012B015C
:10A5E00043015E017A019801B701D901FD01220200
:10A5F0004A027502A102D002010335036B03A403D2
:10A60000DF031D045D04A004E6042E057905C705DB
:10A6100017066A06BF0616077007CC072B088B08BB
:10A62000ED085109B6091D0A850AEF0A590BC40B3A
:10A630002F0C9A0C060D710DDC0D460EAF0E170F88
:10A640007D0FE10F4310A31001115B11B21106122F
:10A650005612A212EB122E136D13A813DD130D1454
:10A6600038145E147E149814AD14BB14C414C714AB
:10A670005500550045004200000000008C00BE005F
:10A68000F0003200050000000000000000000000A3
:10A6900000000000000000000000000000000000BA
:10A6A00000000000000000000000000000000000AA
:10A6B000000000000000000000000000000000009A
:10A6C000000000000000000000000000000000008A
:10A6D000000000000000000000000000000000007A
:10A6E000000000000000000000000000000000006A
:10A6F000000000000000000000000000000000005A
:10A700000000000000000000000000000000000049
:10A710000000000000000000000000000000000039
:10A720000000000000000000000000000000000029
:10A730000000000000000000000000000000000019
:10A740000000000000000000000000000000000009
:10A7500000000000000000000000000000000000F9
:10A7600000000000000000000000000000000000E9
:10A7700000000000000000000000000000000000D9
:10A7800000000000000000000000000000000000C9
:10A7900000000000000000000000000000000000B9
:10A7A00000000000000000000000000000000000A9
:10A7B0000000000000000000000000000000000099
:10A7C0000000000000000000000000000000000089
:10A7D0000000000000000000000000000000000079
:10A7E0000000000000000000000000000000000069
:10A7F0000000000000000000000000000000000059
:10A800000000000000000000000000000000000048
:10A810000000000000000000000000000000000038
:10A820000000000000000000000000000000000028
:10A830000000000000000000000000000000000018
:10A840000000000000000000000000000000000008
:10A8500000000000000000000000000000000000F8
:10A8600000000000000000000000000000000000E8
:10A8700000000000000000000000000000000000D8
:10A8800000000000000000000000000000000000C8
:10A8900000000000000000000000000000000000B8
:10A8A00000000000000000000000000000000000A8
:10A8B0000000000000000000000000000000000098
:10A8C0000000000000000000000000000000000088
:10A8D0000000000000000000000000000000000078
:10A8E0000000000000000000000000000000000068
:10A8F0000000000000000000000000000000000058
:10A900000000000000000000000000000000000047
:10A910000000000000000000000000000000000037
:10A920000000000000000000000000000000000027
:10A93000050201010000000000000000240104776E
:10A940000003000000000000000000000000000004
:10A950006726000088260000A92600001B030000CF
:10A96000410C520C07250000000000000000000010
:10A9700000000000002400005555555555202020AA
:10A980002020000000000000000000000000000087
:10A99000000000000000000000000000CA2642275E
:10A9A00066272C28492968283A29392A00B8C3077C
:10A9B0007E17000000000000000010055805A005EB
:10A9C000E80500001040040D0F0B0D0D10000E11D6
:10A9D000A5BA031F7CC60F00130F130F0F430F43BD
:10A9E0001B0300008B35F720514E000000000000D3
:10A9F00000000000000000000024000055555555DF
:10AA0000552020202020000000000000111111110D
:10AA10001100000000000000000000000000000025
:10AA2000CA26422766272C28492968283A29392A24
:10AA300000B809387E170000000000000000100573
:10AA40005805A005E80500001040040D0F0B0D0D82
:10AA500090000E11A5BB831FFCC90F00130F130F2D
:10AA60000F430F431B0300008B35F72051C909002A
:10AA700000000000000000000000000000280000AE
:10AA8000555555555527272727270000000000005A
:10AA900066666656660000000000000000000000C8
:10AAA00000000000CA26422766272C28492968286A
:10AAB0003A29392A00B8C3077E17000000000000B9
:10AAC000000010055805A005E80500001040040D21
:10AAD0000F0B0D0D90000E11A5BB831FFCC90F00BD
:10AAE000130F130F0F430F4300000000090901006B
:10AAF0000028000000C8030000000000A51D02009F
:10AB000000000000000003020028000080CA0300CB
:10AB100009000000A61D0000000000000101030262
:10AB20000028000080CA03000A000100A71D0000E1
:10AB300000000000020203030028000080CA030096
:10AB40000B000200A81D0000000000000303030228
:10AB50000028000080CA03000C000300A91D0000AB
:10AB600000000000040403020028000080CA030063
:10AB70000D000400AA1D00000000000005050302EE
:10AB80000028000080CA03000E000500AB1D000075
:10AB900000000000060603020028000080CA03002F
:10ABA0000F000600AC1D00000000000007070302B4
:10ABB0000028000080CA030010000700AD1D00003F
:10ABC00000000000080803020028000080CA0300FB
:10ABD00011000800AE1D0000000000000913010074
:10ABE0000028000000C8030000000000A51D0200AE
:10ABF00000000000000A03020028000080C80300D3
:10AC000009000000A61D000000000000010B030267
:10AC10000028000080C803000A000100A71D0000F2
:10AC200000000000020C03030028000080C803009D
:10AC30000B000200A81D000000000000030D03022D
:10AC40000028000080C803000C000300A91D0000BC
:10AC500000000000040E03020028000080C803006A
:10AC60000D000400AA1D000000000000050F0302F3
:10AC70000028000080C803000E000500AB1D000086
:10AC800000000000061003020028000080C8030036
:10AC90000F000600AC1D00000000000007110302B9
:10ACA0000028000080C8030010000700AD1D000050
:10ACB00000000000081203020028000080C8030002
:10ACC00011000800AE1D00000F000000018C0614EA
:10ACD0005D161B00610000000C0000000100041460
:10ACE0001529000060000000000000000D00401465
:10ACF000152900001E00000003000000296C7014DC
:10AD000030441B001F00000000000000296C70147C
:10AD100030441B001F000000030000000D8C421493
:10AD20005D161B001F00000000000000296C70145D
:10AD300030441B001F0000000F000000016C0414D1
:10AD400030441B00E10001000C000000010004146D
:10AD500015290000E00001000000000000000000D4
:10AD600000000000000000000000000000000000E3
:10AD700000000000000000000000000000000000D3
:10AD800000000000000000000000000000000000C3
:10AD900000000000000000000000000000000000B3
:10ADA00000000000000000000000000000000000A3
:10ADB0000000000000000000000000000000000093
:10ADC0000000000000000000000000000000000083
:10ADD0000000000000000000000000000000000073
:10ADE0000000000000000000000000000000000063
:10ADF0000000000000000000000000000000000053
:10AE00000000000000000000000000000000000042
:10AE10000000000000000000000000000000000032
:10AE20000000000000000000000000000000000022
:10AE30000000000000000000000000000000000012
:10AE40000000000000000000000000000000000002
:10AE500000000000000000000000000000000000F2
:10AE600000000000000000000000000000000000E2
:10AE700000000000000000000000000000000000D2
:10AE800000000000000000000000000000000000C2
:10AE900000000000000000000000000000000000B2
:10AEA00000000000000000000000000000000000A2
:10AEB0000000000000000000000000000000000092
:10AEC0000000000000000000000000000000000082
:10AED0000000000000000000000000000000000072
:10AEE0000000000000000000000000000000000062
:10AEF0000000000000000000000000000000000052
:10AF00000000000000000000000000000000000041
:10AF10000000000000000000000000000000000031
:10AF20000000000000000000000000000000000021
:10AF30000000000000000000000000000000000011
:10AF40000000000000000000000000000000000001
:10AF500000000000000000000000000000000000F1
:10AF600000000000000000000000000000000000E1
:10AF700000000000000000000000000000000000D1
:10AF800000000000000000000000000000000000C1
:10AF900000000000000000000000000000000000B1
:10AFA00000000000000000000000000000000000A1
:10AFB0000000000000000000000000000000000091
:10AFC0000000000000000000000000000000000081
:10AFD0000000000000000000000000000000000071
:10AFE0000000000000000000000000000000000061
:10AFF0000000000000000000000000000000000051
:10B000000000000000000000000000000000000040
:10B010000000000000000000000000000000000030
:10B020000000000000000000000000000000000020
:10B030000000000000000000000000000000000010
:10B040000000000000000000000000000000000000
:10B0500000000000000000000000000000000000F0
:10B0600000000000000000000000000000000000E0
:10B0700022492449240924050000000014492449D8
:10B080002409A40800000000A44824492409140944
:10B090000000000024452449240922090000000082
:10B0A00024292429240924090000000024492445D6
:10B0B00022092409000000002449A4481409240995
:10B0C0000000000024491449A408240900000000DD
:10B0D00024492249240524090000000092249224D6
:10B0E0009204920400000000B26DB66DB60DB60574
:10B0F00000000000966DB66DB60DB60C00000000A5
:10B10000B66CB66DB60D960D00000000B665B66D56
:10B11000B60DB20D00000000B62DB62DB60DB60D61
:10B1200000000000B66DB665B20DB60D000000005F
:10B13000B66DB66C960DB60D00000000B66D966D3E
:10B14000B60CB60D00000000B66DB26DB605B60DBA
:10B150000000000092249224920492040000000057
:10B1600001280000000000000000000000000000B6
:10B17000000000020206FF006C768A94DB060000E5
:10B18000010600004C01570036470902010000008B
:10B19000EA004701477EEC14FFFF00801C7C0F573C
:10B1A0000380BBBB8E5C22006401640188398A394C
:10B1B0000000000001280000000000000000000066
:10B1C00000000000000000020206FF006C768A9476
:10B1D000DB06000001060000F100570036EC080213
:10B1E000010000008F00EC00477EEC14FFFF0080A0
:10B1F0001CC00C570380ABAA804422006411641168
:10B2000088398A3905000500012800000000000087
:10B210000000000000000000000000020206FF0025
:10B220006C768A94DB06000001060000610057007E
:10B23000365C08020100000001005C00477EEC144F
:10B24000FFFF00801C240C570380ABAA804422001F
:10B250006411641188398A3905000500012800004D
:10B2600000000000000000000000000000000002DC
:10B270000200FF006C768A94DB06000001060000E5
:10B28000F100570036EC0802410002009100EC008A
:10B29000477EEC14FFFF00801CC40C17E38EBBBB81
:10B2A000805522006411641188398A39050005002F
:10B2B0000104000000000000000000000000000089
:10B2C000000000020200FF006C768A94DB0600009A
:10B2D000040C0000B803570036EC0802010000001F
:10B2E0005803EC00477EEC14FFFF00801CE00C5775
:10B2F0000380BBBB804522006411641188398A3900
:10B30000050005009404020001020304D6F042FC8B
:10B310001C6005AFCF0304021E0600036C768A94FE
:10B32000DB06000001C500006810000000EC080208
:10B33000410002000000EC00477EEC14FFFF00809B
:10B340001CC411170080BBBB00572200641164119C
:10B3500088198A1905000500940402000101010101
:10B36000D6F042FC1C6005AFCF03040202060000C9
:10B370006C768A94DB06000001C5000068100000AE
:10B3800000EC0802410002000000EC007278512B32
:10B39000FFFF00801CC4113F0080BBBB00462200A1
:10B3A0006411641188398A3905000500940402008B
:10B3B00002020202D6F042FC1C6005AFCF03040279
:10B3C000020600006C768A94DB06000001C50000CE
:10B3D000D20F000000EC0802410002000000EC0067
:10B3E000BB7BC520FFFF00801CC4113F0080BBBB9E
:10B3F000004622006411641188398A39050005006D
:10B400009404020003030303D6F042FC1C6005AF62
:10B41000CF030402020600006C768A94DB0600006B
:10B4200001C50000D20F000000EC0802410002003C
:10B430000000EC00197EFC15FFFF00801CC4113FCA
:10B440000080BBBB004622006411641188398A3930
:10B45000050005009404020004040404D6F042FC34
:10B460001C6005AFCF030402020600006C768A94CC
:10B47000DB06000001C50000D20F000000EC08024E
:10B48000410002000000EC00867F080BFFFF0080F7
:10B490001CC4113F0080BBBB004622006411641134
:10B4A00088398A390500050000005D3F0000DA4751
:10B4B000C0CED0C7FFFF47020000A1503F0D3009AA
:10B4C000FFFF244B00009F30FFCEF0C7FFFFDF3BA4
:10B4D000000047E43F0F3004FFFFABCE0000C5790A
:10B4E0003F0F300247185104440C21044100F1037E
:10B4F0003EF4C0033BE8900338DC600335D03003F2
:10B5000032C400032FB8D0022CACA00229A07002D4
:10B510002694400223881002207CE0011D70B001B7
:10B520001A64800117585001144C20011140F0009A
:10B530000E34C0000B289000081C6000051030007D
:10B5400002040000004840023620A1056CF8010901
:10B55000A2D0620CD8A8C30F0E81241344598516BB
:10B560007A31E619B009471DE6E1A7201CBA082484
:10B57000529269277692292540BAC8210AE2671EAD
:10B58000D409071B9E31A617685945143281E4106F
:10B59000FCA8830DC6D0220A90F8C1065A20610388
:10B5A0002448000086D2292650FAC8221A22681F91
:10B5B000E449071CAE71A6187899451542C1E411FB
:10B5C0000CE9830ED610230BA038C2076A60610411
:10B5D000348800017796392541BED8210BE6771EC5
:10B5E000D50D171B9F35B617695D55143385F410BB
:10B5F000FDAC930DC7D4320A91FCD1065B247103D4
:10B60000254C100085CE19264FF6B822191E581F5A
:10B61000E345F71BAD6D96187795351541BDD411EF
:10B620000BE5730ED50C130B9F34B207695C510404
:10B630003384F000789A492542C2E8210CEA871E3B
:10B64000D611271BA039C6176A6165143489041105
:10B65000FEB0A30DC8D8420A9200E2065C2881031E
:10B660002650200084CA09264EF2A822181A481F24
:10B67000E241E71BAC6986187691251540B9C411E3
:10B680000AE1630ED408030B9E30A20768584104F8
:10B690003280E000799E592543C6F8210DEE971EB1
:10B6A000D715371BA13DD6176B657514358D141151
:10B6B000FFB4B30DC9DC520A9304F2065D2C91036A
:10B6C0002754300083C6F9E54DEE98E21716381F6F
:10B6D000E13DD71BAB6576D8758D15153FB5B41117
:10B6E00009DD530ED304F30A9D2C920767543104ED
:10B6F000317CD0007AA2692544CA08220EF2A71E26
:10B70000D819471BA241E6176C698514369124119C
:10B7100000B9C30DCAE0620A940802075E30A103B3
:10B720002858400082C2E9254CEA88221612281FB8
:10B73000E039C71BAA616618748905153EB1A411CA
:10B7400008D9430ED200E30A9C28820766502104E0
:10B750003078C0007BA6792545CE18220FF6B71E9B
:10B76000D91D571BA345F6176D6D951437953411E8
:10B7700001BDD30DCBE4720A950C12075F34B103FF
:10B78000295C500081BED9254BE67822150E181F82
:10B79000DF35B71BA95D56187385F5143DAD9411BF
:10B7A00007D5330ED1FCD20A9B247207654C1104D5
:10B7B0002F74B0007CAA892546D2282210FAC71E11
:10B7C000DA21671BA44906186E71A5143899441133
:10B7D00002C1E30DCCE8820A961022076038C1034B
:10B7E0002A60600080BAC9254AE26822140A081F4C
:10B7F000DE31A71BA85946187281E5143CA98411B3
:10B8000006D1230ED0F8C20A9A20620764480104C8
:10B810002E70A0007DAE992547D6382211FED71E86
:10B82000DB25771BA54D16186F75B514399D54117E
:10B8300003C5F30DCDEC920A97143207613CD10396
:10B840002B6470007FB6B92549DE58221306F81E16
:10B85000DD2D971BA7553618717DD5143BA57411A6
:10B8600005CD130ECFF4B20A991C52076344F103BD
:10B870002D6C90007EB2A92548DA48221202E81EFB
:10B88000DC29871BA65126187079C5143AA16411CA
:10B8900004C9030ECEF0A20A981842076240E103E1
:10B8A0002C68800000000000000000000000000084
:10B8B0000000000000000000000000000000000088
:10B8C0000000000000000000000000000000000078
:10B8D0000000000000000000000000000000000068
:10B8E0000000000000000000000000000000000058
:10B8F0000000000000000000000000000000000048
:10B900000000000000000000000000000000000037
:10B910000000000000000000000000000000000027
:10B920000000000000000000000000000000000017
:10B930000000000000000000000000000000000007
:10B9400000000000000000000000000000000000F7
:10B9500000000000000000000000000000000000E7
:10B9600000000000000000000000000000000000D7
:10B9700000000000000000000000000000000000C7
:10B9800000000000000000000000000000000000B7
:10B9900000000000000000000000000000000000A7
:10B9A0000000000000000000000000000000000097
:10B9B0000000000000000000000000000000000087
:10B9C0000000000000000000000000000000000077
:10B9D0000000000000000000000000000000000067
:10B9E0000000000000000000000000000000000057
:10B9F0000000000000000000000000000000000047
:10BA00000000000000000000000000000000000036
:10BA10000000000000000000000000000000000026
:10BA20000000000000000000000000000000000016
:10BA30000000000000000000000000000000000006
:10BA400000000000000000000000000000000000F6
:10BA500000000000000000000000000000000000E6
:10BA600000000000000000000000000000000000D6
:10BA700000000000000000000000000000000000C6
:10BA800000000000000000000000000000000000B6
:10BA900000000000000000000000000000000000A6
:10BAA0000000000000000000000000000000000096
:10BAB0000000000000000000000000000000000086
:10BAC0000000000000000000000000000000000076
:10BAD0000000000000000000000000000000000066
:10BAE0000000000000000000000000000000000056
:10BAF0000000000000000000000000000000000046
:10BB00000000000000000000000000000000000035
:10BB10000000000000000000000000000000000025
:10BB20000000000000000000000000000000000015
:10BB30000000000000000000000000000000000005
:10BB400000000000000000000000000000000000F5
:10BB500000000000000000000000000000000000E5
:10BB600000000000000000000000000000000000D5
:10BB700000000000000000000000000000000000C5
:10BB800000000000000000000000000000000000B5
:10BB900000000000000000000000000000000000A5
:10BBA0000000000000000000000000000000000095
:10BBB0000000000000000000000000000000000085
:10BBC0000000000000000000000000000000000075
:10BBD0000000000000000000000000000000000065
:10BBE0000000000000000000000000000000000055
:10BBF0000000000000000000000000000000000045
:10BC00000000000000000000000000000000000034
:10BC10000000000000000000000000000000000024
:10BC20000000000000000000000000000000000014
:10BC30000000000000000000000000000000000004
:10BC400000000000000000000000000000000000F4
:10BC500000000000000000000000000000000000E4
:10BC600000000000000000000000000000000000D4
:10BC700000000000000000000000000000000000C4
:10BC800000000000000000000000000000000000B4
:10BC900000000000000000000000000000000000A4
:10BCA0000000000000000000000000000000000094
:10BCB0000000000000000000000000000000000084
:10BCC0000000000000000000000000000000000074
:10BCD0000000000000000000000000000000000064
:10BCE0000000000000000000000000000000000054
:10BCF0000000000000000000000000000000000044
:10BD00000000000000000000000000000000000033
:10BD10000000000000000000000000000000000023
:10BD20000000000000000000000000000000000013
:10BD30000000000000000000000000000000000003
:10BD400000000000000000000000000000000000F3
:10BD500000000000000000000000000000000000E3
:10BD600000000000000000000000000000000000D3
:10BD700000000000000000000000000000000000C3
:10BD800000000000000000000000000000000000B3
:10BD900000000000000000000000000000000000A3
:10BDA0000000000000000000000000000000000093
:10BDB0000000000000000000000000000000000083
:10BDC0000000000000000000000000000000000073
:10BDD0000000000000000000000000000000000063
:10BDE0000000000000000000000000000000000053
:10BDF0000000000000000000000000000000000043
:10BE00000000000000000000000000000000000032
:10BE10000000000000000000000000000000000022
:10BE20000000000000000000000000000000000012
:10BE30000000000000000000000000000000000002
:10BE400000000000000000000000000000000000F2
:10BE500000000000000000000000000000000000E2
:10BE600000000000000000000000000000000000D2
:10BE700000000000000000000000000000000000C2
:10BE800000000000000000000000000000000000B2
:10BE900000000000000000000000000000000000A2
:10BEA0000000000000000000000000000000000092
:10BEB0000000000000000000000000000000000082
:10BEC0000000000000000000000000000000000072
:10BED0000000000000000000000000000000000062
:10BEE0000000000000000000000000000000000052
:10BEF0000000000000000000000000000000000042
:10BF00000000000000000000000000000000000031
:10BF10000000000000000000000000000000000021
:10BF20000000000000000000000000000000000011
:10BF30000000000000000000000000000000000001
:10BF400000000000000000000000000000000000F1
:10BF500000000000000000000000000000000000E1
:10BF600000000000000000000000000000000000D1
:10BF700000000000000000000000000000000000C1
:10BF800000000000000000000000000000000000B1
:10BF900000000000000000000000000000000000A1
:10BFA0000000000000000000000000000000000091
:10BFB0000000000000000000000000000000000081
:10BFC0000000000000000000000000000000000071
:10BFD0000000000000000000000000000000000061
:10BFE0000000000000000000000000000000000051
:10BFF0000000000000000000000000000000000041
:10C000000000000000000000000000000000000030
:10C010000000000000000000000000000000000020
:10C020000000000000000000000000000000000010
:10C030000000000000000000000000000000000000
:10C0400000000000000000000000000000000000F0
:10C0500000000000000000000000000000000000E0
:10C0600000000000000000000000000000000000D0
:10C0700000000000000000000000000000000000C0
:10C0800000000000000000000000000000000000B0
:10C0900000000000000000000000000000000000A0
:10C0A0000000000000000000000000000000000090
:10C0B0000000000000000000000000000000000080
:10C0C0000000000000000000000000000000000070
:10C0D0000000000000000000000000000000000060
:10C0E0000000000000000000000000000000000050
:10C0F0000000000000000000000000000000000040
:10C10000000000000000000000000000000000002F
:10C11000000000000000000000000000000000001F
:10C12000000000000000000000000000000000000F
:10C1300000000000000000000000000000000000FF
:10C1400000000000000000000000000000000000EF
:10C1500000000000000000000000000000000000DF
:10C1600000000000000000000000000000000000CF
:10C1700000000000000000000000000000000000BF
:10C1800000000000000000000000000000000000AF
:10C19000000000000000000000000000000000009F
:10C1A000000000000000000000000000000000008F
:10C1B000000000000000000000000000000000007F
:10C1C000000000000000000000000000000000006F
:10C1D000000000000000000000000000000000005F
:10C1E000000000000000000000000000000000004F
:10C1F000000000000000000000000000000000003F
:10C20000000000000000000000000000000000002E
:10C21000000000000000000000000000000000001E
:10C22000000000000000000000000000000000000E
:10C2300000000000000000000000000000000000FE
:10C2400001000000FFFFFFFF0700000001000000E9
:10C25000AA000000FFFFFFFF4040C8C8C8C8C8C808
:10C26000C8C8C8C8C8C8000002111F0002080D00D5
:10C2700003000000503D02000C3D0200503D020052
:10C28000103D020005000E00020200000000000048
:10C29000000000000000000000000000000000009E
:10C2A000000000000000000000000000000000008E
:10C2B000000000000000000000000000000000007E
:10C2C000000000000000000000000000000000006E
:10C2D000000000000000000000000000000000005E
:10C2E000000000000000000000000000000000004E
:10C2F000000000000000000000000000000000003E
:10C30000000000000000000000000000000000002D
:10C31000000000000000000000000000000000001D
:10C32000000000000000000000000000000000000D
:10C3300000000000000000000000000000000000FD
:10C3400000000000000000000000000000000000ED
:10C3500000000000000000000000000000000000DD
:10C3600000000000000000000000000000000000CD
:10C3700000000000000000000000000000000000BD
:10C3800000000000000000000000000000000000AD
:10C39000000000000000000000000000000000009D
:10C3A000000000000000000000000000000000008D
:10C3B000000000000000000000000000000000007D
:10C3C000000000000000000000000000000000006D
:10C3D000000000000000000000000000000000005D
:10C3E000000000000000000000000000000000004D
:10C3F000000000000000000000000000000000003D
:10C40000000000000000000000000000000000002C
:10C41000000000000000000000000000000000001C
:10C42000000000000000000000000000000000000C
:10C4300000000000000000000000000000000000FC
:10C4400000000000000000000000000000000000EC
:10C4500000000000000000000000000000000000DC
:10C4600000000000000000000000000000000000CC
:10C4700000000000000000000000000000000000BC
:10C4800000000000000000000000000000000000AC
:10C49000000000000000000000000000000000009C
:10C4A000000000000000000000000000000000008C
:10C4B000000000000000000000000000000000007C
:10C4C000000000000000000000000000000000006C
:10C4D000000000000000000000000000000000005C
:10C4E000000000000000000000000000000000004C
:10C4F000000000000000000000000000000000003C
:10C50000000000000000000000000000000000002B
:10C51000000000000000000000000000000000001B
:10C52000000000000000000000000000000000000B
:10C5300000000000000000000000000000000000FB
:10C5400000000000000000000000000000000000EB
:10C5500000000000000000000000000000000000DB
:10C5600000000000000000000000000000000000CB
:10C5700000000000000000000000000000000000BB
:10C5800000000000000000000000000000000000AB
:10C59000000000000000000000000000000000009B
:10C5A000000000000000000000000000000000008B
:10C5B000000000000000000000000000000000007B
:10C5C000000000000000000000000000000000006B
:10C5D000000000000000000000000000000000005B
:10C5E000000000000000000000000000000000004B
:10C5F000000000000000000000000000000000003B
:10C60000000000000000000000000000000000002A
:10C61000000000000000000000000000000000001A
:10C62000000000000000000000000000000000000A
:10C6300000000000000000000000000000000000FA
:10C6400000000000000000000000000000000000EA
:10C6500000000000000000000000000000000000DA
:10C6600000000000000000000000000000000000CA
:10C6700000000000000000000000000000000000BA
:10C6800000000000000000000000000000000000AA
:10C69000000000000000000000000000000000009A
:10C6A000000000000000000000000000000000008A
:10C6B000000000000000000000000000000000007A
:10C6C000000000000000000000000000000000006A
:10C6D000000000000000000000000000000000005A
:10C6E000000000000000000000000000000000004A
:10C6F000000000000000000000000000000000003A
:10C700000000000000000000000000000000000029
:10C710000000000000000000000000000000000019
:10C720000000000000000000000000000000000009
:10C7300000000000000000000000000000000000F9
:10C7400000000000000000000000000000000000E9
:10C7500000000000000000000000000000000000D9
:10C7600000000000000000000000000000000000C9
:10C7700000000000000000000000000000000000B9
:10C7800000000000000000000000000000000000A9
:10C790000000000000000000000000000000000099
:10C7A0000000000000000000000000000000000089
:10C7B0000000000000000000000000000000000079
:10C7C0000000000000000000000000000000000069
:10C7D0000000000000000000000000000000000059
:10C7E0000000000000000000000000000000000049
:10C7F0000000000000000000000000000000000039
:10C800000000000000000000000000000000000028
:10C810000000000000000000000000000000000018
:10C820000000000000000000000000000000000008
:10C8300000000000000000000000000000000000F8
:10C8400000000000000000000000000000000000E8
:10C8500000000000000000000000000000000000D8
:10C8600000000000000000000000000000000000C8
:10C8700000000000000000000000000000000000B8
:10C8800000000000000000000000000000000000A8
:10C890000000000000000000000000000000000098
:10C8A0000000000000000000000000000000000088
:10C8B0000000000000000000000000000000000078
:10C8C0000000000000000000000000000000000068
:10C8D0000000000000000000000000000000000058
:10C8E0000000000000000000000000000000000048
:10C8F0000000000000000000000000000000000038
:10C900000000000000000000000000000000000027
:10C910000000000000000000000000000000000017
:10C920000000000000000000000000000000000007
:10C9300000000000000000000000000000000000F7
:10C9400000000000000000000000000000000000E7
:10C9500000000000000000000000000000000000D7
:10C9600000000000000000000000000000000000C7
:10C9700000000000000000000000000000000000B7
:10C9800000000000000000000000000000000000A7
:10C990000000000000000000000000000000000097
:10C9A0000000000000000000000000000000000087
:10C9B0000000000000000000000000000000000077
:10C9C0000000000000000000000000000000000067
:10C9D0000000000000000000000000000000000057
:10C9E0000000000000000000000000000000000047
:10C9F0000000000000000000000000000000000037
:10CA00000000000000000000000000000000000026
:10CA10000000000000000000000000000000000016
:10CA20000000000000000000000000000000000006
:10CA300000000000000000000000000000000000F6
:10CA400000000000000000000000000000000000E6
:10CA500000000000000000000000000000000000D6
:10CA600000000000000000000000000000000000C6
:10CA700000000000000000000000000000000000B6
:10CA800000000000000000000000000000000000A6
:10CA90000000000000000000000000000000000096
:10CAA0000000000000000000000000000000000086
:10CAB0000000000000000000000000000000000076
:10CAC0000000000000000000000000000000000066
:10CAD0000000000000000000000000000000000056
:10CAE0000000000000000000000000000000000046
:10CAF0000000000000000000000000000000000036
:10CB00000000000000000000000000000000000025
:10CB10000000000000000000000000000000000015
:10CB20000000000000000000000000000000000005
:10CB300000000000000000000000000000000000F5
:10CB400000000000000000000000000000000000E5
:10CB500000000000000000000000000000000000D5
:10CB600000000000000000000000000000000000C5
:10CB700000000000000000000000000000000000B5
:10CB800000000000000000000000000000000000A5
:10CB90000000000000000000000000000000000095
:10CBA0000000000000000000000000000000000085
:10CBB0000000000000000000000000000000000075
:10CBC0000000000000000000000000000000000065
:10CBD0000000000000000000000000000000000055
:10CBE0000000000000000000000000000000000045
:10CBF0000000000000000000000000000000000035
:10CC00000000000000000000000000000000000024
:10CC10000000000000000000000000000000000014
:10CC20000000000000000000000000000000000004
:10CC300000000000000000000000000000000000F4
:10CC400000000000000000000000000000000000E4
:10CC500000000000000000000000000000000000D4
:10CC600000000000000000000000000000000000C4
:10CC700000000000000000000000000000000000B4
:10CC800000000000000000000000000000000000A4
:10CC90000000000000000000000000000000000094
:10CCA0000000000000000000000000000000000084
:10CCB0000000000000000000000000000000000074
:10CCC0000000000000000000000000000000000064
:10CCD0000000000000000000000000000000000054
:10CCE0000000000000000000000000000000000044
:10CCF0000000000000000000000000000000000034
:10CD00000000000000000000000000000000000023
:10CD10000000000000000000000000000000000013
:10CD20000000000000000000000000000000000003
:10CD300000000000000000000000000000000000F3
:10CD400000000000000000000000000000000000E3
:10CD500000000000000000000000000000000000D3
:10CD600000000000000000000000000000000000C3
:10CD700000000000000000000000000000000000B3
:10CD800000000000000000000000000000000000A3
:10CD90000000000000000000000000000000000093
:10CDA0000000000000000000000000000000000083
:10CDB0000000000000000000000000000000000073
:10CDC0000000000000000000000000000000000063
:10CDD0000000000000000000000000000000000053
:10CDE0000000000000000000000000000000000043
:10CDF0000000000000000000000000000000000033
:10CE00000000000000000000000000000000000022
:10CE10000000000000000000000000000000000012
:10CE20000000000000000000000000000000000002
:10CE300000000000000000000000000000000000F2
:10CE400000000000000000000000000000000000E2
:10CE500000000000000000000000000000000000D2
:10CE600000000000000000000000000000000000C2
:10CE700000000000000000000000000000000000B2
:10CE800000000000000000000000000000000000A2
:10CE90000000000000000000000000000000000092
:10CEA0000000000000000000000000000000000082
:10CEB0000000000000000000000000000000000072
:10CEC0000000000000000000000000000000000062
:10CED0000000000000000000000000000000000052
:10CEE0000000000000000000000000000000000042
:10CEF0000000000000000000000000000000000032
:10CF00000000000000000000000000000000000021
:10CF10000000000000000000000000000000000011
:10CF20000000000000000000000000000000000001
:10CF300000000000000000000000000000000000F1
:10CF400000000000000000000000000000000000E1
:10CF500000000000000000000000000000000000D1
:10CF600000000000000000000000000000000000C1
:10CF700000000000000000000000000000000000B1
:10CF800000000000000000000000000000000000A1
:10CF90000000000000000000000000000000000091
:10CFA0000000000000000000000000000000000081
:10CFB0000000000000000000000000000000000071
:10CFC0000000000000000000000000000000000061
:10CFD0000000000000000000000000000000000051
:10CFE0000000000000000000000000000000000041
:10CFF0000000000000000000000000000000000031
:10D000000000000000000000000000000000000020
:10D010000000000000000000000000000000000010
:10D020000000000000000000000000000000000000
:10D0300000000000000000000000000000000000F0
:10D0400000000000000000000000000000000000E0
:10D0500000000000000000000000000000000000D0
:10D0600000000000000000000000000000000000C0
:10D0700000000000000000000000000000000000B0
:10D0800000000000000000000000000000000000A0
:10D090000000000000000000000000000000000090
:10D0A0000000000000000000000000000000000080
:10D0B0000000000000000000000000000000000070
:10D0C0000000000000000000000000000000000060
:10D0D0000000000000000000000000000000000050
:10D0E0000000000000000000000000000000000040
:10D0F0000000000000000000000000000000000030
:10D10000000000000000000000000000000000001F
:10D11000000000000000000000000000000000000F
:10D1200000000000000000000000000000000000FF
:10D1300000000000000000000000000000000000EF
:10D1400000000000000000000000000000000000DF
:10D1500000000000000000000000000000000000CF
:10D1600000000000000000000000000000000000BF
:10D1700000000000000000000000000000000000AF
:10D18000000000000000000000000000000000009F
:10D19000000000000000000000000000000000008F
:10D1A000000000000000000000000000000000007F
:10D1B000000000000000000000000000000000006F
:10D1C000000000000000000000000000000000005F
:10D1D000000000000000000000000000000000004F
:10D1E000000000000000000000000000000000003F
:10D1F000000000000000000000000000000000002F
:10D20000000000000000000000000000000000001E
:10D21000000000000000000000000000000000000E
:10D2200000000000000000000000000000000000FE
:10D2300000000000000000000000000000000000EE
:10D2400000000000000000000000000000000000DE
:10D2500000000000000000000000000000000000CE
:10D2600000000000000000000000000000000000BE
:10D2700000000000000000000000000000000000AE
:10D28000000000000000000000000000000000009E
:10D29000000000000000000000000000000000008E
:10D2A000000000000000000000000000000000007E
:10D2B000000000000000000000000000000000006E
:10D2C000000000000000000000000000000000005E
:10D2D000000000000000000000000000000000004E
:10D2E000000000000000000000000000000000003E
:10D2F000000000000000000000000000000000002E
:10D30000000000000000000000000000000000001D
:10D31000000000000000000000000000000000000D
:10D3200000000000000000000000000000000000FD
:10D3300000000000000000000000000000000000ED
:10D3400000000000000000000000000000000000DD
:10D3500000000000000000000000000000000000CD
:10D3600000000000000000000000000000000000BD
:10D3700000000000000000000000000000000000AD
:10D38000000000000000000000000000000000009D
:10D39000000000000000000000000000000000008D
:10D3A000000000000000000000000000000000007D
:10D3B000000000000000000000000000000000006D
:10D3C000000000000000000000000000000000005D
:10D3D000000000000000000000000000000000004D
:10D3E000000000000000000000000000000000003D
:10D3F000000000000000000000000000000000002D
:10D40000000000000000000000000000000000001C
:10D41000000000000000000000000000000000000C
:10D4200000000000000000000000000000000000FC
:10D4300000000000000000000000000000000000EC
:10D4400000000000000000000000000000000000DC
:10D4500000000000000000000000000000000000CC
:10D4600000000000000000000000000000000000BC
:10D4700000000000000000000000000000000000AC
:10D48000000000000000000000000000000000009C
:10D49000000000000000000000000000000000008C
:10D4A000000000000000000000000000000000007C
:10D4B000000000000000000000000000000000006C
:10D4C000000000000000000000000000000000005C
:10D4D000000000000000000000000000000000004C
:10D4E000000000000000000000000000000000003C
:10D4F000000000000000000000000000000000002C
:10D50000000000000000000000000000000000001B
:10D51000000000000000000000000000000000000B
:10D5200000000000000000000000000000000000FB
:10D5300000000000000000000000000000000000EB
:10D5400000000000000000000000000000000000DB
:10D5500000000000000000000000000000000000CB
:10D5600000000000000000000000000000000000BB
:10D5700000000000000000000000000000000000AB
:10D58000000000000000000000000000000000009B
:10D59000000000000000000000000000000000008B
:10D5A000000000000000000000000000000000007B
:10D5B000000000000000000000000000000000006B
:10D5C000000000000000000000000000000000005B
:10D5D000000000000000000000000000000000004B
:10D5E000000000000000000000000000000000003B
:10D5F000000000000000000000000000000000002B
:10D60000000000000000000000000000000000001A
:10D61000000000000000000000000000000000000A
:10D6200000000000000000000000000000000000FA
:10D6300000000000000000000000000000000000EA
:10D6400000000000000000000000000000000000DA
:10D6500000000000000000000000000000000000CA
:10D6600000000000000000000000000000000000BA
:10D6700000000000000000000000000000000000AA
:10D68000000000000000000000000000000000009A
:10D69000000000000000000000000000000000008A
:10D6A000000000000000000000000000000000007A
:10D6B000000000000000000000000000000000006A
:10D6C000000000000000000000000000000000005A
:10D6D000000000000000000000000000000000004A
:10D6E000000000000000000000000000000000003A
:10D6F000000000000000000000000000000000002A
:10D700000000000000000000000000000000000019
:10D710000000000000000000000000000000000009
:10D7200000000000000000000000000000000000F9
:10D7300000000000000000000000000000000000E9
:10D7400000000000000000000000000000000000D9
:10D7500000000000000000000000000000000000C9
:10D7600000000000000000000000000000000000B9
:10D7700000000000000000000000000000000000A9
:10D780000000000000000000000000000000000099
:10D790000000000000000000000000000000000089
:10D7A0000000000000000000000000000000000079
:10D7B0000000000000000000000000000000000069
:10D7C0000000000000000000000000000000000059
:10D7D0000000000000000000000000000000000049
:10D7E0000000000000000000000000000000000039
:10D7F0000000000000000000000000000000000029
:10D800000000000000000000000000000000000018
:10D810000000000000000000000000000000000008
:10D8200000000000000000000000000000000000F8
:10D8300000000000000000000000000000000000E8
:10D8400000000000000000000000000000000000D8
:10D8500000000000000000000000000000000000C8
:10D8600000000000000000000000000000000000B8
:10D8700000000000000000000000000000000000A8
:10D880000000000000000000000000000000000098
:10D890000000000000000000000000000000000088
:10D8A0000000000000000000000000000000000078
:10D8B0000000000000000000000000000000000068
:10D8C0000000000000000000000000000000000058
:10D8D0000000000000000000000000000000000048
:10D8E0000000000000000000000000000000000038
:10D8F0000000000000000000000000000000000028
:10D900000000000000000000000000000000000017
:10D910000000000000000000000000000000000007
:10D9200000000000000000000000000000000000F7
:10D9300000000000000000000000000000000000E7
:10D9400000000000000000000000000000000000D7
:10D9500000000000000000000000000000000000C7
:10D9600000000000000000000000000000000000B7
:10D9700000000000000000000000000000000000A7
:10D980000000000000000000000000000000000097
:10D990000000000000000000000000000000000087
:10D9A0000000000000000000000000000000000077
:10D9B0000000000000000000000000000000000067
:10D9C0000000000000000000000000000000000057
:10D9D0000000000000000000000000000000000047
:10D9E0000000000000000000000000000000000037
:10D9F0000000000000000000000000000000000027
:10DA00000000000000000000000000000000000016
:10DA10000000000000000000000000000000000006
:10DA200000000000000000000000000000000000F6
:10DA300000000000000000000000000000000000E6
:10DA400000000000000000000000000000000000D6
:10DA500000000000000000000000000000000000C6
:10DA600000000000000000000000000000000000B6
:10DA700000000000000000000000000000000000A6
:10DA80000000000000000000000000000000000096
:10DA90000000000000000000000000000000000086
:10DAA0000000000000000000000000000000000076
:10DAB0000000000000000000000000000000000066
:10DAC0000000000000000000000000000000000056
:10DAD0000000000000000000000000000000000046
:10DAE0000000000000000000000000000000000036
:10DAF0000000000000000000000000000000000026
:10DB00000000000000000000000000000000000015
:10DB10000000000000000000000000000000000005
:10DB200000000000000000000000000000000000F5
:10DB300000000000000000000000000000000000E5
:10DB400000000000000000000000000000000000D5
:10DB500000000000000000000000000000000000C5
:10DB600000000000000000000000000000000000B5
:10DB700000000000000000000000000000000000A5
:10DB80000000000000000000000000000000000095
:10DB90000000000000000000000000000000000085
:10DBA0000000000000000000000000000000000075
:10DBB0000000000000000000000000000000000065
:10DBC0000000000000000000000000000000000055
:10DBD0000000000000000000000000000000000045
:10DBE0000000000000000000000000000000000035
:10DBF0000000000000000000000000000000000025
:10DC00000000000000000000000000000000000014
:10DC10000000000000000000000000000000000004
:10DC200000000000000000000000000000000000F4
:10DC300000000000000000000000000000000000E4
:10DC400000000000000000000000000000000000D4
:10DC500000000000000000000000000000000000C4
:10DC600000000000000000000000000000000000B4
:10DC700000000000000000000000000000000000A4
:10DC80000000000000000000000000000000000094
:10DC90000000000000000000000000000000000084
:10DCA0000000000000000000000000000000000074
:10DCB0000000000000000000000000000000000064
:10DCC0000000000000000000000000000000000054
:10DCD0000000000000000000000000000000000044
:10DCE0000000000000000000000000000000000034
:10DCF0000000000000000000000000000000000024
:10DD00000000000000000000000000000000000013
:10DD10000000000000000000000000000000000003
:10DD200000000000000000000000000000000000F3
:10DD300000000000000000000000000000000000E3
:10DD400000000000000000000000000000000000D3
:10DD500000000000000000000000000000000000C3
:10DD600000000000000000000000000000000000B3
:10DD700000000000000000000000000000000000A3
:10DD80000000000000000000000000000000000093
:10DD90000000000000000000000000000000000083
:10DDA0000000000000000000000000000000000073
:10DDB0000000000000000000000000000000000063
:10DDC0000000000000000000000000000000000053
:10DDD0000000000000000000000000000000000043
:10DDE0000000000000000000000000000000000033
:10DDF0000000000000000000000000000000000023
:10DE00000000000000000000000000000000000012
:10DE10000000000000000000000000000000000002
:10DE200000000000000000000000000000000000F2
:10DE300000000000000000000000000000000000E2
:10DE400000000000000000000000000000000000D2
:10DE500000000000000000000000000000000000C2
:10DE600000000000000000000000000000000000B2
:10DE700000000000000000000000000000000000A2
:10DE80000000000000000000000000000000000092
:10DE90000000000000000000000000000000000082
:10DEA0000000000000000000000000000000000072
:10DEB0000000000000000000000000000000000062
:10DEC0000000000000000000000000000000000052
:10DED0000000000000000000000000000000000042
:10DEE0000000000000000000000000000000000032
:10DEF0000000000000000000000000000000000022
:10DF00000000000000000000000000000000000011
:10DF10000000000000000000000000000000000001
:10DF200000000000000000000000000000000000F1
:10DF300000000000000000000000000000000000E1
:10DF400000000000000000000000000000000000D1
:10DF500000000000000000000000000000000000C1
:10DF600000000000000000000000000000000000B1
:10DF700000000000000000000000000000000000A1
:10DF80000000000000000000000000000000000091
:10DF90000000000000000000000000000000000081
:10DFA0000000000000000000000000000000000071
:10DFB0000000000000000000000000000000000061
:10DFC0000000000000000000000000000000000051
:10DFD0000000000000000000000000000000000041
:10DFE0000000000000000000000000000000000031
:10DFF0000000000000000000000000000000000021
:10E000000000000000000000000000000000000010
:10E010000000000000000000000000000000000000
:10E0200000000000000000000000000000000000F0
:10E0300000000000000000000000000000000000E0
:10E0400000000000000000000000000000000000D0
:10E0500000000000000000000000000000000000C0
:10E0600000000000000000000000000000000000B0
:10E0700000000000000000000000000000000000A0
:10E080000000000000000000000000000000000090
:10E090000000000000000000000000000000000080
:10E0A0000000000000000000000000000000000070
:10E0B0000000000000000000000000000000000060
:10E0C0000000000000000000000000000000000050
:10E0D0000000000000000000000000000000000040
:10E0E0000000000000000000000000000000000030
:10E0F0000000000000000000000000000000000020
:10E10000000000000000000000000000000000000F
:10E1100000000000000000000000000000000000FF
:10E1200000000000000000000000000000000000EF
:10E1300000000000000000000000000000000000DF
:10E1400000000000000000000000000000000000CF
:10E1500000000000000000000000000000000000BF
:10E1600000000000000000000000000000000000AF
:10E17000000000000000000000000000000000009F
:10E18000000000000000000000000000000000008F
:10E19000000000000000000000000000000000007F
:10E1A000000000000000000000000000000000006F
:10E1B000000000000000000000000000000000005F
:10E1C000000000000000000000000000000000004F
:10E1D000000000000000000000000000000000003F
:10E1E000000000000000000000000000000000002F
:10E1F000000000000000000000000000000000001F
:10E20000000000000000000000000000000000000E
:10E2100000000000000000000000000000000000FE
:10E2200000000000000000000000000000000000EE
:10E2300000000000000000000000000000000000DE
:10E2400000000000000000000000000000000000CE
:10E2500000000000000000000000000000000000BE
:10E2600000000000000000000000000000000000AE
:10E27000000000000000000000000000000000009E
:10E28000000000000000000000000000000000008E
:10E29000000000000000000000000000000000007E
:10E2A000000000000000000000000000000000006E
:10E2B000000000000000000000000000000000005E
:10E2C000000000000000000000000000000000004E
:10E2D000000000000000000000000000000000003E
:10E2E000000000000000000000000000000000002E
:10E2F000000000000000000000000000000000001E
:10E30000000000000000000000000000000000000D
:10E3100000000000000000000000000000000000FD
:10E3200000000000000000000000000000000000ED
:10E3300000000000000000000000000000000000DD
:10E3400000000000000000000000000000000000CD
:10E3500000000000000000000000000000000000BD
:10E3600000000000000000000000000000000000AD
:10E37000000000000000000000000000000000009D
:10E38000000000000000000000000000000000008D
:10E39000000000000000000000000000000000007D
:10E3A000000000000000000000000000000000006D
:10E3B000000000000000000000000000000000005D
:10E3C000000000000000000000000000000000004D
:10E3D000000000000000000000000000000000003D
:10E3E000000000000000000000000000000000002D
:10E3F000000000000000000000000000000000001D
:10E40000000000000000000000000000000000000C
:10E4100000000000000000000000000000000000FC
:10E4200000000000000000000000000000000000EC
:10E4300000000000000000000000000000000000DC
:10E4400000000000000000000000000000000000CC
:10E4500000000000000000000000000000000000BC
:10E4600000000000000000000000000000000000AC
:10E47000000000000000000000000000000000009C
:10E48000000000000000000000000000000000008C
:10E49000000000000000000000000000000000007C
:10E4A000000000000000000000000000000000006C
:10E4B000000000000000000000000000000000005C
:10E4C000000000000000000000000000000000004C
:10E4D000000000000000000000000000000000003C
:10E4E000000000000000000000000000000000002C
:10E4F000000000000000000000000000000000001C
:10E50000000000000000000000000000000000000B
:10E5100000000000000000000000000000000000FB
:10E5200000000000000000000000000000000000EB
:10E5300000000000000000000000000000000000DB
:10E5400000000000000000000000000000000000CB
:10E5500000000000000000000000000000000000BB
:10E5600000000000000000000000000000000000AB
:10E57000000000000000000000000000000000009B
:10E58000000000000000000000000000000000008B
:10E59000000000000000000000000000000000007B
:10E5A000000000000000000000000000000000006B
:10E5B000000000000000000000000000000000005B
:10E5C000000000000000000000000000000000004B
:10E5D000000000000000000000000000000000003B
:10E5E000000000000000000000000000000000002B
:10E5F000000000000000000000000000000000001B
:10E60000000000000000000000000000000000000A
:10E6100000000000000000000000000000000000FA
:10E6200000000000000000000000000000000000EA
:10E6300000000000000000000000000000000000DA
:10E6400000000000000000000000000000000000CA
:10E6500000000000000000000000000000000000BA
:10E6600000000000000000000000000000000000AA
:10E67000000000000000000000000000000000009A
:10E68000000000000000000000000000000000008A
:10E69000000000000000000000000000000000007A
:10E6A000000000000000000000000000000000006A
:10E6B000000000000000000000000000000000005A
:10E6C000000000000000000000000000000000004A
:10E6D000000000000000000000000000000000003A
:10E6E000000000000000000000000000000000002A
:10E6F000000000000000000000000000000000001A
:10E700000000000000000000000000000000000009
:10E7100000000000000000000000000000000000F9
:10E7200000000000000000000000000000000000E9
:10E7300000000000000000000000000000000000D9
:10E7400000000000000000000000000000000000C9
:10E7500000000000000000000000000000000000B9
:10E7600000000000000000000000000000000000A9
:10E770000000000000000000000000000000000099
:10E780000000000000000000000000000000000089
:10E790000000000000000000000000000000000079
:10E7A0000000000000000000000000000000000069
:10E7B0000000000000000000000000000000000059
:10E7C0000000000000000000000000000000000049
:10E7D0000000000000000000000000000000000039
:10E7E0000000000000000000000000000000000029
:10E7F0000000000000000000000000000000000019
:10E800000000000000000000000000000000000008
:10E8100000000000000000000000000000000000F8
:10E8200000000000000000000000000000000000E8
:10E8300000000000000000000000000000000000D8
:10E8400000000000000000000000000000000000C8
:10E8500000000000000000000000000000000000B8
:10E8600000000000000000000000000000000000A8
:10E870000000000000000000000000000000000098
:10E880000000000000000000000000000000000088
:10E890000000000000000000000000000000000078
:10E8A0000000000000000000000000000000000068
:10E8B0000000000000000000000000000000000058
:10E8C0000000000000000000000000000000000048
:10E8D0000000000000000000000000000000000038
:10E8E0000000000000000000000000000000000028
:10E8F0000000000000000000000000000000000018
:10E900000000000000000000000000000000000007
:10E9100000000000000000000000000000000000F7
:10E9200000000000000000000000000000000000E7
:10E9300000000000000000000000000000000000D7
:10E9400000000000000000000000000000000000C7
:10E9500000000000000000000000000000000000B7
:10E9600000000000000000000000000000000000A7
:10E970000000000000000000000000000000000097
:10E980000000000000000000000000000000000087
:10E990000000000000000000000000000000000077
:10E9A0000000000000000000000000000000000067
:10E9B0000000000000000000000000000000000057
:10E9C0000000000000000000000000000000000047
:10E9D0000000000000000000000000000000000037
:10E9E0000000000000000000000000000000000027
:10E9F0000000000000000000000000000000000017
:10EA00000000000000000000000000000000000006
:10EA100000000000000000000000000000000000F6
:10EA200000000000000000000000000000000000E6
:10EA300000000000000000000000000000000000D6
:10EA400000000000000000000000000000000000C6
:10EA500000000000000000000000000000000000B6
:10EA600000000000000000000000000000000000A6
:10EA70000000000000000000000000000000000096
:10EA80000000000000000000000000000000000086
:10EA90000000000000000000000000000000000076
:10EAA0000000000000000000000000000000000066
:10EAB0000000000000000000000000000000000056
:10EAC0000000000000000000000000000000000046
:10EAD0000000000000000000000000000000000036
:10EAE0000000000000000000000000000000000026
:10EAF0000000000000000000000000000000000016
:10EB00000000000000000000000000000000000005
:10EB100000000000000000000000000000000000F5
:10EB200000000000000000000000000000000000E5
:10EB300000000000000000000000000000000000D5
:10EB400000000000000000000000000000000000C5
:10EB500000000000000000000000000000000000B5
:10EB600000000000000000000000000000000000A5
:10EB70000000000000000000000000000000000095
:10EB80000000000000000000000000000000000085
:10EB90000000000000000000000000000000000075
:10EBA0000000000000000000000000000000000065
:10EBB0000000000000000000000000000000000055
:10EBC0000000000000000000000000000000000045
:10EBD0000000000000000000000000000000000035
:10EBE0000000000000000000000000000000000025
:10EBF0000000000000000000000000000000000015
:10EC00000000000000000000000000000000000004
:10EC100000000000000000000000000000000000F4
:10EC200000000000000000000000000000000000E4
:10EC300000000000000000000000000000000000D4
:10EC400000000000000000000000000000000000C4
:10EC500000000000000000000000000000000000B4
:10EC600000000000000000000000000000000000A4
:10EC70000000000000000000000000000000000094
:10EC80000000000000000000000000000000000084
:10EC90000000000000000000000000000000000074
:10ECA0000000000000000000000000000000000064
:10ECB0000000000000000000000000000000000054
:10ECC0000000000000000000000000000000000044
:10ECD0000000000000000000000000000000000034
:10ECE0000000000000000000000000000000000024
:10ECF0000000000000000000000000000000000014
:10ED00000000000000000000000000000000000003
:10ED100000000000000000000000000000000000F3
:10ED200000000000000000000000000000000000E3
:10ED300000000000000000000000000000000000D3
:10ED400000000000000000000000000000000000C3
:10ED500000000000000000000000000000000000B3
:10ED600000000000000000000000000000000000A3
:10ED70000000000000000000000000000000000093
:10ED80000000000000000000000000000000000083
:10ED90000000000000000000000000000000000073
:10EDA0000000000000000000000000000000000063
:10EDB0000000000000000000000000000000000053
:10EDC0000000000000000000000000000000000043
:10EDD0000000000000000000000000000000000033
:10EDE0000000000000000000000000000000000023
:10EDF0000000000000000000000000000000000013
:10EE00000000000000000000000000000000000002
:10EE100000000000000000000000000000000000F2
:10EE200000000000000000000000000000000000E2
:10EE300000000000000000000000000000000000D2
:10EE400000000000000000000000000000000000C2
:10EE500000000000000000000000000000000000B2
:10EE600000000000000000000000000000000000A2
:10EE70000000000000000000000000000000000092
:10EE80000000000000000000000000000000000082
:10EE90000000000000000000000000000000000072
:10EEA0000000000000000000000000000000000062
:10EEB0000000000000000000000000000000000052
:10EEC0000000000000000000000000000000000042
:10EED0000000000000000000000000000000000032
:10EEE0000000000000000000000000000000000022
:10EEF0000000000000000000000000000000000012
:10EF00000000000000000000000000000000000001
:10EF100000000000000000000000000000000000F1
:10EF200000000000000000000000000000000000E1
:10EF300000000000000000000000000000000000D1
:10EF400000000000000000000000000000000000C1
:10EF500000000000000000000000000000000000B1
:10EF600000000000000000000000000000000000A1
:10EF70000000000000000000000000000000000091
:10EF80000000000000000000000000000000000081
:10EF90000000000000000000000000000000000071
:10EFA0000000000000000000000000000000000061
:10EFB0000000000000000000000000000000000051
:10EFC0000000000000000000000000000000000041
:10EFD0000000000000000000000000000000000031
:10EFE0000000000000000000000000000000000021
:10EFF0000000000000000000000000000000000011
:10F00000F40B1224380424090E0A00010101021233
:10F010002400380424090000040C01010000000051
:10F020000000297200000000000000000009010A31
:10F0300000013C4188020000281E200000101C0036
:10F0400000101C0000101C0000101C0000101C0010
:10F0500000101C0000101C0000101C0000001C0010
:10F0600000101C0000101C0000101C0000001C0000
:10F0700000101C0000101C0000101C00000000000C
:10F08000000101000000000000000000000000007E
:10F09000000000000000000000000100010101006C
:10F0A0000001010101000101010100010000010056
:10F0B00001000001000000000F0000000107010333
:10F0C000020314000A0A4000000046003C00000051
:10F0D0000000000000000000000000000000000030
:10F0E0000000000000000000C800C8009600960064
:10F0F00007078000800005050000000000000000F8
:10F1000006010000E5FF0000F6FF1E005A00F1FFB7
:10F11000F9FFECFFFF7FFF7FFF7FFF7F50002C0197
:10F1200050004B000A04B4B4323223050000000042
:10F1300000070D0000240D000000001224242424E8
:10F1400024242424242424242424242424240000C7
:10F1500000000000000000000000000000000000AF
:10F160000A05000A00000000170F0012101200002C
:10F17000000000000000000000000000000000008F
:10F18000000000000F23283C465000006E696664B2
:10F190005050505008000000000000000F23283C91
:10F1A000465000006E696664505050500F141E287F
:10F1B000000000000A0A0A0A0A0A0A0A192D414632
:10F1C00000000000554B413C3C3C3C3C0000000032
:10F1D00003031400C800F1FF21001E001B00BC0245
:10F1E00000000000F8FF000050003200C0002800BE
:10F1F0000F000F0068012C01F401F8020000370431
:10F2000000002309F4010000370400002309321430
:10F21000021E1E3202009600130022001E001A0475
:10F220001E00060900000000380430002000010024
:10F23000220000003A00520070008F00AF00CF00A3
:10F24000EF000F012E014F016E018E01AD01CE01C5
:10F25000EC010F022D024D026D028D02AC02CC02B8
:10F26000EB020B032B034A036A038903AA03C903B6
:10F27000E703FF0337040000000000000000000067
:10F28000000000000000000000000000000000007E
:10F29000000000000000000000000000000000006E
:10F2A000000000000000000000000000000000005E
:10F2B000000000000000000000000000000000004E
:10F2C000000000000000000000000000000000003E
:10F2D000000000000000000000000000000000002E
:10F2E000000000000000000000000000000000001E
:10F2F000000000000000000000002409300046006B
:10F300000100480000003C00430066008500A900A1
:10F31000C800E90009012A0149016B018901AB011B
:10F32000C901EB0109022B024A026C028A02AC02FB
:10F33000CA02EC020B032D034B036D038B03AE03D8
:10F34000CB03EE030C042F044C046F048B04AF04B6
:10F35000CC04EF040D0530054D0570058D05B00595
:10F36000CD05F1050D0630064E0672068E06B10675
:10F37000CE06F2060F073207500773079007B30750
:10F38000D107F40711083408520875089108B1082C
:10F39000C608E708000000000000000000000000B0
:10F3A000000000000000000000000000000000005D
:10F3B000000000000000000000000000000000004D
:10F3C000000000000000000000000000000000003D
:10F3D0000201050019450000F16C000084D9060007
:10F3E00029B1010010270000C40900000101020337
:10F3F00003000000000005050505050000000000F1
:10F40000014B0F008C000000000000000101010210
:10F4100003030000000000050505050500000000CD
:10F4200000000000194500000400000024F4000062
:10F430000000000014140A0A080000000000000088
:10F440001414181801010101010040003200E80302
:10F450000F000800C400190000005A000F00140F2C
:10F46000141E8C00B400146414005000000000004E
:10F47000141E8C00B40014641400500028A03C003A
:10F480009001146428009600000000014101000072
:10F490000000000078000D0D0E0C320032006400F8
:10F4A0000A003200020064002C010F02E8E8F800B4
:10F4B000F8000200410000006A00750081008E0023
:10F4C0009D00AC00BD00CF00E200F7000D01260159
:10F4D00040015C0179019901BC01E00106023002A2
:10F4E0005B028902BA02EE0224035D039A03D90388
:10F4F0001B046004A904F40443059505E9054106CD
:10F500009C06FA065B07BE0724088D08F808650903
:10F51000D409450AB80A2D0BA20B190C900C080D42
:10F52000800DF80D6F0EE60E5C0FD00F4210B31079
:10F5300021118C11F4115912BA1217137013C4133C
:10F5400013145D14A114E01418154B1577159C15B0
:10F55000BB15D415E515EF15F3156A00750081008C
:10F560008E009D00AC00BD00CF00E200F7000D0151
:10F57000260140015C0179019901BC01E00106020C
:10F5800030025B028902BA02EE0224035D039A0391
:10F59000D9031B046004A904F40443059505E90597
:10F5A00041069C06FA065B07BE0724088D08F8088A
:10F5B0006509D409450AB80A2D0BA20B190C900C49
:10F5C000080D800DF80D6F0EE60E5C0FD00F421087
:10F5D000B31021118C11F4115912BA1217137013B0
:10F5E000C41313145D14A114E01418154B157715EA
:10F5F0009C15BB15D415E515EF15F315A500B30043
:10F60000C300D400E700FA000F0126013E015701B4
:10F6100072018F01AE01CF01F10116023C026502B9
:10F620009002BD02ED021E0352038903C203FE03D2
:10F630003C047C04BF0405054D059805E505350629
:10F640008706DB0632078A07E5074208A108010999
:10F650006309C7092C0A920AF90A600BC80B310C1E
:10F660009A0C020D6B0DD20D390E9F0E040F670F11
:10F67000C80F27108410DE1035118911DA112812F5
:10F680007112B712F81235136D13A013CF13F813BC
:10F690001C143B145414681476147E1481149800BE
:10F6A000A600B500C500D700EA00FE0013012B013B
:10F6B00043015E017A019801B701D901FD012202DF
:10F6C0004A027502A102D002010335036B03A403B1
:10F6D000DF031D045D04A004E6042E057905C705BB
:10F6E00017066A06BF0616077007CC072B088B089B
:10F6F000ED085109B6091D0A850AEF0A590BC40B1A
:10F700002F0C9A0C060D710DDC0D460EAF0E170F67
:10F710007D0FE10F4310A31001115B11B21106120E
:10F720005612A212EB122E136D13A813DD130D1433
:10F7300038145E147E149814AD14BB14C414C7148A
:10F740005500550045004200000000008C00BE003E
:10F75000F000320005000000000000000000000082
:10F760000000000000000000000000000000000099
:10F770000000000000000000000000000000000089
:10F780000000000000000000000000000000000079
:10F790000000000000000000000000000000000069
:10F7A0000000000000000000000000000000000059
:10F7B0000000000000000000000000000000000049
:10F7C0000000000000000000000000000000000039
:10F7D0000000000000000000000000000000000029
:10F7E0000000000000000000000000000000000019
:10F7F0000000000000000000000000000000000009
:10F8000000000000000000000000000000000000F8
:10F8100000000000000000000000000000000000E8
:10F8200000000000000000000000000000000000D8
:10F8300000000000000000000000000000000000C8
:10F8400000000000000000000000000000000000B8
:10F8500000000000000000000000000000000000A8
:10F860000000000000000000000000000000000098
:10F870000000000000000000000000000000000088
:10F880000000000000000000000000000000000078
:10F890000000000000000000000000000000000068
:10F8A0000000000000000000000000000000000058
:10F8B0000000000000000000000000000000000048
:10F8C0000000000000000000000000000000000038
:10F8D0000000000000000000000000000000000028
:10F8E0000000000000000000000000000000000018
:10F8F0000000000000000000000000000000000008
:10F9000000000000000000000000000000000000F7
:10F9100000000000000000000000000000000000E7
:10F9200000000000000000000000000000000000D7
:10F9300000000000000000000000000000000000C7
:10F9400000000000000000000000000000000000B7
:10F9500000000000000000000000000000000000A7
:10F960000000000000000000000000000000000097
:10F970000000000000000000000000000000000087
:10F980000000000000000000000000000000000077
:10F990000000000000000000000000000000000067
:10F9A0000000000000000000000000000000000057
:10F9B0000000000000000000000000000000000047
:10F9C0000000000000000000000000000000000037
:10F9D0000000000000000000000000000000000027
:10F9E0000000000000000000000000000000000017
:10F9F0000000000000000000000000000000000007
:10FA000000000000000000000000000000000000F6
:10FA100000000000000000000000000000000000E6
:10FA200000000000000000000000000000000000D6
:10FA300000000000000000000000000000000000C6
:10FA400000000000000000000000000000000000B6
:10FA500000000000000000000000000000000000A6
:10FA60000000000000000000000000000000000096
:10FA70000000000000000000000000000000000086
:10FA80000000000000000000000000000000000076
:10FA90000000000000000000000000000000000066
:10FAA0000000000000000000000000000000000056
:10FAB0000000000000000000000000000000000046
:10FAC0000000000000000000000000000000000036
:10FAD0000000000000000000000000000000000026
:10FAE0000000000000000000000000000000000016
:10FAF0000000000000000000000000000000000006
:10FB000000000000000000000000000000000000F5
:10FB100000000000000000000000000000000000E5
:10FB200000000000000000000000000000000000D5
:10FB300000000000000000000000000000000000C5
:10FB400000000000000000000000000000000000B5
:10FB500000000000000000000000000000000000A5
:10FB60000000000000000000000000000000000095
:10FB70000000000000000000000000000000000085
:10FB80000000000000000000000000000000000075
:10FB90000000000000000000000000000000000065
:10FBA0000000000000000000000000000000000055
:10FBB0000000000000000000000000000000000045
:10FBC0000000000000000000000000000000000035
:10FBD0000000000000000000000000000000000025
:10FBE0000000000000000000000000000000000015
:10FBF0000000000000000000000000000000000005
:10FC000000000000000000000000000000000000F4
:10FC100000000000000000000000000000000000E4
:10FC200000000000000000000000000000000000D4
:10FC300000000000000000000000000000000000C4
:10FC400000000000000000000000000000000000B4
:10FC500000000000000000000000000000000000A4
:10FC60000000000000000000000000000000000094
:10FC70000000000000000000000000000000000084
:10FC80000000000000000000000000000000000074
:10FC90000000000000000000000000000000000064
:10FCA0000000000000000000000000000000000054
:10FCB0000000000000000000000000000000000044
:10FCC0000000000000000000000000000000000034
:10FCD0000000000000000000000000000000000024
:10FCE0000000000000000000000000000000000014
:10FCF0000000000000000000000000000000000004
:10FD000000000000000000000000000000000000F3
:10FD100000000000000000000000000000000000E3
:10FD200000000000000000000000000000000000D3
:10FD300000000000000000000000000000000000C3
:10FD400000000000000000000000000000000000B3
:10FD500000000000000000000000000000000000A3
:10FD60000000000000000000000000000000000093
:10FD70000000000000000000000000000000000083
:10FD80000000000000000000000000000000000073
:10FD90000000000000000000000000000000000063
:10FDA0000000000000000000000000000000000053
:10FDB0000000000000000000000000000000000043
:10FDC0000000000000000000000000000000000033
:10FDD0000000000000000000000000000000000023
:10FDE0000000000000000000000000000000000013
:10FDF0000000000000000000000000000000000003
:10FE000000000000000000000000000000000000F2
:10FE100000000000000000000000000000000000E2
:10FE200000000000000000000000000000000000D2
:10FE300000000000000000000000000000000000C2
:10FE400000000000000000000000000000000000B2
:10FE500000000000000000000000000000000000A2
:10FE60000000000000000000000000000000000092
:10FE70000000000000000000000000000000000082
:10FE80000000000000000000000000000000000072
:10FE90000000000000000000000000000000000062
:10FEA0000000000000000000000000000000000052
:10FEB0000000000000000000000000000000000042
:10FEC0000000000000000000000000000000000032
:10FED0000000000000000000000000000000000022
:10FEE0000000000000000000000000000000000012
:10FEF0000000000000000000000000000000000002
:10FF000000000000000000000000000000000000F1
:10FF100000000000000000000000000000000000E1
:10FF200000000000000000000000000000000000D1
:10FF300000000000000000000000000000000000C1
:10FF400000000000000000000000000000000000B1
:10FF500000000000000000000000000000000000A1
:10FF60000000000000000000000000000000000091
:10FF70000000000000000000000000000000000081
:10FF80000000000000000000000000000000000071
:10FF90000000000000000000000000000000000061
:10FFA0000000000000000000000000000000000051
:10FFB0000000000000000000000000000000000041
:10FFC0000000000000000000000000000000000031
:10FFD0000000000000000000000000000000000021
:10FFE0000000000000000000000000000000000011
:10FFF0004E4F022900F4000000000000004E56544D
:020000022000DC
:1000000066665A420000484300008C410C00B7402D
:100010000000000000000000000000000A000000D6
:1000200000000000000000000000000000000000D0
:10003000002492000000000020508B01907B0205FC
:1000400041525B14810B00000042525B14810B0093
:10005000000043525B14810B00000046525B148188
:100060000B00000047525B14810B000000000000F1
:100070000000000000000000000000000000000080
:100080000000000000000000000000000000000070
:100090000000000000000000000000000000000060
:1000A0000000000000000000000000000000000050
:1000B0000000000000000000000000000000000040
:1000C0000000000000000000000000000000000030
:1000D0000000000000000000000000000000000020
:1000E0000000000000000000000000000000000010
:1000F0000000000000000000000000000000000000
:100100000000000000001101101500002002100185
:1001100000003003000200008004000300004005DE
:10012000000400005006000000006007000000000E
:1001300070080000000090000000000000100100A6
:100140000000022000000000030000000000040086
:100150000000000005000000000006000000000094
:100160000700000000000800000000000900000077
:10017000000000000000000000000000000000007F
:10018000000000000000000000000000000000006F
:10019000000000000000000000000000000000005F
:1001A000000000000000000000000000000000004F
:1001B000000000000000000000000000000000003F
:1001C000000000000000F611000000000000000028
:1001D000000000000000000000000000000000001F
:1001E000000000000000000000000000000000000F
:1001F00000000000000000000000000000000000FF
:1002000000000000000000000000000000000000EE
:1002100000000000000000000000000000000000DE
:1002200000000000000000000000000000000000CE
:1002300000000000000000000000000000000000BE
:1002400000000000000000000000000000000000AE
:10025000000000000000000000000000000000009E
:10026000000000000000000000000000000000008E
:10027000000000000000000000000000000000007E
:10028000000000000000000000000000000000006E
:10029000000000000000000000000000000000005E
:1002A000000000000000000000000000000000004E
:1002B000000000000000000000000000000000003E
:1002C000000000000000000000000000000000002E
:1002D000000000000000000000000000000000001E
:1002E000000000000000000000000000000000000E
:1002F00000000000000000000000000000000000FE
:1003000000000000000000000000000000000000ED
:1003100000000000000000000000000000000000DD
:1003200000000000000000000000000000000000CD
:1003300000000000000000000000000000000000BD
:1003400000000000000000000000000000000000AD
:10035000000000000000000000000000000000009D
:10036000000000000000000000000000000000008D
:10037000000000000000000000000000000000007D
:10038000000000000000000000000000000000006D
:10039000000000000000000000000000000000005D
:1003A000000000000000000000000000000000004D
:1003B000000000000000000000000000000000003D
:1003C000000000000000000000000000000000002D
:1003D000000000000000000000000000000000001D
:1003E000000000000000000000000000000000000D
:1003F00000000000000000000000000000000000FD
:1004000000000000000000000000000000000000EC
:1004100000000000000000000000000000000000DC
:1004200000000000000000000000000000000000CC
:1004300000000000000000000000000000000000BC
:1004400000000000000000000000000000000000AC
:10045000000000000000000000000000000000009C
:10046000000000000000000000000000000000008C
:10047000000000000000000000000000000000007C
:10048000000000000000000000000000000000006C
:10049000000000000000000000000000000000005C
:1004A000000000000000000000000000000000004C
:1004B000000000000000000000000000000000003C
:1004C000000000000000000000000000000000002C
:1004D000000000000000000000000000000000001C
:1004E000000000000000000000000000000000000C
:1004F00000000000000000000000000000000000FC
:1005000000000000000000000000000000000000EB
:1005100000000000000000000000000000000000DB
:1005200000000000000000000000000000000000CB
:1005300000000000000000000000000000000000BB
:1005400000000000000000000000000000000000AB
:10055000000000000000000000000000000000009B
:10056000000000000000000000000000000000008B
:10057000000000000000000000000000000000007B
:10058000000000000000000000000000000000006B
:10059000000000000000000000000000000000005B
:1005A000000000000000000000000000000000004B
:1005B000000000000000000000000000000000003B
:1005C000000000000000000000000000000000002B
:1005D000000000000000000000000000000000001B
:1005E000000000000000000000000000000000000B
:1005F00000000000000000000000000000000000FB
:1006000000000000000000000000000000000000EA
:1006100000000000000000000000000000000000DA
:1006200000000000000000000000000000000000CA
:1006300000000000000000000000000000000000BA
:1006400000000000000000000000000000000000AA
:10065000000000000000000000000000000000009A
:10066000000000000000000000000000000000008A
:10067000000000000000000000000000000000007A
:10068000000000000000000000000000000000006A
:10069000000000000000000000000000000000005A
:1006A000000000000000000000000000000000004A
:1006B000000000000000000000000000000000003A
:1006C000000000000000000000000000000000002A
:1006D000000000000000000000000000000000001A
:1006E000000000000000000000000000000000000A
:1006F00000000000000000000000000000000000FA
:1007000000000000000000000000000000000000E9
:1007100000000000000000000000000000000000D9
:1007200000000000000000000000000000000000C9
:1007300000000000000000000000000000000000B9
:1007400000000000000000000000000000000000A9
:100750000000000000000000000000000000000099
:100760000000000000000000000000000000000089
:100770000000000000000000000000000000000079
:100780000000000000000000000000000000000069
:100790000000000000000000000000000000000059
:1007A0000000000000000000000000000000000049
:1007B0000000000000000000000000000000000039
:1007C0000000000000000000000000000000000029
:1007D0000000000000000000000000000000000019
:1007E0000000000000000000000000000000000009
:1007F00000000000000000000000000000000000F9
:1008000000000000000000000000000000000000E8
:1008100000000000000000000000000000000000D8
:1008200000000000000000000000000000000000C8
:1008300000000000000000000000000000000000B8
:1008400000000000000000000000000000000000A8
:100850000000000000000000000000000000000098
:100860000000000000000000000000000000000088
:100870000000000000000000000000000000000078
:100880000000000000000000000000000000000068
:100890000000000000000000000000000000000058
:1008A0000000000000000000000000000000000048
:1008B0000000000000000000000000000000000038
:1008C0000000000000000000000000000000000028
:1008D0000000000000000000000000000000000018
:1008E0000000000000000000000000000000000008
:1008F00000000000000000000000000000000000F8
:1009000000000000000000000000000000000000E7
:1009100000000000000000000000000000000000D7
:1009200000000000000000000000000000000000C7
:1009300000000000000000000000000000000000B7
:1009400000000000000000000000000000000000A7
:100950000000000000000000000000000000000097
:100960000000000000000000000000000000000087
:100970000000000000000000000000000000000077
:100980000000000000000000000000000000000067
:100990000000000000000000000000000000000057
:1009A0000000000000000000000000000000000047
:1009B0000000000000000000000000000000000037
:1009C0000000000000000000000000000000000027
:1009D0000000000000000000000000000000000017
:1009E0000000000000000000000000000000000007
:1009F00000000000000000000000000000000000F7
:100A000000000000000000000000000000000000E6
:100A100000000000000000000000000000000000D6
:100A200000000000000000000000000000000000C6
:100A300000000000000000000000000000000000B6
:100A400000000000000000000000000000000000A6
:100A50000000000000000000000000000000000096
:100A60000000000000000000000000000000000086
:100A70000000000000000000000000000000000076
:100A80000000000000000000000000000000000066
:100A90000000000000000000000000000000000056
:100AA0000000000000000000000000000000000046
:100AB0000000000000000000000000000000000036
:100AC0000000000000000000000000000000000026
:100AD0000000000000000000000000000000000016
:100AE0000000000000000000000000000000000006
:100AF00000000000000000000000000000000000F6
:100B000000000000000000000000000000000000E5
:100B100000000000000000000000000000000000D5
:100B200000000000000000000000000000000000C5
:100B300000000000000000000000000000000000B5
:100B400000000000000000000000000000000000A5
:100B50000000000000000000000000000000000095
:100B60000000000000000000000000000000000085
:100B70000000000000000000000000000000000075
:100B80000000000000000000000000000000000065
:100B90000000000000000000000000000000000055
:100BA0000000000000000000000000000000000045
:100BB0000000000000000000000000000000000035
:100BC0000000000000000000000000000000000025
:100BD0000000000000000000000000000000000015
:100BE0000000000000000000000000000000000005
:100BF00000000000000000000000000000000000F5
:100C000000000000000000000000000000000000E4
:100C100000000000000000000000000000000000D4
:100C200000000000000000000000000000000000C4
:100C300000000000000000000000000000000000B4
:100C400000000000000000000000000000000000A4
:100C50000000000000000000000000000000000094
:100C60000000000000000000000000000000000084
:100C70000000000000000000000000000000000074
:100C80000000000000000000000000000000000064
:100C90000000000000000000000000000000000054
:100CA0000000000000000000000000000000000044
:100CB0000000000000000000000000000000000034
:100CC0000000000000000000000000000000000024
:100CD0000000000000000000000000000000000014
:100CE0000000000000000000000000000000000004
:100CF00000000000000000000000000000000000F4
:100D000000000000000000000000000000000000E3
:100D100000000000000000000000000000000000D3
:100D200000000000000000000000000000000000C3
:100D300000000000000000000000000000000000B3
:100D400000000000000000000000000000000000A3
:100D50000000000000000000000000000000000093
:100D60000000000000000000000000000000000083
:100D70000000000000000000000000000000000073
:100D80000000000000000000000000000000000063
:100D90000000000000000000000000000000000053
:100DA0000000000000000000000000000000000043
:100DB0000000000000000000000000000000000033
:100DC0000000000000000000000000000000000023
:100DD0000000000000000000000000000000000013
:100DE0000000000000000000000000000000000003
:100DF00000000000000000000000000000000000F3
:100E000000000000000000000000000000000000E2
:100E100000000000000000000000000000000000D2
:100E200000000000000000000000000000000000C2
:100E300000000000000000000000000000000000B2
:100E400000000000000000000000000000000000A2
:100E50000000000000000000000000000000000092
:100E60000000000000000000000000000000000082
:100E70000000000000000000000000000000000072
:100E80000000000000000000000000000000000062
:100E90000000000000000000000000000000000052
:100EA0000000000000000000000000000000000042
:100EB0000000000000000000000000000000000032
:100EC0000000000000000000000000000000000022
:100ED0000000000000000000000000000000000012
:100EE0000000000000000000000000000000000002
:100EF00000000000000000000000000000000000F2
:100F000000000000000000000000000000000000E1
:100F100000000000000000000000000000000000D1
:100F200000000000000000000000000000000000C1
:100F300000000000000000000000000000000000B1
:100F400000000000000000000000000000000000A1
:100F50000000000000000000000000000000000091
:100F60000000000000000000000000000000000081
:100F70000000000000000000000000000000000071
:100F80000000000000000000000000000000000061
:100F90000000000000000000000000000000000051
:100FA0000000000000000000000000000000000041
:100FB0000000000000000000000000000000000031
:100FC0000000000000000000000000000000000021
:100FD0000000000000000000000000000000000011
:100FE0000000000000000000000000000000000001
:100FF00000000000000000000000000000000000F1
:1010000000000000000000000000000000000000E0
:1010100000000000000000000000000000000000D0
:1010200000000000000000000000000000000000C0
:1010300000000000000000000000000000000000B0
:1010400000000000000000000000000000000000A0
:101050000000000000000000000000000000000090
:101060000000000000000000000000000000000080
:101070000000000000000000000000000000000070
:101080000000000000000000000000000000000060
:101090000000000000000000000000000000000050
:1010A0000000000000000000000000000000000040
:1010B0000000000000000000000000000000000030
:1010C0000000000000000000000000000000000020
:1010D0000000000000000000000000000000000010
:1010E0000000000000000000000000000000000000
:1010F00000000000000000000000000000000000F0
:1011000000000000000000000000000000000000DF
:1011100000000000000000000000000000000000CF
:1011200000000000000000000000000000000000BF
:1011300000000000000000000000000000000000AF
:10114000000000000000000000000000000000009F
:10115000000000000000000000000000000000008F
:10116000000000000000000000000000000000007F
:10117000000000000000000000000000000000006F
:10118000000000000000000000000000000000005F
:10119000000000000000000000000000000000004F
:1011A000000000000000000000000000000000003F
:1011B000000000000000000000000000000000002F
:1011C000000000000000000000000000000000001F
:1011D000000000000000000000000000000000000F
:1011E00000000000000000000000000000000000FF
:1011F00000000000000000000000000000000000EF
:1012000000000000000000000000000000000000DE
:1012100000000000000000000000000000000000CE
:1012200000000000000000000000000000000000BE
:1012300000000000000000000000000000000000AE
:10124000000000000000000000000000000000009E
:10125000000000000000000000000000000000008E
:10126000000000000000000000000000000000007E
:10127000000000000000000000000000000000006E
:10128000000000000000000000000000000000005E
:10129000000000000000000000000000000000004E
:1012A000000000000000000000000000000000003E
:1012B000000000000000000000000000000000002E
:1012C000000000000000000000000000000000001E
:1012D000000000000000000000000000000000000E
:1012E00000000000000000000000000000000000FE
:1012F00000000000000000000000000000000000EE
:1013000000000000000000000000000000000000DD
:1013100000000000000000000000000000000000CD
:1013200000000000000000000000000000000000BD
:1013300000000000000000000000000000000000AD
:10134000000000000000000000000000000000009D
:10135000000000000000000000000000000000008D
:10136000000000000000000000000000000000007D
:10137000000000000000000000000000000000006D
:10138000000000000000000000000000000000005D
:10139000000000000000000000000000000000004D
:1013A000000000000000000000000000000000003D
:1013B000000000000000000000000000000000002D
:1013C000000000000000000000000000000000001D
:1013D000000000000000000000000000000000000D
:1013E00000000000000000000000000000000000FD
:1013F00000000000000000000000000000000000ED
:1014000000000000000000000000000000000000DC
:1014100000000000000000000000000000000000CC
:1014200000000000000000000000000000000000BC
:1014300000000000000000000000000000000000AC
:10144000000000000000000000000000000000009C
:10145000000000000000000000000000000000008C
:10146000000000000000000000000000000000007C
:10147000000000000000000000000000000000006C
:10148000000000000000000000000000000000005C
:10149000000000000000000000000000000000004C
:1014A000000000000000000000000000000000003C
:1014B000000000000000000000000000000000002C
:1014C000000000000000000000000000000000001C
:1014D000000000000000000000000000000000000C
:1014E00000000000000000000000000000000000FC
:1014F00000000000000000000000000000000000EC
:1015000000000000000000000000000000000000DB
:1015100000000000000000000000000000000000CB
:1015200000000000000000000000000000000000BB
:1015300000000000000000000000000000000000AB
:10154000000000000000000000000000000000009B
:10155000000000000000000000000000000000008B
:10156000000000000000000000000000000000007B
:10157000000000000000000000000000000000006B
:10158000000000000000000000000000000000005B
:10159000000000000000000000000000000000004B
:1015A000000000000000000000000000000000003B
:1015B000000000000000000000000000000000002B
:1015C000000000000000000000000000000000001B
:1015D000000000000000000000000000000000000B
:1015E00000000000000000000000000000000000FB
:1015F00000000000000000000000000000000000EB
:1016000000000000000000000000000000000000DA
:1016100000000000000000000000000000000000CA
:1016200000000000000000000000000000000000BA
:1016300000000000000000000000000000000000AA
:10164000000000000000000000000000000000009A
:10165000000000000000000000000000000000008A
:10166000000000000000000000000000000000007A
:10167000000000000000000000000000000000006A
:10168000000000000000000000000000000000005A
:10169000000000000000000000000000000000004A
:1016A000000000000000000000000000000000003A
:1016B000000000000000000000000000000000002A
:1016C000000000000000000000000000000000001A
:1016D000000000000000000000000000000000000A
:1016E00000000000000000000000000000000000FA
:1016F00000000000000000000000000000000000EA
:1017000000000000000000000000000000000000D9
:1017100000000000000000000000000000000000C9
:1017200000000000000000000000000000000000B9
:1017300000000000000000000000000000000000A9
:101740000000000000000000000000000000000099
:101750000000000000000000000000000000000089
:101760000000000000000000000000000000000079
:101770000000000000000000000000000000000069
:101780000000000000000000000000000000000059
:101790000000000000000000000000000000000049
:1017A0000000000000000000000000000000000039
:1017B0000000000000000000000000000000000029
:1017C0000000000000000000000000000000000019
:1017D0000000000000000000000000000000000009
:1017E00000000000000000000000000000000000F9
:1017F00000000000000000000000000000000000E9
:1018000000000000000000000000000000000000D8
:1018100000000000000000000000000000000000C8
:1018200000000000000000000000000000000000B8
:1018300000000000000000000000000000000000A8
:101840000000000000000000000000000000000098
:101850000000000000000000000000000000000088
:101860000000000000000000000000000000000078
:101870000000000000000000000000000000000068
:101880000000000000000000000000000000000058
:101890000000000000000000000000000000000048
:1018A0000000000000000000000000000000000038
:1018B0000000000000000000000000000000000028
:1018C0000000000000000000000000000000000018
:1018D0000000000000000000000000000000000008
:1018E00000000000000000000000000000000000F8
:1018F00000000000000000000000000000000000E8
:1019000000000000000000000000000000000000D7
:1019100000000000000000000000000000000000C7
:1019200000000000000000000000000000000000B7
:1019300000000000000000000000000000000000A7
:101940000000000000000000000000000000000097
:101950000000000000000000000000000000000087
:101960000000000000000000000000000000000077
:101970000000000000000000000000000000000067
:101980000000000000000000000000000000000057
:101990000000000000000000000000000000000047
:1019A0000000000000000000000000000000000037
:1019B0000000000000000000000000000000000027
:1019C0000000000000000000000000000000000017
:1019D0000000000000000000000000000000000007
:1019E00000000000000000000000000000000000F7
:1019F00000000000000000000000000000000000E7
:101A000000000000000000000000000000000000D6
:101A100000000000000000000000000000000000C6
:101A200000000000000000000000000000000000B6
:101A300000000000000000000000000000000000A6
:101A40000000000000000000000000000000000096
:101A50000000000000000000000000000000000086
:101A60000000000000000000000000000000000076
:101A70000000000000000000000000000000000066
:101A80000000000000000000000000000000000056
:101A90000000000000000000000000000000000046
:101AA0000000000000000000000000000000000036
:101AB0000000000000000000000000000000000026
:101AC0000000000000000000000000000000000016
:101AD0000000000000000000000000000000000006
:101AE00000000000000000000000000000000000F6
:101AF00000000000000000000000000000000000E6
:101B000000000000000000000000000000000000D5
:101B100000000000000000000000000000000000C5
:101B200000000000000000000000000000000000B5
:101B300000000000000000000000000000000000A5
:101B40000000000000000000000000000000000095
:101B50000000000000000000000000000000000085
:101B60000000000000000000000000000000000075
:101B70000000000000000000000000000000000065
:101B80000000000000000000000000000000000055
:101B90000000000000000000000000000000000045
:101BA0000000000000000000000000000000000035
:101BB0000000000000000000000000000000000025
:101BC0000000000000000000000000000000000015
:101BD0000000000000000000000000000000000005
:101BE00000000000000000000000000000000000F5
:101BF00000000000000000000000000000000000E5
:101C000000000000000000000000000000000000D4
:101C100000000000000000000000000000000000C4
:101C200000000000000000000000000000000000B4
:101C300000000000000000000000000000000000A4
:101C40000000000000000000000000000000000094
:101C50000000000000000000000000000000000084
:101C60000000000000000000000000000000000074
:101C70000000000000000000000000000000000064
:101C80000000000000000000000000000000000054
:101C90000000000000000000000000000000000044
:101CA0000000000000000000000000000000000034
:101CB0000000000000000000000000000000000024
:101CC0000000000000000000000000000000000014
:101CD0000000000000000000000000000000000004
:101CE00000000000000000000000000000000000F4
:101CF00000000000000000000000000000000000E4
:101D000000000000000000000000000000000000D3
:101D100000000000000000000000000000000000C3
:101D200000000000000000000000000000000000B3
:101D300000000000000000000000000000000000A3
:101D40000000000000000000000000000000000093
:101D50000000000000000000000000000000000083
:101D60000000000000000000000000000000000073
:101D70000000000000000000000000000000000063
:101D80000000000000000000000000000000000053
:101D90000000000000000000000000000000000043
:101DA0000000000000000000000000000000000033
:101DB0000000000000000000000000000000000023
:101DC0000000000000000000000000000000000013
:101DD0000000000000000000000000000000000003
:101DE00000000000000000000000000000000000F3
:101DF00000000000000000000000000000000000E3
:101E000000000000000000000000000000000000D2
:101E100000000000000000000000000000000000C2
:101E200000000000000000000000000000000000B2
:101E300000000000000000000000000000000000A2
:101E40000000000000000000000000000000000092
:101E50000000000000000000000000000000000082
:101E60000000000000000000000000000000000072
:101E70000000000000000000000000000000000062
:101E80000000000000000000000000000000000052
:101E90000000000000000000000000000000000042
:101EA0000000000000000000000000000000000032
:101EB0000000000000000000000000000000000022
:101EC0000000000000000000000000000000000012
:101ED0000000000000000000000000000000000002
:101EE00000000000000000000000000000000000F2
:101EF00000000000000000000000000000000000E2
:101F000000000000000000000000000000000000D1
:101F100000000000000000000000000000000000C1
:101F200000000000000000000000000000000000B1
:101F300000000000000000000000000000000000A1
:101F40000000000000000000000000000000000091
:101F50000000000000000000000000000000000081
:101F60000000000000000000000000000000000071
:101F70000000000000000000000000000000000061
:101F80000000000000000000000000000000000051
:101F90000000000000000000000000000000000041
:101FA0000000000000000000000000000000000031
:101FB0000000000000000000000000000000000021
:101FC0000000000000000000000000000000000011
:101FD0000000000000000000000000000000000001
:101FE00000000000000000000000000000000000F1
:101FF00000000000000000000000000000000000E1
:00000001FF
